제품명,제품소개,알콜도수,용량,성분,특이사항,특징,판매여부,양조장,양조장주소,홈페이지주소,수상경력
이동 생 쌀 막걸리,"포천의 이동주조는 군사지역인 탓에 군인들이 거주하는 경우가 많았는데, 이들이 제대한 후에도 이동막걸리를 잊지 못해 찾아오며 이름을 알리기 시작",6,750ml,"정제수, 백미, 팽화미, 입국, 아스파탐 등",,적절한 산미가 음식맛을 도드라져 갈비찜과 어울린다.,Y,이동주조,경기도 포천시 이동면 화동로 2466,http://edongricewine.modoo.at/,
연천 율무 동동주,"경기도 최북단 DMZ의 민통선에 위치한 연천양조장에서 연천 고래실논에서 재배되는 연천쌀과 누룩, 열천에서 재배된 율무로 빚은 알콜올 15%의 ",14,750ml,"쌀(국내산), 누룩, 효모, 연천 율무, 정제수",,알콜올 도수가 14%로 일반 막걸리의 2배가 넘는 만큼 한여름에는 얼음을 넣어 온더록스로 한잔해도 충분히 제 역할을 하는 제품입니다.,Y,농업회사법인 연천양조㈜,경기도 연천군 마산면 청정로 1738번길 15,https://ksool88.modoo.at/?NaPm=ct%3Dkj7xdaia%7Cci%3Dcheckout%7Ctr%3Dds%7Ctrx%3D%7Chk%3D7a2095c72e4d037a16692c63a0a54b00c1b9f400,
행운 생유자 동동주,유자 동동주는 거제도의 특산품 유자를 활용하여 생산한 막걸리다. 유자 추출액을 발효된 막걸리에 첨가하는 방식이 아니라 발효과정에 첨가하여 제대,6,750ml / 1700ml,"쌀(국내산), 소맥분(미국산), 전분당, 정제수, 유자과즙, 치자, 정제효소, 종국, 효모, 젖산, 아스파탐",,술을 마시고 난 후에도 매우 개운하다. 산미와 신선함이 자칫 술 맛을 가볍게 만들 수 있는데 쌀과 밀을 함께 이용해 적절한 무게감을 갖게 만들,Y,성포양조장,경남 거제시 사등면 지석3길3,http://성포양조장.kr,
오산막걸리,오산막걸리는 오산에서 재배한 세마쌀을 주원료로 누룩과 물 이외에는 인공감미료를 넣지 않고 만든 전통 수제 막걸리다. 인위적인 탄산감이 없어 마,6,500ml,"쌀(국내산), 국, 효모, 정제수",,술을 마시고 난 후에도 개운하고 아주 약하게 남는 곡물의 느낌이 음식과의 조화를 잘 갖추게 해준다. 고기류 보다는 홍어나 오징어 등 무침류와 ,Y,농업회사법인 오산양조㈜,경기도 오산시 시장길 63,http://osansool.com/,
오미자 생막걸리,다섯 가지 맛이 난다고 하여 붙여진 이름처럼 문경주조의 오미자 막걸리는 마실 때마다 색다른 맛을 느낄 수 있다. 과하지 않은 달콤함과 새콤함의,6.5,750ml,"정제수, 백미(국내산), 입국(쌀, 밀), 올리고당, 물엿, 허브(유기농), 오미자 2.4%(국내산, 문경로동산), 정제효소, 아스파탐·아세셀펌칼륨(함성감미료, 메닐알라닌 함유)",2015 찾아가는 양조장,"산뜻한 오미자 특유의 산미 향이 코를 자극시키며, 오미자의 특징인 오미의 조화가 잘 갖춰진 색이 아름다운 막걸리다. 소고기 구이와 잘 어울린다",Y,문경주조,경상북도 문경시 동로면 노은리 192번지,https://mgomijasul.modoo.at/,
가야 프리미엄 막걸리,풍부한 일조량은 받고 자란 김해 쌀로 만든 가야는 감미료를 전혀 넣지 않았음에도 꽃 향기 등이 나고 새콤달콤한 맛을 느낄 수 있다. 상쾌한 감,6,750ml,김해 쌀(100%),,"인공탄산, 인공 감밀가 들어가지 않아 우리나라의 다양한 음식들과 잘 어울린다.",Y,가야양조장,경남 김해시 한림면 한림로 46번길 79-1,https://www.instagram.com/gaya_brewery/?hl=ko,
오매백주,오산백주는 오산에서 재배한 세마쌀을 주원료로 누룩과 물 이외에는 인공감미료를 넣지 않고 만든 전통 수제 막걸리다. 인위적인 탄산감이 없어 마시,12,500ml,"쌀(국내산), 국, 효모, 정제수",,같은 양조장에서 나오는 오산막걸리와는 완전히 다른 느낌으로 견과류와 잘 어울린다.,Y,농업회사법인 오산양조(주),경기도 오산시 시장길 63,http://osansool.com/,
오곡 진상주,"대강양조장에서 생산하고 있는 오곡 진상주는 이름처럼 쌀, 밀, 옥수수, 보리, 조 의 다섯 가지의 곡류로 만들어 마시는 이의 건강을 생각하였으",7,750ml,"쌀, 밀, 보리, 옥수수, 조 등",,고소한 맛이 특징으로 백설기와 잘 어울린다.,Y,대강양조장,충북 단양군 대강면 대강로 60,http://www.krwine.com,
영일만친구 막걸리,"영일만친구 막걸리는 경북 포항을 대표하는 우리쌀로 빚은 막걸리다. 영일만친구 막걸리는 포항시청에서 브랜드를 만들고, 포항공대에서 연구개발하고,",6,750ml,"국내산 쌀, 물엿, 우뭇가사리, 효모, 조제 종국, 정제효소제, 아스파탐, 젖산",,영일만 친구는 우뭇가사리를 넣은 술이다. 우뭇가사리의 풍부한 식이섬유를 함께 마시는 즐거움이 있다. 역시 우뭇가사리 무침과 잘 어울린다.,Y,동해명주,경북 포항시 남구 동해면 일월리 51-1,https://www.yangjo.com/,
연천 아주,경기도 최북단 DMZ의 민통선에 위치한 연천양조장에서 연천 고래실논에서 재배되는 연천쌀과 누룩으로 빚은 쌀막걸리 연천아주는 어머니와 할머니가 ,8,750ml,"쌀(국내산), 누룩, 정제수",,"지역이 연천인 만큼 임진강에서 잡히는 민물고기 매운탕과 함께 즐긴다면, 매운탕 특유의 매운맛을 연천 아주가 잘 잡아준다.",Y,농업회사법인 연천양조㈜,경기도 연천군 마산면 청정로 1738번길 15,https://ksool88.modoo.at/?NaPm=ct%3Dkj7xdaia%7Cci%3Dcheckout%7Ctr%3Dds%7Ctrx%3D%7Chk%3D7a2095c72e4d037a16692c63a0a54b00c1b9f400,
얼떨결에,얼떨결에 스파클링 막걸리는 영월지역에서 생산되는 햅쌀과 국내산 원료를 이용하여 술을빚는 강원도 영월의 지역특산주다. 얼떨결에 스파클링은 자연탄,6,920ml,"쌀(국내산), 정제수, 정제효소, 효모, 젖산, 기타과장, 곡자(밀)",,"탕류, 치킨과 잘 어울린다.",Y,동강주조,강원도 영월군 영월읍 덕포하리 5길 33,https://www.instagram.com/eastriver_brewery/,
아이싱 자몽,"아이싱 자몽은 기분까지 리프레싱 시켜주는 맛있는 술이다. 하얀 쌀과 유산균 자연발효를 통해 부드러운 맛과 상큼함을 살려 뽀얗고 산뜻한 술로, ",4,"350ml, 300ml","쌀, 자몽엑기스",,술을 마시고 난 후에 미세하게 남는 쓴맛과 알코올맛을 느낄 수 있다. 케익 등 디저트 음식과 잘 어울린다.,Y,국순당,강원도 횡성군 둔내면 현천리 120,http://drink.ksdb.co.kr/,
소양강 생 막걸리,소양강 생 막걸리는 100% 국내산 쌀을 이용하며 춘천의 깨끗한 자연환경 아래서 빚어내는 막걸리다. 일반적으로 기간이나 온도를 조절해 막걸리를,6,750ml/ 1700ml,"백미, 소맥분, 정제수, 팽화미, 아스파탐, 물엿, 정제수",,밀가루와 팽화미를 이용해 고소한 맛과 텁텁함이 있다. 단맛이 적고 산미가 도드라지며 목넘김이 깔끔하며 마시고 난 뒤 쓴맛의 여운이 길다. 황태,Y,"소양강도가(구, 천정양조장)",강원도 춘천시 신북읍 율문길 65-5,http://sygdoga.modoo.at/,
세종대왕어주 탁주,"세종대왕어주 탁주는 국내산 찹쌀과 멥쌀, 전통누룩을 사용하여 세계3대 광천수로 유명한 초정리의 암반수로 빚은 술이다. 저온에서 오랜시간 숙성하",13,500ml,"쌀(국내산), 누룩, 정제수",,술을 마시고 난 후에 혀에 남는 미세한 곡물의 느낌이 음식을 당기게 하며 일반 막걸리에 비해 도수(13%)가 높기 때문에 작은 잔에 식사와 함,Y,장희도가,충북 청주 청원구 내수읍 미원초정로 1275,https://jhdg3491.modoo.at/,
성포 생막걸리,성포 생막걸리는 친환경 인증을 받은 미나리를 활용해 만든 산뜻한 맛의 막걸리다. 대구 팔공산 일대 100여개 농가에서 생산한 미나리를 수매하여,6,750ml,"쌀(국내산), 소맥분(미국산), 전분당, 정제수, 무농약 미나리추출액, 정제효소, 종국, 효모, 아스파탐",,전체적으로 단맛과 신맛의 조화가 잘 갖춰져 있으며 마시고 난 후에 술의 산미가 입 전체를 산뜻하게 만들어 미나리전이나 무침과도 잘 어울린다.,Y,성포양조장,경남 거제시 사등면 지석3길3,http://성포양조장.kr/,
설하담,부산쌀 100%로 인공첨가물이 들어가지 않은 순수한 막걸리 설하담은 부산에 위치한 설하담 브루어리에서 생산하고 있는 알코올 도수 8%의 프리미,8,950ml / 475ml,"국내산 멥쌀 100%, 개량 누룩, 정제수, 이산화탄소",,"감미료가 들어가 있지만 인위적이지 않으며, 술을 마시고 난 후에 잔여 향기가 입 안에 오래 남는데 그 느낌이 매우 매력적이다. 양념된 돼지고기",Y,리큐랩주식회사,부산광역시 영도구 남항새싹길 186,https://smartstore.naver.com/sulhadam,
설성 만월 막걸리,병영주조장의 설성 만월 막걸리는 유기농 쌀만을 사용하여 대한민국 식품명인 61호인 김견식 명인의 손끝에서 빚어지는 막걸리다. 호리병처럼 우아하,6,750ml,"정제수, 유기농쌀국내산, 누룩, 유기농올리고당 등",식품명인,"고소한 곡물 볶는 향이 있고 단맛과 신맛의 균형이 잘 갖춰져 있으며, 술이 가볍지 않고 묵직한 목넘김이 특징이다. 약간의 떫은맛도 가지고 있다",Y,병영주조장,전남 강진군 병영면 하멜로 407(성남리 140-3),http://byjujo.modoo.at/,
선운산의 아침 복분자 막걸리,명작 복분자로 국내외에서 우수한 품질을 인정 받은 국순당고창명주에서 국내산 1등급 복분자와 국내산 쌀로 빚은 살균 막걸리다. 복분자의 깊은 맛,6,750ml,"복분자, 쌀, 효모, 국, 과당, 구연산, 젖산, 정제수",,은은하게 올라오는 익은 베리향이 일품이며 단맛과 신맛의 조화가 잘 어울어져 있다. 적절한 산미가 입 전체를 깔끔하게 만들어주고 술을 마시고 난,Y,국순당고창명주㈜,전북 고창군 심원면 선운대로 2197,http://bokbunjaju.kr/,2016 대한민국 우리술품평회 살균막걸리 우수상
석탄주 탁주,"임원십육지를 비롯해서 양주방, 음식방문, 조선무쌍신식요리제법 등 여러 고문에서 석탄향에 대한 기록을 찾을 수 있는 것으로 보아 당시에는 상당히",15,500ml,"국내산 찹쌀, 누룩, 정제수",,"과실향이 좋아 식중주보다는 식전주로 어울리며, 술의 향을 방해하지 않는 가벼운 샐러드 등이 잘 어울린다.",Y,케이소주,전북 전주시 완산구 중산중앙로27. 3층,https://ksoju.modoo.at/,
생 청주 막걸리,국내산 쌀과 함께 소맥분을 사용하여 진한 맛을 느낄 수 있으며 알싸한 탄산의 맛까지 있어 청주의 대표 막걸리로 자리매김 하고 있는 생 청주 막,6,750ml,"쌀, 소맥분, 국, 조제종국, 효모, 물엿 등",,쌀 막걸리의 가벼움과 밀가루 막걸리의 묵직함이 어울어진 술로 산미는 적지만 단맛이 두드러지고 탄산에 의한 청량감이 강한 막걸리다. 더덕구이랑 ,Y,조은술 세종,충북 청주시 청원구 사천로 18길 5-2,http://www.joeunsulsj.co.kr,
삼선,"&quot;삼선&quot;은 쌀과 누룩만으로 빚어낸 이양주 막걸리다. 인공감미료을 첨가하지 않고 국내산 쌀과 전통누룩, 그리고 강원도 홍천의 ",10,500ml,"국내산쌀, 누룩, 정제수",,술이 가벼워 목 넘김이 깔끔하고 입 안에서 빨리 사라집니다. 녹두전과 잘 맞는다.,Y,농업회사법인 두루(주),강원도 홍천 내촌면 용포길 31-25,http://yesduru.com/mall/index.php,
산정호수 동정춘막걸리,향긋한 열대 과일 향과 기분 좋은 단맛이 입안을 감도는 감미로운 막걸리다. 2018년 대한민국 우리술품평회 탁주부문에서 대상을 수상하며 맛과 ,6,720ml,"국내산 쌀, 누룩, 정제수",,입 안에도 감도는 꿀같은 단맛이 매력적인 술로 떡 등과 함께 마시면 좋다.,Y,술빚는 전가네,경기도 포천시 영북면 산정호수로 335,https://www.sooldoga.com/home,2018 대한민국 우리술품평회 탁주부문 대상
산막 생유 막걸리,다양한 전통주 제품을 선보이고 있는 신탄진주조에서 생산하는 막걸리다. 양조장을 설립할 당시 생산하던 산막 막걸리를 2011년에 제품명을 바꾼 ,6,750ml,"국내산 쌀, 소맥분, 종국, 효모",,술을 마시고 난 후에는 고소한 맛이 혀에 남아 술이 너무 가볍게 느끼지 않도록 한다. 닭갈비 등 양념된 고기와 잘 어울린다.,Y,농업회사법인 신탄진주조(주),대전시 대덕구 신탄진로 738번길 128,https://stjjujo.modoo.at/,
봉하쌀 생막걸리,봉하쌀 생막걸리는 경남 김해 봉하마을에서 재배한 친환경 유기농쌀을 사용하여 전남 담양의 양조장 죽향도가에서 제조한 지역화합의 의미를 담고 있는,6,750ml,"쌀(국내산), 정제효소, 젖산, 효모, 아스파탐, 정제수",,술을 마시고 난 후에 여운이 길고 깨끗해 홍어무침과 잘 어울린다.,Y,농업회사법인 (주)봉하마을,경상남도 김해시 진영읍 봉하로 122-15,https://www.bongha.net/goods/goods_view.php?goodsNo=1000000668,
볼빨간막걸리 10,볼빨간 막걸리는 부산에서 재배한 찹쌀로 만든 수제 막걸리다. 볼빨간 막걸리를 빚고 있는 벗드림의 김성욱 대표가 술을 마시면 볼이 빨개져서 볼빨,10,500ml,"찹쌀(국내산), 누룩, 정제수",,진한 살색을 갖고 있는 술로 볼빨간막걸리7도에 비해 물 희석량이 적고 도수가 높고 전체적인 맛 또한 진한 산미가 매력적이다. 술을 마시고 난 ,Y,농업회사법인 (주)벗드림,"부산광역시 북구 덕천로247번길 3, 2층",https://butdream.modoo.at/?NaPm=ct%3Dkhvqprdz%7Cci%3Dcheckout%7Ctr%3Dds%7Ctrx%3D%7Chk%3Dd2521ff08b7af8f71afa71d4392e797b803c7da0,
병영설성 생막걸리,전라남도 친환경막걸리 공동브랜드로 강진지역에서 재배한 100% 유기농 쌀을 원로로 유산균 증식에 도움이 되는 올리고당을 자연 발효시켜 만든 제,6,750ml,"쌀(국내산), 효모, 누룩, 정제수",식품명인,새우 간장 절임이나 남도 한정식과 잘 어울린다.,Y,병영양조장,전남 강진군 병영로 하멜로 407,https://byjujo.modoo.at/,
병영설성 동동주,병영설성 동동주는 병영면 수인산의 맑은 물과 유기농 햅쌀을 사용하여 전통과 현대의 제조기법이 결합하여 만들어진 정직한 제품이다. 술을 빚기 위,6,1700ml,"쌀(국내산), 전분, 효모, 누룩, 정제수",식품명인,"묵은 김치 볶음, 담치국, 두부김치와 잘 어울린다.",Y,병영양조장,전남 강진군 병영로 하멜로 407,https://byjujo.modoo.at/,
문삼이공(moon320) 잣 주,"문삼이공(MOON320)탁주는 3(삼) 쌀, 누룩, 청정수 오직 세 가지 원료만 사용, 2(이) 두 번 빚은 술로 밑술에 덧술을 입혀 술을 빚",12,500ml,"찹쌀19.02%, 멥쌀13.16%, 누룩3.3%, 잣1.02%, 정제수63.5%",,"달짝지근하면서 향기로운 잣향은 제육볶음, 떡볶이 등의 음식은 감칠나게 해주고 매콤한 음식을 중화해준다.",Y,마마스팜,마마스팜,http://www.mamasfarm.kr/,
미생 막걸리,미생 막걸리를 생산하고 있는 김포금쌀탁주는 좋은 쌀과 좋은 물로 유명한 김포에서 3대째 가업을 이어 80여년 동안 술을 빚고 있는 양조장이다.,6,750ml,"국내산 쌀, 누룩, 효모, 정제효소, 정제수",,일반 쌀 막걸리에 비해 단맛이 적은 드라이한 맛이다. 개운한 맛의 칼칼함이 특징. 덕분에 다양한 음식과 식중주로 잘 어울리는 막걸리이다. 단맛,Y,김포금쌀탁주 영농조합법인,경기도 김포시 하성면 하성로 622,https://shopping.naver.com/fresh/traditionalalcohol/stores/100194518,
바랑 탁,바랑 탁은 안동 바랑골에서 농사를 지은 쌀과 5대째 내려오고 있는 발효기법이 합쳐져 만들어진 술이다. 바랑은 승려들이 등에 지고 다니는 자루 ,15,375ml,"국내산 찹쌀, 국내산 멥쌀, 누룩, 소맥분, 정제수",,다른 막걸리에 비해 도수(15%)가 높아 음식먹을 때 약주잔에 한 잔에 불고기가 생각나는 술이다.,Y,금계당,"경북 안동시 일직면 돌고개길 9, 1층",https://smartstore.naver.com/goldenchicken?NaPm=ct%3Dkru682lk%7Cci%3Dcheckout%7Ctr%3Dds%7Ctrx%3D%7Chk%3Dca28c695d6899abe2aa04ef87a0afaf056ac4c38,
방문주 탁주,"방문주는 이름 그대로 술 빚는 방법대로 빚은 술을 뜻한다. 방문주는 주로 봄, 가을철에 빚는 술로 알려져 있는데, 문헌 및 가전비법에 따라 재",15,500ml,"국내산 찹쌀, 누룩, 정제수",,"식중주로도 좋은 역할을 할 듯하며, 잡채, 육전 등 기름진 요리와 잘 어울린다.",Y,케이소주,전북 전주시 완산구 중산중앙로27. 3층,https://ksoju.modoo.at/,
매실 막걸리,저온장기 발효방식의 매실 막걸리는 젊은 소비자의 입맛에 맞게 개발된 제품으로 부드러운 목넘김을 강조한 막걸리이다. 특히 새콤달콤한 맛의 광양에,7,750ml,"쌀, 매실과즙",,매실을 이용했지만 산미는 적어 더덕구이 등이 잘 어울린다.,Y,백운주가,전라남도 광양시 옥룡면 신재로 946-18,https://shopping.naver.com/fresh/traditionalalcohol/stores/100192629,
두유노 (단종),"&amp;quot;두유노&amp;quot;의 제조법 영감은 옛 우리 문헌에서 받았다. 옛날 문헌에 보면, 전통술을 만들면서 쌀, 누룩, 물 외",6,600ml,"국내산 찹쌀, 국내산 멥쌀, 누룩, 밀가루",,맑은 우윳빛이 첫인상으로 다가오는 술이다. 코끝을 대보면 잘 익은 숙성 치즈향부터 느껴진다. 감식초에서 느껴지는 부드러운 새콤함에서 시작하여 ,N,디오케이브루어리,"서울특별시 강북구 삼양로 455, 1층",https://www.instagram.com/dokbrewery/,
도깨비술 7,"도깨비술 7%는 시원한 멜론향과 바닐라향이 이채로운 술이다. 도깨비양조장에서 만든 도깨비술은 7%, 9%, 11% 세 종류가 있다. 도수에 관",7,750ml,"국내산 멥쌀, 누룩, 효모, 정제수",,"단양에서 만들어지는 만큼 마늘 정식 등과 즐기면 좋으며, 쏘가리 매운탕, 메기 매운탕 등의 민물고기 요리와 곤드레 밥 등의 나물 요리에도 좋은",Y,도깨비양조장,충북 단양군 가곡면 사평3길 5,https://smartstore.naver.com/dokkaebisul,
도깨비술 9,"도깨비술 9%는 적당한 단맛과 부드러운 느낌, 그리고 혀 끝에 맴도는 배향이 이채로운 술이다. 도깨비양조장에서 만든 도깨비술은 7%, 9%, ",9,750ml,"국내산 멥쌀, 누룩, 효모, 정제수",,"단양에서 만들어지는 만큼 마늘 정식 등과 즐기면 좋으며, 쏘가리 매운탕, 메기 매운탕 등의 민물고기 요리와 곤드레 밥 등의 나물 요리도 좋은 ",Y,도깨비양조장,충북 단양군 가곡면 사평3길 5,https://smartstore.naver.com/dokkaebisul/products/46766,
대잎 생동동주 (단종),"대나무의 고장, 담양에서 빚은 술이라 대잎 생동동주라 이름지었다. 담양에서 재배한 쌀을 원료로 술을 빚고 특유의 맛을 내기 위해 영지, 생강을",6,1700ml,"국내산 쌀, 좁쌀, 정제효소, 젖산, 효모, 아스파탐, 영지, 생각, 정제수",,연한 아이보리 빛깔에 곡물향이 은은하게 스쳐 지나간다. 단맛이 적고 산뜻한 신맛이 매력적인 술이다. 술을 마시고 난 후에도 가벼운 산미와 시원,N,죽향도가,전남 담양군 담양읍 외다길30,https://dyricewine.modoo.at/,
뉴트로,디자인과는 다르게 구수한 미숫가루와 같은 색을 가지고 있다. 코에 잔을 대자 레몬의 향이 먼저 치고 올라오며 바로 라임의 향이 뒤따라 온다. ,8,600ml,"국내산 찹쌀, 국내산 멥쌀, 누룩, 레몬, 라임, 잉글리쉬블랙퍼스트, 정제수",,,N,디오케이브루어리,"서울특별시 강북구 삼양로 455, 1층",https://www.instagram.com/dokbrewery/,
까메오 막걸리,"까메오 막걸리는 국내산 쌀을 원료로, 지장수의 미네랄이 풍부하게 함유되어 있는 것이 특징이다. 아스파탐을 넣지 않으며 무첨가제로 빚어 뒤끝 없",6,550ml,"정제수, 쌀, 효모, 누룩, 과당 등",,미세하게 올라오는 캐러멜 향기에 산미가 적고 당도가 높고 초콜릿 맛이 나는 것이 특징이다. 다양한 야채와 과실이 혼합된 샐러드와 함께 마시면 ,Y,낙천,강원도 동해시 공단2로 73,http://nakchun.modoo.at/,
기다림 34,"기다림 34는 공인 사케 소믈리에면서 와인 소믈리에인 조태영 대표가 34세에 처음 출시하고, 양조장의 지번이 34번지에 착안하여 이름 붙여진 ",12,500ml,"국내산 멥쌀, 국내산 찹쌀, 곡자, 정제수",,마시고 난 뒤에 올라오는 산미가 기름진 음식들과의 궁합을 잘 만들어 주어 어느 하나 흠이 없는 술이다.,Y,제이케이크래프트,부산광역시 동래구 사직북로48번길 34,http://gidarim.co.kr/,
기다림 25,기다림 25는 술을 빚는데 큰 역할을 하는 효모가 좋아하는 온도 25도에서 100일간 발효시킨 술로써 술을 빚는 인간과 자연의 미생물의 조화로,8,750ml,"국내산 백미, 국내산 찹쌀, 곡자, 정제수",,술을 마시고 난 후에 매우 깔끔하게 마무리가 되어 상쾌한 느낌으로 매운 잡채와 잘 어울린다.,Y,제이케이크래프트,부산광역시 동래구 사직북로48번길 34,http://gidarim.co.kr/,
기다림 16,기다림 16은 효모가 향기를 생성하는 온도인 16도에서 100일간 저온 발효 시키는 술로써 저온 발효주의 부드러움과 와인과 흡사한 아로마와 부,9,750ml,"국내산 찹쌀, 국내산 흑미, 곡자, 정제수",,흰 막걸리와는 다른 재미를 느낄 수 있다. 동래파전과 함께 마시면 매우 좋다.,Y,제이케이크래프트,부산광역시 동래구 사직북로48번길 34,http://gidarim.co.kr/,
우곡생주,우곡 생주는 일생을 전통주를 위해 헌신한 고 배상면 회장의 마지막 역작을 바탕으로 딸인 배혜정 대표가 아버지의 이념을 계승한 제품이다. 막걸리,10,750ml,"국내산 쌀, 누룩, 효모, 정제수",2016 찾아가는 양조장,"닭볶음탕, 족발, 삼겹살, 회 등 다양한 안주와 어울린다.",Y,배혜정도가,경기도 화성시 정남면 서봉로 835,http://www.baedoga.co.kr/,2019 대한민국 우리술품평회 탁주부문 대상
양지백주,한계령의 맑은 물과 설악산의 정기받은 청정한 양양의 쌀로 총 세번 빚어 만들었다. 삼양주법으로 빚어 맛이 깊고 진하며 일체의 첨가제 없이 누룩,15,500ml,"국내산 쌀, 누룩, 효모, 정제수",,"닭볶음탕, 고추장 찌개, 콩나물 무침과 잘 어울린다.",Y,양지술곳간,강원도 양양군 강현면 안골로 221-7,https://smartstore.naver.com/yangjisoolgodganhttps://smartstore.naver.com/yangjisoolgodgan,
황감찰,"울산의 지역 햇찹쌀, 햅쌀과 전통방식 누룩을 사용해 깔끔한 맛이 특징이다. 막걸리가 가지고 있는 진한맛을 극대화 하기 위해 100일 이상 장기",8,750ml,"국내산 쌀, 찹쌀, 누룩, 효모, 정제수",,오징어 무침과 잘 어울린다.,Y,운곡도가,울산광역시 중구 다운동 구루미6길 6,https://www.instagram.com/ungokdoga/,
다랭이팜 유자 막걸리,"유기농 7분도 현미를 전통항아리에서 발효시켜 빚은 생 막걸리에 유기농 유자원액을 넣어 만든 막걸리로, 합성감미료 없이도 유자의 싱그러운 향기가",6,750ml,"정제수, 유기농7분도쌀, 친환경유자원액, 혼합제과 누룩",,"아구포, 유자해물화덕피자와 페어링하여 즐기기 좋다.",Y,농업회사법인 주식회사 다랭이팜,경남 남해군 남면 남면로 679번길 27-5,https://darangyifarm.modoo.at/,
동백우리쌀생막걸리,기장 백운산 자락 지하수를 길어 술을 빚는다. 동백 양조장만의 방식으로 고두밥을 찔 때 밀가루와 쌀을 적절한 비율로 섞어 시골에서 뚝배기에 담,6,750ml,"정제수, 쌀 소맥분 물엿, 곡자, 효모, 조제종국, 정제효소, 아스파탐,아세설팜칼륨",,"고갈비, 편육와 어울린다.",Y,(주)동백양조,부산광역시 기장군 정관읍 정관로 266,,
손가네 태종대 개똥쑥생막걸리,저온 추출법으로 추출해 특유의 향을 최소로 줄인 개똥쑥액 10%와 막걸리와 섞어 본연의 맛과 향을 보존했다. 쑥향의 씁쓸한 향이 은은하게 나며,6,750ml,"정제수, 쌀, 태종대개똥쑥추출물, 입국, 누룩, 정제효소, 이소말토올리고당, 구연산, 아스파탐, 효모",,"땡초어묵, 대패삼겹살과 잘 어울린다.",Y,태종대양조,부산광역시 영도구 동삼동 태종로793번길 5,,
다랭이팜 생막걸리,"다랭이팜에서는 막걸리에 사용되는 원료를 모두 까다롭게 선택하며, 고급원료에 대한 자부심이 있다. 일체의 첨가물 없이 유기농 7분도 현미, 누룩",6,750ml,"지하정제수, 9분도쌀, 찹쌀, 혼합제제 누룩,",,"된장쌈밥, 멍게비빔밥과 잘 어울린다.",Y,농업회사법인 주식회사 다랭이팜,경남 남해군 남면 남면로 679번길 27-5,https://darangyifarm.modoo.at/,
아임프리,글루텐 프리 막걸리로 밀 누룩이나 효소제가 들어가지 않은 100% 쌀로만 빚은 무첨가 막걸리이다. 바나나의 단맛과 과실향이 진하게 느껴지며 누,9,500ml,"정제수, 쌀, 국, 효모",2017 찾아가는 양조장,"매운 쭈꾸미볶음, 곱창볶음와 어울린다.",Y,술샘,경기도 용인시 처인구 양지면 죽양대로 2298-1,http://www.sulseam.com,
토끼구름,울산 햅쌀로 빚은 삼양주 막걸리로 합성 감미료를 첨가하지 않아 순하고 자연스러운 단맛을 느낄 수 있으며 목 넘김이 부드럽다. 새콤한 산미가 요,6.8,750ml,"정제수, 쌀, 올리고당, 전분, 조효소제, 혼합제제",,"모듬전, 골뱅이 소면과 잘 어울린다.",Y,운곡도가,울산광역시 중구 다운동 구루미6길 6,https://www.instagram.com/ungokdoga/,
도깨비술 11,"단양 물과 의림지 쌀, 우리밀 누룩을 사용했으며 무감미료, 무첨가물로 만들었다. 묵직하고 깊지만 달콤한 맛이 나며 뒷맛은 고소함이 남는다. 질",11,750ml,"정제수, 쌀, 국,효모",,"닭강정, 통돼지보쌈와 잘 어울린다.",Y,농업회사법인 (주)도깨비양조장,충북 단양군 가곡면 사평3길 5,https://smartstore.naver.com/dokkaebisul/products/4676621051,2019 대한민국 우리술 대축제 1위
백년향,40일 동안 발효하고 60일 동안 저온숙성한 백일주 막걸리로 삼양주 방식으로 빚은 술이다. 탄산감이 거의 없고 기교 없이 담백한 맛을 가지며 ,10,500ml,"쌀,누룩,정제수",,"조개찜, 전복구이와 잘 어울린다.",Y,추연당,경기도 여주군 가남읍 금당리 531-2,https://smartstore.naver.com/chuyondang,
볼빨간막걸리 7,볼빨간 막걸리는 부산에서 재배한 찹쌀로 만든 수제 막걸리다. 볼빨간 막걸리를 빚고 있는 벗드림의 김성욱 대표가 술을 마시면 볼이 빨개져서 볼빨,7,500ml,"정제수, 찹쌀, 누룩",,단맛을 좋아하지 않는 사람들에게는 볼빨개지면서 한 없이 마실 수 있는 술로 오징어 무침과 잘 어울린다.,Y,벗드림양조장,부산광역시 북구 만덕동 921-13번지 2층,https://smartstore.naver.com/butdream,
인생막걸리,5번의 담금 과정과 저온 발효 공법을 통해 막걸리의 풍미를 살렸다. 쌀과 밀의 적절한 비율로 만들어져 밀 특유의 상큼한 첫맛과 쌀의 단맛이 느,5,750ml,"정제수,팽화미,팽화밀가루,말토올리고당,국,혼합제제효모,아스파탐,아세설팜칼륨",,"파전, 새우전과 페어링하기 좋다.",Y,서울장수(주),충청북도 진천군 광혜원면 죽현리 277,https://seouljangsu.modoo.at/,
역전주,"역전주는 역전회관에서 자체 기획 및 전통방식으로 소량 생산하는 private brand 로 100% 국내산 쌀과 찹쌀, 누룩, 물만으로 빚어 ",9,600ml,"정제수, 멥쌀(국내산), 찹쌀(국내산), 누룩",,"양념된 육류, 숯불구이 갈비, 불고기 등 향이 다소 강한 한국 음식과의 페어링이 좋다.",Y,역전양조장 (역전회관),서울시 마포구 토정로 37길 47,www.yukjeon.com,2021 대한민국주류대상 대상 수상
만강에 비친 달,"100% 홍천 찹쌀과 미니 단호박, 전통누룩을 원료로 하여 빚은 이양주(두번 빚은 술) 만강에 비친 달은 10도의 알맞은 도수로 술을 잘 못하",10,500ml,"홍천쌀, 단호박, 곡자(밀누룩)",2015 찾아가는 양조장,진한 부드러움이 목을 스치고 지나간다. 찌개류와 잘 어울린다.,Y,예술주조,강원도 홍천군 내촌면 물걸리 508-2,http://www.ye-sul.co.kr,
장홍삼 장수 막걸리,"국내산 원재료만을 사용하여 홍삼 분말이 들어갔다. 인삼향과 막걸리 본연의 곡물향이 잘 어우러지며, 적당한 산미와 단맛, 청량감이 목넘김을 깔끔",6,750ml,"백미,말토올리고당,홍삼분말",,"한식, 전, 삼겹살",Y,서울장수(주),충청북도 진천군 광혜원면 죽현리 277,https://seouljangsu.modoo.at/,2016 대한민국 우리술품평회 살균막걸리 부문 최우수상
시향가,100% 크래프트 막걸리이다. 친환경 쌀을 바탕으로 곡성 토란을 담아 전통 방식 그대로 막걸리를 빚었다. 인공감미료를 넣지 않아 텁텁함이 느껴,8,500ml,"물, 쌀(국내산), 건조토란(국내산), 국, 젖산, 효모, 밀",,"카프레제, 김치전과 잘 어울린다.",Y,농업회사법인 시향가(주),전남 곡성군 곡성음 낙동원로 20,https://www.sihyangga.com,
이화백주 순탁주,국내산 햅쌀 100%와 전통누룩으로 빚어 15일간 저온에서 자연 발효했다. 첨가물을 넣지 않고 전통방식으로 빚어 부드러우면서도 풍미가 뛰어나다,6,940ml,"정제수, 쌀(국내산), 누룩, 설탕, 물엿, 밀, 아스파탐",,"갈비찜, 해물파전, 보쌈, 족발과 잘 어울린다.",Y,이화백주,경상남도 양산시 상북면 상삼리 389,https://www.facebook.com/ehwayangzo/,"2019대한민국주류대상, 2017년 공식건배주선정"
호랑이 생 막걸리,한국을 대표하는 최고급 품질의 술을 만들고자 하는 의지로 우리나라의 상징적 동물인 호랑이를 브랜드명으로 선저하였다. 호랑이생은 단 맛과 신 맛,6,750ml,"물, 쌀(국내산),에리스리톨, 효모, 국, 젖산, 합성향료,밀함유",2016 찾아가는 양조장,"족발, 보쌈, 매운 음식과 잘 어울린다.",Y,배혜정도가,경기도 화성시 정남면 서봉로 835,http://www.baedoga.co.kr/,2016 대한민국 우리술품평회 우수상
담은,경기도 포천시 최고급 쌀을 주원료로 사용하였으며 전통누룩에서 뽑아낸 우수한 균주를 사용하였다. 합성인공감미료를 전혀 사용하지 않은 제품으로 미,6.5,750ml,"쌀(국내산), 입국, 효모, 고과당, 정제효소제, 정제수",,새하얀 백설기와 함께 맛보면 좋을 술이다.,Y,(주)1932포천일동막걸리,경기도 포천시 일동면 운악청계로 1597,http://www.xn--369ay3l35ejd457e5hhnxn.kr/niabbs5/,2016 대한민국 우리술품평회 장려상
DOK X 메킷나이스,"메킷나이스 회사와 같이 콜라보한 막걸리이다. 친숙한 향이 나면서도 이국적인 향이 나는 것이 특징이며 허브,꽃향이 나는 새콤한 막걸리이다.",8,650ml,"멥쌀,찹쌀,누룩,생강,고수씨",,"동남아 음식(팟타이, 짜조 등)",N,디오케이브루어리,"서울특별시 강북구 삼양로 455, 1층",https://www.instagram.com/dokbrewery/,
씨(C) 그린막걸리,녹즙을 마시는듯한 케일의 건강한 맛과 개똥쑥의 강렬한 향의 조합이 특징이다.,12,500ml,"쌀, 물, 누룩, 케일, 개똥쑥",,"조청을 찍은 쑥떡 등 한식디저트, 갈비찜이나 찜닭 등 단짠의 조화를 이루는 한식 찜류와 어울린다.",Y,씨(C) 막걸리,"서울시 강남구 논현로 18 (개포동), 지수빌딩 2층",,
씨(C) 옐로막걸리,"당도가 높지 않고, 드라이하지 않다.",12,500ml,"쌀, 물, 누룩, 당근, 레몬그라스",,"동남아요리, 회, 해산물 냉채 또는 닭고기, 오리고기 등의 가금류와 어울린다.",Y,씨(C) 막걸리,"서울시 강남구 논현로 18 (개포동), 지수빌딩 2층",,
씨(C) 막걸리 시그니처 큐베,"C막걸리의 시그니처 제품으로 항아리에 발효한 범벅 밑술을 사용하며, 노간주나무 열매의 유쾌한 산미가 특징이다. 고도수이지만 걸쭉하지 않은 깔끔",12,500ml,"쌀, 물, 누룩, 노간주나무열매, 건포도",,"치즈가 들어간 전식, 사천요리, 중식/한식의 퓨전요리와 어울린다.",Y,씨(C) 막걸리,"서울시 강남구 논현로 18 (개포동), 지수빌딩 2층",,
지평 이랑이랑,"""지평 이랑이랑""은 일반적인 막걸리와 차별화된 ""스파클링 막걸리""로, 마셨을 때 시원한 탄산을 느낄 수 있어 더운 여름철에 즐기기 좋다. 젊은",5,750ml,"정제수, 쌀, 자일리톨, 국, 효모, 레몬농축액, 허브류",,"파스타, 피자, 치킨 등 파티 요리",Y,지평주조,경기도 양평군 지평면 지평리,http://www.jpjujo.com/,
구름을 벗삼아,문경주조의 구름을 벗삼아는 유기농 찹쌀과 전통누룩을 사용한 단 맛이 살짝 가미된 깔끔한 스타일의 탁주이다. 일반 쌀 막걸리와 달리 단 맛이 적,12,750ml,"백미(국내산: 지역햅쌀 100%), 우리밀 전통누룩",2015 찾아가는 양조장,"해물파전, 김치전 등 전 요리와 잘 어울린다.",Y,문경주조,경상북도 문경시 동로면 노은리 192번지,https://mgomijasul.modoo.at/,
도구막걸리,"포항에서 가장 오래된 밀 막걸리로, 부드럽고 구수한 맛이 특징입니다. 잔당감이 거의 없는 뒷맛으로, 바디감이 묵직함에도 질리지 않고 마실 수 ",6,750ml,"정제수, 밀가루, 효모, 조제종국, 정제효소제, 젖산, 아스파탐, 아세설팜칼륨",,"제육볶음, 골뱅이무침",N,동해명주,경북 포항시 남구 동해면 일월로 51-1,www.yangjo.com,
세오녀탁주,"탄산과 강한 단맛을 가진 일반 막걸리와는 달리, 무감미로 만들어져 어떤 해산물 안주와도 잘 어울리는 막걸리이다. 걸쭉한 느낌보다는 담담하게 입",6,750ml,"정제수, 쌀(국내산, 포항쌀), 누룩, 효모, 조제종국, 정제효소제, 젖산",,회를 비롯한 해산물 음식과 잘 어울린다.,Y,동해명주,경북 포항시 남구 동해면 일월로 51-1,www.yangjo.com,
동해동동주,쌀이 동동 뜬 옛 동동주의 모습을 연상시켜 아직까지 많은 애주가들에게 사랑을 받고 있는 술이다. 청량감과 단맛이 적절하게 어우러져 부드러운 맛,6,750ml,쌀100%(포항쌀),,"돼지고기수육, 두부김치, 해물파전과 잘 어우러진다.",Y,동해명주,경북 포항시 남구 동해면 일월로 51-1,www.yangjo.com,
연오랑탁주,무감미 막걸리인 연오랑 탁주는 드라이하고 깔끔한 맛을 가지고 있다. 12도의 막걸리로 탄탄한 바디감과 구수한 맛이 일품인 술이다.,12,750ml,"정제수, 쌀(국내산, 포항쌀), 누룩, 효모, 조제종국, 정제효소제, 젖산",,"구운고기, 양념고기와 잘 어울린다.",Y,동해명주,경북 포항시 남구 동해면 일월로 51-1,https://www.yangjo.com/,
영탁막걸리,차고 달아 술 빚기에 으뜸으로 꼽는 예천의 물로 빚은 막걸리이다. 특유의 묵직한 바디감이 느껴지는 일반 막걸리와 달리 부드러우면서도 깔끔한 목,6,750ml,"정제수, 백미(국내산), 입국(쌀, 밀), 물엿, 올리고당, 누룩(밀), 효모, 아스파탐, 아세설팔칼륨",,"전, 보쌈과 같은 기름진 음식에 잘 어울린다.",Y,예천양조,경상북도 예천군 용궁면 월오길 17,https://yecheonbrewery.com/,
별산막걸리,별산막걸리는 경기도 양주의 단단한 쌀을 사용하고 어느 누구도 시도하지 않은 특별한 발효균주를 이용하여 만든 프리미엄 막걸리다. 맛과 품질에서 ,6.5,800ml,"정제수, 쌀(국내산), 입국, 효모, 당류가공품",,"갈비찜, 전류 등 기름진 음식과 매칭이 좋으며, 다양한 치즈와 매칭해 즐겨봐도 좋다.",Y,양주도가,경기도 양주시 광적면 부흥로 21번길 60,https://smartstore.naver.com/yangjudoga?NaPm=ct%3Dku6d6nma%7Cci%3Dcheckout%7Ctr%3Dds%7Ctrx%3D%7Chk%3D3123618dd9f37e80e65447c2e20725e85e5ad16e,"2020 대한민국주류대상 우리술 탁주 생막걸리 전통부문 대상, 2020 대한민국 주류대상 Best of 2020, 2021 대한민국 우리술품평"
풍정사계 추(秋),추는 설기로 밑술한 법술을 발효 후 저온 숙성한 탁주로 옹기에서 100일 저온숙성해 만든 술로 완전발효되어 숙취가 없고 뒤끝이 깨끗하다. 특유,12,500ml,풍정사계 추(秋),,완자전과 잘 어울린다.,Y,풍정사계,충청북도 청주시 청원구 내수읍 풍정1길 8-2,https://www.hwayang.co/,
지리산 허브잎술 쌀 막걸리,"&amp;quot;지리산 허브잎 술&amp;quot;은 지리산에서 자란 로즈마리, 라벤다를 첨가해 빚은 막걸리다. 한 모금 맛보면 은은하게 허",6,750ml,"쌀(국내산), 입국, 정제수, 효모, 곡자, 국내산허브(로즈마리, 라벤다잎줄기추출액, 울금) 등",,"홍어회 무침, 골뱅이 무침",Y,지리산 운봉주조,전북 남원시 운봉읍 서천리 622번지,http://www.herbsul.com/,"2015 샌프란시스코 세계 주류 품평회 은상, 2011 대한민국 우리술 품평회 대상, 2014 대한민국 우리술 품평회 대상, 2015 벨기에 "
야관문 쌀 막걸리,야관문 막걸리는 비수리라 불리는 토종허브 야관문을 넣고 빚었다. 밤의 빗장을 여는 문이라는 뜻을 가진 야관문은 술로 빚어 섭취하면 더욱 효능이,6,750ml,"팽화미, 입국, 효모, 곡자(밀), 정제수, 야관문잎 줄기 추출액 등",,채소 샐러드와 어을린다.,Y,지리산 운봉주조,전북 남원시 운봉읍 서천리 622번지,http://www.herbsul.com/,"2010 IFFE 한국식품원장수상, 2015 샌프란시스코 세계 주류 품평회 은상, 2018 IFFE 농림부 장관상수상"
동래아들,일체의 첨가물 없이 쌀과 누룩으로만 빚은 막걸리이다. 최상의 품질을 유지하기 위해 하루 500병 한정 생산하며 긴 발효시간과 숙성기간을 거쳐 ,6,750ml,"정제수, 찹쌀, 맵쌀, 밀누룩",,고소한 파전과 같은 전류와 페어링하기 좋다.,Y,제이케이크래프트,부산광역시 동래구 사직북로48번길 34,http://gidarim.co.kr/,
호모루덴스,호모루덴스는 삼양주기법으로 멥쌀을 원료로 빚은 술인만큼 드라이한 풍미가 강한 술이다. 단맛이 적어 음식과 곁들여 마시기에 좋으며 100일 동안,12,500ml,"쌀, 누룩, 정제수",,입 안의 풍미가 강하고 술을 마시고 난 후에도 긴 여운이 남아 돼지 목살 숯불 구이와 잘 어울린다.,Y,산수양조장,강원도 홍천군 화촌면 야시대로 211-57,,
해창 막걸리 9도,땅끝 해남의 청정 자연 발효환경에서 생산된 프리미엄 무감미료 생막걸리이다. 국내산 100% 멥쌀과 찹쌀에서 나오는 인위적이지 않은 단맛이 매력,9,900ml,"햅쌀, 찹쌀, 물, 누룩",2014 찾아가는 양조장,전복구이와 잘 어울린다.,Y,해창주조장,전남 해남군 화산면 해창길 1,https://haechangjujo.modoo.at/,
우렁이쌀 손막걸리 DRY,우렁이 찹쌀을 발효 소재로 골라 화학첨가제가 들어가지 않은 순수한 술이다. 장기 저온숙성하여 부드러운 목넘김과 감칠맛을 가지고 있다. 달달한 ,7.5,500ml,"정제수, 찹쌀(국내산), 쌀(국내산), 효모, 종국",,양념이 강하지 않은 부드럽고 담백한 생선회 및 한식 요리와 잘 어울린다.,Y,양촌양조,충남 논산시 양촌면 매죽헌로1665번길 14-9,http://www.yangchon.co.kr/,
희양산 막걸리 15도,옅은 단맛과 약간의 신맛이 느껴지는 막걸리다. 담백하고 깔끔한 맛을 가지고 있으며 15도의 높은 도수를 가지고 있음에도 부드러운 목넘김이 일품,15,500ml,"정제수, 쌀(국내산), 누룩(국내산), 효모",,매콤한 볶음류의 음식와 잘 어울린다.,Y,두술도가,경북 문경시 가은읍 가은5길 7 아자개장터,,
희양산 막걸리 9도,친환경 재료만을 사용한 알코올 감과 멥쌀만으로 술을 빚음에도 불구하고 옅은 단맛과 약간의 신맛이 조화로워 깔끔하고 담백한 맛이 일품이며 부드러,9,750ml,"정제수, 쌀(국내산), 누룩(국내산), 효모",,"생굴, 두부, 육류 안주를 추천한다.",Y,두술도가,경북 문경시 가은읍 가은5길 7 아자개장터,,
술공방 9.0 막걸리,수제 누룩과 청양 햅쌀의 진하고 풍부한 맛을 느낄 수 있으며 살짝만 흔들어도 될 정도로 걸쭉한 느낌을 가지고 있다. 발효의 조화만으로 바나나 ,9,500ml,"정제수, 쌀(국내산), 국(쌀, 국내산), 누룩(밀)",,"국물 떡볶이, 매운탕, 고기전과 잘 어울린다.",Y,아리랑주조,충남 청양군 대치면 방죽곡길 46-19,https://ystar.modoo.at/,
나루 생 막걸리 11.5도,"높은 쌀 함유량으로 원재료인 쌀 본연의 단맛을 살려 깔끔한 목넘김을 가지고 있다. 묵직한 텍스처, 청사과와 배의 향이 나며 시트러스 계열의 여",11.5,500ml,"정제수, 쌀(국내산), 국, 효모(밀함유)",,매콤한 쭈꾸미 볶음류와 잘 어울린다.,Y,한강주조,"서울특별시 성동구 둘레15길 12, 2층",https://hangangbrewery.com/,
나루 생 막걸리 6도,원재료인 쌀 본연의 맛을 살려 깔금하게 넘어가는 목넘김이 좋은 인공 감미료 및 천연감미료 무첨가 막걸리다. 시간의 지남에 따라 주차별로 맛이 ,6,935ml,"정제수, 쌀(국내산), 국, 효모(밀함유)",,매콤한 쭈꾸미 볶음류와 잘 어울린다.,Y,한강주조,"서울특별시 성동구 둘레15길 12, 2층",https://hangangbrewery.com/,
호두땅콩막걸리,"쌀로 만든 막걸리에 고소한 땅콩이 그대로 들어 있는 듯한 느낌이다. 땅콩에 호두 향을 더해 담백하고, 풍미가 가득하며 부드러운 맛을 느낄 수 ",6,750ml,"물, 쌀(국내산), 고과당, 국(밀), 땅콩(국내산)",,불닭갈비와 잘 어울린다.,Y,배혜정도가,경기도 화성시 정남면 서봉로 835,http://www.baedoga.co.kr/,
아띠,포천쌀의 자연발효로 생기는 천연 스파클링이 주는 가볍고 깔끔한 목넘김과 강한 청량감을 느낄 수 있다.,6,450ml,쌀(국내산),,"피자, 치킨, 파스타 등 다양한 대표 파티 메뉴 및 생선회 요리와 페이렁하기 좋다.",Y,배상면주가,경기도 포천시 화현면 화현리 512,https://www.soolsool.co.kr/,
복순도가 탁주,옛 항아리에서 100일 이상 저온숙성으로 직접 빚은 전통 누룩 사용해 더욱 진하고 부드러운 바디감이 느껴진다. 언양 쌀의 구수한 곡물맛과 잘 ,10,935ml,"정제수, 쌀(국산), 곡자(밀), 밀함유",2018 찾아가는 양조장,고추장찌개가 떠오르는 바디감을 가졌다. 혹은 항정살 수육 무침과 함께 해도 좋다.,Y,복순도가,울산광역시 울주군 상북면 향산리 439,http://www.boksoon.com/,
복순도가 손막걸리,"손으로 직접 빚은 순수 생막걸리, 복순도가 손막걸리는 전통 방식으로 빚은 가양주 형식의 전통주로써, 비옥한 토양에서 자란 국내산 쌀만을 사용,",6.5,935ml,"정제수, 쌀(국산), 곡자(밀), 물엿, 설탕, 아스파탐(감미료,페닐알라닌함유)",2018 찾아가는 양조장,"파전, 치킨, 보쌈, 족발, 해산물 등 다채로운 페어링이 가능하다.",Y,복순도가,울산광역시 울주군 상북면 향산리 439,http://www.boksoon.com/,"2015년 샌프란시스코 국제 와인 주류 품평회 (금상), 2018년 K-DESIGN AWARD 수상"
장수 생막걸리,"국내산 백미를 사용해 장기저온숙성 방식으로 만들어져 영양이 풍부하고 자연발효에 의한 탄산과 어울려 감칠맛과 청량감이 일품입니다. 또한, 트림과",6,750ml,"백미(국내산), 말토올리고당, 홍삼분말",,일반적인 서울장수막걸리에서 느껴지는 익숙한 단맛과 과일향과 함께 상쾌한 탄산기운을 느낄 수 있다. 전체적으로 순하고 부드러운 맛이다. 목으로 ,Y,서울장수주식회사,충청북도 진천군 광혜원면 죽현길 141,https://seouljangsu.modoo.at/,"2019 대한민국 우리술품평회 탁주 우수상, 2020 대한민국 주류대상 대상 수상"
대대포 막걸리,"대대포 막걸리는 담양에서 생산된 100% 유기농 쌀을 원료로 사용하여 쌀의 아밀로스를 최적화시킨 향미가 살아있는 생막걸리다.각종 미네랄, 비타",6,750ml,"쌀, 벌꿀, 정제수, 정제효소, 스테비올배당체, 젖산, 종국, 효모",,"시원하고 아삭한 오이소박이, 오이 달걀 볶음, 소고기 오이 볶음과 잘 어울린다.",Y,농업회사법인 (주)담양죽향도가,담양군 담양읍 외다길30,http://jhdg.co.kr/,"2019 우리술품평회 탁주부문 최우수상, 2020 우리술품평회 탁주부문 대상"
배꽃담은연,쌀누룩 이화곡으로 빚어 양반댁 규수들이 즐기던 이화주에 물의 함량 을 늘리고 연잎에 싸서 빚은 새로운 방식의 탁주다. 연잎의 알싸한 맛과 이화,10,720ml,"쌀 26.1%, 효모 0.07%, 젖산 0.05%, 정제수 72.31%",,"식전에 입가심을 하기에 좋고, 한식과 잘 어울리는 막걸리 탁주다.",Y,술빚는 전가네,경기도 포천시 영북면 산정호수로 335,https://www.sooldoga.com/home,2018 우리술품평회 탁주부문 우수상
여인,"밑술을 멤쌀 구멍떡으로 빚은 후, 찹쌀 고두밥으로 덧술하여 100일간 발효·숙성시킨 탁주입니다. 부원료나 첨가물을 넣지 않고 쌀과 누룩 물 만",12,500ml,"구멍떡, 누룩, 찹쌀",,특유의 감칠맛으로 안주류 없이도 마시기 좋으나 전 종류 혹은 떡과도 잘 어울립니다.,N,중원당,충북 충주시 가금면 창동리 243,http://www.청명주.com/,2018 우리술품평회 탁주부문 최우수상
동정춘막걸리,"평생 한 번은 마셔봐야 할 술로 일컬어졌던 3대 명주 가운데 하나인 ‘동정춘’의 맛은 벌꿀처럼 부드럽게 입에 달라붙는 무게감이 있고, 향은 과",6,720ml,"국내산 쌀, 누룩, 정제수",,무화과 등의 달달한 디저트류 과일과 궁합이 좋습니다.,N,농업회사법인 (주)술빚는 전가네,,https://shopping.naver.com/fresh/traditionalalcohol/stores/100340871,
우도땅콩전통주,우도는 섬이지만 땅이 비옥하여 어업보다는 농업이 발달한 섬이다. 여기에서 재배하는 땅콩은 작고 고소하기로 소문 나 있는데 이 땅콩을 원료로 고,6,750ml,"쌀, 우도땅콩",,우도는 섬이지만 땅이 비옥하여 어업보다는 농업이 발달한 섬이다. 여기에서 재배하는 땅콩은 작고 고소하기로 소문 나 있는데 이 땅콩을 원료로 고,Y,조은술 세종,충북 청주시 청원구 사천로 18길 5-2,http://www.joeunsulsj.co.kr,
걍즐겨,"발효시 석류즙과 히비스커스를 더해 술에 부족한 산미, 과실향을 보충했으며 베리향이 강조된 탁주이다.",8,600ml,"멥쌀,찹쌀,누룩,프렌치세종,석류,히비스커스",,"발효시 석류즙과 히비스커스를 더해 술에 부족한 산미, 과실향을 보충했으며 베리향이 강조된 탁주이다.",Y,디오케이브루어리,"서울특별시 강북구 삼양로 455, 1층",https://www.instagram.com/dokbrewery/,
유자향주,"청정영농조합의 ‘유자향주’는 전국 유자 생산량의 35% 이상을 차지하고 있는 고흥군의 대표 특산주. 낙지, 굴, 매생이 등 고흥 대표음식인 9",6,750ml,"쌀(국내산), 유자(고흥산), 아스파탐",,회나 파전 등 대중적인 안주와 잘 어울린다.,Y,청정영농조합법인,전남 고흥군 풍양면 죽시장터길 45,https://smartstore.naver.com/citronmakgeolli,
술헤는밤,술헤는밤은 이양주법으로 빚은 생탁주로 윤동주 시인의 별 헤는 밤처럼 추억과 사랑을 담아낸 제품이다. 첨가물 없이 강원도의 맑은 물과 자연이 키,8,750ml,"쌀(국내산), 누룩(국내산)",,"녹두전, 파전, 매콤한 회무침, 샐러드와 어울린다.",Y,두루전통양조,강원도 홍천군 내촌면 용포길 31-25,https://smartstore.naver.com/durusul,
심술6 막걸리,포천쌀로 빚은 생막걸리로 크리미한 목 넘김과 은은한 과일향이 매력적인 막걸리다. 적당한 탄산과 은은한 단맛이 잘 어우러진다. 500ml 저용량,6,500ml,"쌀(국내산), 국(입국), 건조효모, 아세설팜칼륨, 아스파탐",,,Y,배상면주가,경기도 포천시 화현면 화현리 512,http://www.sansawon.co.kr,
메로니아,메로니아는 막걸리에 멜론특유의 달콤함을 담아 멜론 맛 아이스크림이 그대로 녹아 들어 있는 듯한 탁주이다. 일반적인 과일 막걸리는 살균을 통해 ,4,750ml,"국내산 쌀, 물엿, 합성착향료(메론향), 효모, 국, 혼합제제, 아스파탐, 젖산, 합성 향료(밀크향), 효소처리스테비아, 멜론농축액",,메론향이 첨가되어 기타주류로 분류되어 있으며 과일맛 막걸리에 맞게 매우 달콤하고 산미가 적으며 탄산에 의한 청량미가 강하다. 마치 메론으로 만,Y,배혜정도가,경기도 화성시 정남면 서봉로 835,http://www.baedoga.co.kr/,
만남의장소 (단종),"‘만남의 장소’는 화학 첨가물 없이 철원의 오대미, 생강, 후추, 꿀, 전통누룩과 효모로 빚은 쌀술이다. 후추에서 피어난 로즈메리 향과 생강의",12,750ml,"멥쌀, 밀누룩, 꿀, 건포도, 레몬, 생강, 후추, 효모",,기름진 생선회나 강렬한 한국요리들과 어울린다.,N,구름아 양조장,"서울시 마포구 토정로 14길 16, 1층",https://www.instagram.com/gurumabrewery/,
광양 생 막걸리 골드,"한국식품연구원에서 개발된 국산효모로 만든 막걸리로 햅쌀, 토종 앉은뱅이 밀누룩 등 국내산 좋은 재료를 100% 사용하여 목 넘김이 부드럽고 깔",5,750ml,"정제수, 쌀(국산100%), 입국(국산), 곡자(국산누룩), 아스파탐(감미료, 페닐알라닌 함유), 정제효소, 효모, 젖산, 액화효소",,"깔끔하고 청량감 높은 광양생막걸리 골드는 치킨, 피자, 치즈 등과 어울린다.",Y,광양주조공사,전남 광양시 광양읍 예구8길 13-4,http://kyju.inpiad.net/,
광양 생 막걸리,국산 햅쌀을 사용한 목 넘김이 부드럽고 깔끔한 맛이 살아있는 막걸리이다. 가장 대중적인 맛으로 빨간 뚜겅 광양막걸리 이미지로 고객들의 꾸준한 ,5,750ml,"정제수, 쌀(국산100%), 입국(국산), 곡자(국산누룩), 아스파탐(감미료, 페닐알라닌 함유), 정제효소, 효모, 젖산, 액화효소",,"맛이 깊고 목넘김이 부드러운 광양생막걸리는 전, 두부김치, 골뱅이 소면무침 등 우리나라의 음식과 어울린다.",Y,광양주조공사,전남 광양시 광양읍 예구8길 13-4,,
톡쏘는 옥수수동동,"톡쏘는 옥수수동동은 2016년 출시된 ""톡쏘는 알밤동동""과 2018년 출시된 ""톡쏘는 고구마동동""의 확장 제품이다. 세계 3대 작물 중 하나인",6,750ml,"쌀, 정제수, 입국, 옥수수 농축액, 옥수수 추출물 등",,"음료수처럼 마실 수 있고, 한식과 두루 잘 어울린다.",Y,우리술,"경기 가평군 하면 대보간선로 26, 29",http://www.woorisool.kr,
톡쏘는 고구마동동,"톡쏘는 고구마동동은 기존 출시된 ""톡쏘는 알밤동동""의 확장 제품으로, 막걸리 고유의 맛과 부드러운 자색고구마의 맛과 향을 즐길 수 있는 제품이",6,750ml,"쌀, 정제수, 입국, 고구마 농축액, 고구마 추출물 등",,"파전, 김치전 등 한식과 두루 잘 어울린다.",Y,우리술,"경기 가평군 하면 대보간선로 26, 29",http://www.woorisool.kr,
톡쏘는 알밤동동,톡 쏘는 알밤동동은 기성세대만 마신다는 막걸리의 이미지를 버리고 신세대를 겨냥한 새로운 막걸리로 우리 햅쌀에 국산 밤을 달달 하게 녹여 톡 쏘,6,750ml,"쌀, 정제수, 입국, 밤 농축액, 밤 추출물 등",,기본 원료가 되는 쌀의 부드러움을 갖고 있으며 단맛이 강하고 산미가 적다. 밤농축액과 밤시럽이 들어가 어렸을 때 먹은 밤맛 아이스크림이 생각난,Y,우리술,"경기 가평군 하면 대보간선로 26, 29",http://www.woorisool.kr,
가평 잣 생막걸리,"가평의 잣을 막걸리에 그대로 담아 특유의 고소한 맛으로 목 넘김이 부드럽고, 은은한 향까지 느낄 수 있어 누구나 부담 없이 마시고 느낄 수 있",6,750ml,"쌀, 정제수, 쌀입국, 잣, 효모, 정제효소 등",2015 찾아가는 양조장,반찬으로 나오는 우리음식과 모두 잘 어울린다.,Y,우리술,"경기 가평군 하면 대보간선로 26, 29",http://www.woorisool.kr,
세종청주생막걸리,국내산 쌀과 함께 소맥분을 사용하여 소맥분 특유의 목 넘김과 함께 진한 맛을 느낄수 있는 청주의 대표 막걸리. 직접 배양한 효모와 100% 국,6,750ml / 1200ml,"쌀, 소맥분",2015 찾아가는 양조장,김치전은 잘 익은 김치의 맛이 배어나와 막걸리와 잘 어울리는 음식이다. 생막걸리 특유의 향이 김치의 텁텁한 맛을 감해주어 더욱 좋다.,Y,조은술 세종,충북 청주시 청원구 사천로 18길 5-2,http://www.joeunsulsj.co.kr,
세종 알밤주,알밤주는 세종의 노하우에 밤을 녹여 향기가 그윽하면서도 막걸리 특유의 새콤함까지 느낄 수 있는 아주 특색 있는 막걸리가 되었다. 막걸리에 거부,6,750ml,"정제수, 백미, 소맥분, 알밤(국내산), 전분당, 효모, 젖산",2015 찾아가는 양조장,"진하게 올라오는 곡물 볶은 향과 밤 향, 단맛이 강하고 산미가 적으며 입 안을 묵직하게 채우지만 목넘김은 깔끔하다. 야채 샐러드와 잘 어울린다",Y,조은술 세종,충북 청주시 청원구 사천로 18길 5-2,http://www.joeunsulsj.co.kr,
지리산 정담 생쌀 막걸리,&quot;지리산 정담 생쌀 막걸리&quot;는 40년 가까이 청정지역 지리산에서 술을 빚어온 &quot;운봉주조&quot;의 대표 막걸리이다,6,750ml,"쌀(국내산), 종국, 정제수, 누룩, 효모",,색의 희고 맑으며 곡물에 압력을 가했을 때 나오는 고소한 향이 올라온다. 단맛이 적고 맑은 산미가 입안 전체에 침이 고이게 하고 산뜻하게 만든,Y,지리산 운봉주조,전북 남원시 운봉읍 서천리 622번지,http://www.herbsul.com/,
편백숲 산소막걸리 스파클링,"편백숲 산소막걸리 스파클링은 멥쌀, 찹쌀, 누룩, 물로만 빚어 막걸리 본연의 맛을 찾은 무첨가 프리미엄 막걸리다. 샴페인과 같은 강렬한 탄산감",6.8,940ml,"찹쌀, 맵쌀, 누룩",2017 찾아가는 양조장,"묵은 김치를 곁들인 홍어삼합이나 겉절이 김치를 곁들인 보쌈, 부침이나 전류와도 잘 어울린다.",Y,청산녹수,전라남도 장성군 장섭읍 남양촌길 19,http://www.bluegreenkorea.co.kr,
편백숲 산소막걸리 딸기 스파클링,"전남 장성군에서 재배한 쌀과, 장성군 특산물 딸기를 사용하여 빚은 막걸리. 딸기를 저온에서 쌀과 함께 발효시켜 딸기의 향기와 함께 새콤 달콤한",6.8,940ml,"찹쌀, 멥쌀, 누룩, 딸기, 올리고당",2017 찾아가는 양조장,"묵은 김치를 곁들인 홍어삼합이나 겉절이 김치를 곁들인 보쌈, 부침이나 전류와도 잘 어울린다.",Y,청산녹수,전라남도 장성군 장섭읍 남양촌길 19,http://www.bluegreenkorea.co.kr,
편백숲 산소막걸리 순수령 8%,"오직 멥쌀, 찹쌀, 누룩, 물로만 빚어 막걸리 본연의 맛을 찾은 무첨가 프리미엄 막걸리. 순수령 5.8도와 비교하여 보다 무게감 있는 바디감이",8,750ml,"찹쌀, 맵쌀, 누룩",2017 찾아가는 양조장,"묵은 김치를 곁들인 홍어삼합이나 겉절이 김치를 곁들인 보쌈, 부침이나 전류와도 잘 어울린다.",Y,청산녹수,전라남도 장성군 장섭읍 남양촌길 19,http://www.bluegreenkorea.co.kr,
편백숲 산소막걸리 순수령,"편백숲 산소막걸리 순수령은 오직 멥쌀, 찹쌀, 누룩, 물로만 빚어 막걸리 본연의 맛을 찾은 무첨가 프리미엄 막걸리다. 청산녹수 기업부설연구소의",5.8,750ml,"찹쌀, 맵쌀, 누룩",2017 찾아가는 양조장,"묵은 김치를 곁들인 홍어삼합이나 겉절이 김치를 곁들인 보쌈, 부침이나 전류와도 잘 어울린다.",Y,청산녹수,전라남도 장성군 장섭읍 남양촌길 19,http://www.bluegreenkorea.co.kr,
편백숲 산소막걸리,청산녹수 기업부설연구소의 O2 발효 기술과 한국식품연구원이 전통누룩에서 찾은 토종효모를 사용하여 만든 막걸리. 저온에서 장기 발효를 거쳐 부드,5.2,750ml,"쌀, 사과농축액,누룩,올리고당,아스파탐",2017 찾아가는 양조장,"묵은 김치를 곁들인 홍어삼합이나 겉절이 김치를 곁들인 보쌈, 부침이나 전류와도 잘 어울린다.",Y,청산녹수,전라남도 장성군 장섭읍 남양촌길 19,http://www.bluegreenkorea.co.kr,
국순당 이화주,이화주는 국순당이 두 번째로 복원한 우리술이다. 고려 시대 이화주의 농후한 맛을 되살린 최고급 탁주로 이름의 ‘이화梨花’는 배꽃이 필 무렵에 ,12.5,400ml,"이화누룩, 국내산쌀",2019 찾아가는 양조장,"매우 달콤하고 쌀의 부드러운 곡물맛이 좋으며, 떠먹는 술이기에 탄산에 의한 청량미는 적지만 부드러운 크림을 먹는 듯하다. 특별한 안주가 필요 ",Y,국순당,강원도 횡성군 둔내면 현천리 120,http://www.ksdb.co.kr,
옛날막걸리 古,국순당 ‘옛날막걸리 古’는 1960년대에 즐기던 정통 쌀막걸리 본래의 맛을 재현한 막걸리다. 1960년대의 쌀막걸리 본래의 맛을 복원하여 빚은,8,750ml,"국내산쌀, 누룩",,술을 마시고 난 후에 옅은 쓴맛이 혀에 남아 여운을 길게 한다. 오리 주물럭과 잘 어울린다.,Y,국순당,강원도 횡성군 둔내면 현천리 120,http://drink.ksdb.co.kr/,
1000억 유산균 막걸리,1000억 유산균 막걸리는 국순당이 최초로 선보인 유산균 강화 막걸리다. 식물성 유산균이 막걸리 한 병(750mL)에 1000억 마리 이상이 ,5,750ml,"국내산쌀, 누룩",,"적당한 감칠맛과 청량미가 있어 전, 회무침과 잘 어울린다.",Y,국순당,강원도 횡성군 둔내면 현천리 120,http://www.ksdb.co.kr,2021 대한민국 주류대상우리술 탁주 생막걸리 부문 3년 연속 대상
국순당 생막걸리 대박,국순당의 생막걸리 ‘대박’은 막걸리 제조에 가장 중요한 원료인 누룩과 효모를 막걸리 빚기에 가장 적합하도록 국순당에서 직접 배양한 전통식 누룩,6,750ml,쌀,2019 찾아가는 양조장,단맛과 곡물의 부드러움이 입 전체를 감싸준다. 돼지고기 등의 수육과 잘 어울린다.,Y,국순당,강원도 횡성군 둔내면 현천리 120,http://www.ksdb.co.kr,
술그리다 생탁주,미생물의 배양을 극대화하여 깊고 풍부한 맛과 향을 자랑하는 제품이다. 술그리다 생탁주는 차갑게 보관 했다가 와인잔에 따라 마신다. 얼음 한 두,10,500ml,"국내산쌀, 누룩",,음식은 양념된 맛이 강한 음식보다는 양념이 되지 않은 백숙 등과 잘 어울린다.,Y,좋은술,경기 평택시 오성면 숙성뜰길 108,https://jsul.modoo.at/,
천비향 오양주 탁주,천비향 오양주 탁주는 국내산 누룩과 1등급 평택 슈퍼오닝쌀만을 이용해 오양주로 빚고 100일간의 발효과정과 9개월간의 장기 저온숙성 과정을 거,14,500ml,"국내산쌀, 누룩",,"발효 기간이 길어 탄산에 의한 청량감은 없지만 술 맛은 산뜻한 산미가 전체적인 맛을 이끌고 있지만 어느 하나 맛이 튀지 않고 단맛, 신맛 등 ",Y,좋은술,경기 평택시 오성면 숙성뜰길 108,https://jsul.modoo.at/,
오희 스파클링 막걸리,오희 스파클링 막걸리는 문경시 특산물 오미자로 만든 천연탄산이 가득한 프리미엄 막걸리이다. 오희란 오미자에서 느낄 수 있는 다섯 가지 맛의 즐,8.5,500ml,"백미, 건오미자, 조효소제, 효모, 정제수",2015 찾아가는 양조장,오미자 특유의 산뜻한 산미가 소고기와 잘 어울린다.,Y,문경주조,경상북도 문경시 동로면 노은리 192번지,https://mgomijasul.modoo.at/,
술아 핸드메이드 막걸리,"술아 핸드메이드 막걸리는 오래전 집집마다 가양주 형태로 어머니들이 빚었던 전통방식 그대로 쌀과, 누룩, 물로만 만든 인공첨가물이 전혀 없는 순",8,450ml,"국내산 찹쌀, 누룩, 정제수",,진한 쌀 맛과 묵직한 술 맛이 그대로 살아있는 약주. 달콤함과 진함의 극치를 이룬다. 알코올 도수가 20로도 높은 만큼 맑은 장국 등 하고도 ,Y,술아원,경기 여주 점봉길 93-12,https://soolawon.modoo.at/,
송명섭 막걸리,‘막걸리 마니아’들이 흔쾌히 국내 최고의 막걸리라고 손꼽는 ‘송명섭막걸리’의 대표 송명섭 명인이 빚는 막걸리로 흔히 ‘송막’이라고 부르는 막걸,6,500ml,"국내산쌀, 곡자, 정제수",식품명인,송명섭 막걸리는 빚는 이를 닮아 소박한 맛이 난다. 어떠한 첨가물로 넣지 않았기 때문에 대중적인 막걸리와는 달리 단맛과 신맛이 거의 느껴지지 ,Y,태인합동주조장,전북 정읍시 태인면 태흥리 392-1,http://www.태인양조장.com/,
선호 생막걸리,"선호 생막걸리""는 최상급 풀질로 인정 받고 있는 ""김포금쌀""을 원료로 만든 제품이다. 인공적인 감미료 대신 술 맛을 살려줄 천연감미료를 첨가한",6,750ml,"국내산 쌀, 누룩, 효모, 정제효소, 천연감미료, 정제수",,쌀 특유의 풍미가 살아있는 막걸리. 개운한 맛으로 다양한 음식과 잘 어울리는 스타일. 칼칼한 맛이 살아있어 다양한 음식과 식중주로 잘 어울리는,Y,김포금쌀탁주영농조합법인,경기도 김포시 하성면 하성로 622,gpgstz.modoo.at,
안성맞춤 생막걸리,쌀 본연의 맛이 살아 있는 생쌀발효법(무증자기법) 양조기술을 적용하여 만든 안성맞춤 생막걸리는 옛 막걸리의 향수를 불러 일으키는 정통 막걸리이,6,1000ml,"국내산 쌀, 누룩, 효모, 젖산, 정제효소, 정제수",,생쌀발효법 특유의 가볍고 경쾌한 맛이 특징. 향을 자세히 맡아보면 바나나 우유와 같은 향이 느껴진다. 가벼운 맛을 자랑하는 만큼 묵직한 고기류,Y,한주양조,경기도 안성시 서운면 서운로 241-14,http://hanjuy.kr.ecplaza.net,
백자주,백자주를 한 모금 입안에 머금으면 고소한 잣 풍미가 가득 들어찬다. 입안에 쌀이 착 감기는 느낌인데 단맛이 느껴지고 뒤따라오는 산미가 균형감 ,10,500ml,"국내산 찹쌀, 멥쌀, 잣, 누룩, 정제수",,"목 넘김이 깔끔하고 마시고 난 후에 남는 술의 여운이 길어 골뱅이, 소라 등 무침류와 잘 어울린다.",Y,농업회사법인㈜산수,강원도 홍천군 화촌면 야시대로 211-57,https://www.facebook.com/sansoosool/,
동정춘,동정춘은 옛 문헌에서 명주로 불린 술로 술을 빚을 때 거의 물이 들어가지 않아 술을 빚기가 여간 어려운 술이다. 발효과정에서 얻어지는 술의 양,8,500ml,"쌀, 누룩, 정제수",,입 안에서는 단맛으로 꽉 차는 느낌이 들고 마시고 난 후에는 오히려 여운이 짧고 고소하다. 갈비찜 등 단맛이 약간 있는 음식들과 잘 어울린다.,Y,농업회사법인㈜산수,강원도 홍천군 화촌면 야시대로 211-57,sansoo.modoo.at,
양촌 생 동동주,"양촌 생 동동주는 100년을 이어온 전통방식으로 국내산 쌀과 누룩, 대둔산 자락 천연암반수로 빚어진 술. 백미와 누룩만을 원료로 사용하며, 3",10,750ml,"정제수, 백미 효소제, 효모 등",2016 찾아가는 양조장,최대한 여과되어 바디감이 매우 깔끔하고 목넘김이 부드러운 것이 특징이며 산미가 약하고 입안에 단맛의 여운이 많이 남아 김치전과 함께 하면 좋다,Y,양촌양조,충남 논산시 양촌면 매죽헌로1665번길 14-9,http://www.yangchon.co.kr/,
양촌 생 막걸리,"양촌 생 막걸리는 국내산 쌀과 소맥분과 누룩, 대둔산 자락의 천연암반수로 빚어 오랜 세월 논산 지역민들에게 사랑 받아온 전통방식의 토속 막걸리",6,750ml,"팽화미, 소맥분, 정제수, 물엿, 효소, 국 등",2016 찾아가는 양조장,쌀을 튀겼을 때 나는 고소한 향이 특징이다. 색이 진하고 적절한 단맛과 산미의 조화가 좋다. 두부에 겉절이 김치를 함께하면 좋다.,Y,양촌양조,충남 논산시 양촌면 매죽헌로1665번길 14-9,http://www.yangchon.co.kr/,
김포 막걸리,1962년에 설립하여 현재 66년의 양조장 역사를 자랑하는 경기도 김포의 대표적인 양조장인 김포양조에서 생산한 막걸리이다. 엄선된 원료로 전통,6,750ml,"쌀, 누룩, 정제수",,"신선한 발효향이 은은하게 올라오고 단맛과 신맛, 쓴맛 등 전체적으로 오미의 조화가 잘 갖춰져 있는 막걸리다. 일반적인 막걸리 알코올 도수로 자",Y,김포양조,경기도 김포시 월곶면 김포대로 2763,www.kimpo.co.kr,
술예쁘다 생탁주,술예쁘다 생탁주는 시중에 출시되어 있는 전통주와는 원료와 제조방법에서 완전히 차별화를 기하고 국내산 누룩과 1등급 평택 슈퍼오닝쌀만을 이용해 ,13,500ml,"국내산 쌀, 누룩",,일체 첨가물을 넣지 않은 제품으로 고유의 부드러운 맛과 풍부한 유산균을 함유하고 있어 담백한 맛의 전류과 같은 한식과 매우 잘 어울린다.,Y,좋은술,경기 평택시 오성면 숙성뜰길 108,https://jsul.modoo.at/,
삼양춘 생탁주,"삼양춘(三釀春)은 세 번 빚어 맛과 향이 뛰어난 최고급 발효주의 의미를 가지고 있다. 삼양춘은 ‘세 번 빚는다’라는 의미로서 삼양(三釀)을, ",12.5,500ml,"강화섬쌀, 전통누룩, 정제수",,일반 막걸리에 비해 알코올 도수가 높아 술이 가볍지 않고 묵직하며 술을 마시고 난 후에는 옅은 쓴맛이 양념된 낙지나 주꾸미 볶음류와 매우 잘 ,Y,송도향전통주조,"인천광역시 남동구 호구포로 50, 8층 819-1호",www.samyangchoon.com,
미인탁주,미인탁주는 국내산 찹쌀과 우리밀누룩으로 빚고 일체의 인공첨가물이 들어가지 않은 프리미엄 막걸리이다. 일반적인 막걸리와 비교해 텁텁하지 않고 깔,10,500ml,"찹쌀, 누룩, 정제수",,술을 입에 넣으면 처음 단맛이 느껴지지만 오래가지 않고 곡물의 부드러움이 입 전체를 감싸주면서 산뜻한 신맛이 음식을 당기게 만들어 돼지고기 등,Y,최행숙전통주가,경기도 파주시 법원읍 사임당로 763,파주전통주.kr,
도문대작 생막걸리,방풍도가에서 생산하고 있는 방풍막걸리 &quot;도문대작&quot;은 강릉 지역의 특산품인 방풍나물을 첨가해서 빚는 향약주이다. 도문대작 막걸,10,750ml,"강릉 쌀, 누룩, 갯방풍나물, 정제수",,타 막걸리에 비해 도수가 높지만(10%) 자극적이지 않고 목 넘김이 부드럽다. 갈비찜과 잘 어울린다.,Y,방풍도가,강원도 강릉시 미노길 103,http://www.bangpungdoga.com/,
아이원 막걸리,아이원 막걸리는 충북 옥천을 대표하는 막걸리로 알코올 도수 6도로 쌀과 밀을 혼합하여 생산하고 있다. 초기에는 제품명이 이원막걸리였으나 201,6,750ml,"쌀, 밀, 입국, 누룩, 정제수",2017 찾아가는 양조장,"경쾌함과 발랄함, 그리고 생 특유의 신선함이 그대로 느껴지는 막걸리로 이원 양조장의 막걸리 중에서 대중적인 맛에 속한다. 옥천의 금강 상류에서",Y,이원양조장,충청북도 옥천군 이원면 묘목로 113,http://iwonwine.com/new/index.php,
시인의마을,시인의 마을 우리쌀 막걸리는 충북 옥천을 대표하는 막걸리로 알코올 도수 10도로 국내산 쌀로 생산하고 있다. 대부분의 양조장이 흩임누룩을 사용,10,700ml,"쌀(국내산), 누룩, 정제수",2017 찾아가는 양조장,묵직한 막걸리 원액과 같은 느낌으로 진한 쌀 향이 올라온다. 얼음을 타서 온더록으로 마시는 것도 추천한다. 밥과 같은 쌀막걸리인 만큼 금강에서,Y,이원양조장,충청북도 옥천군 이원면 묘목로 113,http://iwonwine.com/new/index.php,
월매 쌀막걸리(캔),월매쌀막걸리는 탄산과 막걸리의 절묘한 만남으로 탄생한 신세대 맞춤용 막걸리이다. 저온에서 완전숙성시킨 후 첨단 설비로 살균처리하고 천연탄산을 ,6,350ml,"백미, 말토올리고당, 정제수",,"백색의 살균 캔 막걸리로 신선한 발효 향이 은은하게 올라오고 단맛과 신맛, 쓴맛 등 전체적으로 오미의 조화가 잘 갖춰져 있는 막걸리다. 일반적",Y,서울장수㈜,충청북도 진천군 광혜원면 죽현길141,http://www.koreawine.co.kr,2017년 대한민국 우리술품평회 살균막걸리 부문 우수상
호담 산양산삼 막걸리,호담 산양산삼 막걸리는 천해의 자연에서 재배된 산양산삼과 경기미로 저온 숙성 발효시켜 산양산삼의 깊은 향과 진한 맛이 특징으로 숙취감이 적고 ,6,750ml,"쌀(경기미), 입국, 산양산삼, 정제수, 아스파탐",,입 안에 넣으면 삼의 느낌이 꽉 차고 알코올 도수가 높지 않아 자극적이지 않고 편하게 즐길 수 있다. 김치전과 잘 어울린다.,Y,대농바이오우리산삼,경기도 광주시 퇴촌면 천진암로 684,http://www.woorisansam.com,2017 대한민국 우리술품평회 대통령상
생탁주,"농업회사법인㈜청산녹수에서 생산하고 있는 제품으로 막걸리 본연의 맛을 간직한 제품이다. 전남 장성군의 자랑인 편백나무숲 맑은 공기와 청정한 물,",6,750ml,"쌀, 올리고당, 사과농축액, 아스파탐, 효모, 정제수",,단맛이 적어 다양한 음식과의 조화를 만들 수 있다. 닭도리탕이나 양념된 고기류와 잘 어울린다.,Y,청산녹수,전라남도 장성군 장섭읍 남양촌길 19,http://www.bluegreenkorea.co.kr,
꿀막걸리,청산녹수만의 전통 누룩을 사용하여 전통적인 막걸리 맛을 지키면서 트랜디한 단맛을 자랑하는 제품이다. 청산녹수 꿀막걸리는 청산녹수 생탁에 천연 ,8,750ml,"쌀(국내산), 벌꿀(국내산), 사과농축액, 효모, 정제효소",,목넘김은 매우 부드럽지만 쓴맛이 입 안의 느낌을 묵직하게 만들어 양념 갈비와 잘 어울린다.,Y,청산녹수,전라남도 장성군 장섭읍 남양촌길 19,http://www.bluegreenkorea.co.kr,
백련 생막걸리 snow (스노우),간척지 토양에 서해안 해풍을 맞고 자란 충남 당진 쌀을 주원료로 깔끔한 맛을 내기 위해 백련잎을 첨가해 80년 전통의 발효전통으로 빚어낸 고품,6,750ml,"백미, 연잎, 정제수, 종국, 효모, 아스파탐, 물엿 등",식품명인2013 찾아가는 양조장,숯불바베큐와 잘 어울린다.,Y,신평양조장,충남 당진시 신평면 신평로 813,http://www.koreansul.co.kr,
우곡주,우곡주는 조선시대까지 양반과 부자층이 마셨던 주정 13도의 전통 탁주로 구연산이 주성분인 일반 탁주와 달리 젖산 외에 다양한 유기산을 풍부하게,13,375ml,쌀,2016 찾아가는 양조장,구절판과 어울린다.,Y,배혜정도가,경기도 화성시 정남면 서봉로 835,http://www.baedoga.co.kr/,
매화마름 호랑이 막걸리,매화마름 호랑이 막걸리는 선조부터 물려받은 누룩과 양조기술로 빚은 발효과학이 많이 집약 되어 있는 프리미엄 막걸리다. 사용 된 누룩은 독자적으,7,375ml,쌀,2016 찾아가는 양조장,파전과 잘 어울린다.,Y,배혜정도가,경기도 화성시 정남면 서봉로 835,http://www.baedoga.co.kr/,
부자 송산포도,고려시대부터 기록으로만 전해오던 쌀과 포도로 빚은 전통탁주를 배혜정도가의 노하우로 빚어낸 신개념 쌀포도 탁주다. 조선시대때 기록된 양주방에 나,9,375ml,"쌀, 누룩, 포도즙",2016 찾아가는 양조장,고기산적과 잘 어울린다.,Y,배혜정도가,경기도 화성시 정남면 서봉로 835,http://www.baedoga.co.kr/,
부자,쌀과 누룩으로만 빚어 자연이 숙성시키는 있는 그대로의 맛을 느낄 수 있으며 100% 경기미를 사용하여 음용감이 부드럽고 은은한 유백색의 기풍이,"10, 13, 16","375ml, 300ml, 300ml","쌀, 정제수, 고과당, 효모 등",2016 찾아가는 양조장,"텁텁함이 없고 뒷맛이 깨끗해 다양한 안주와 잘 어울린다. 전 혹은, 삼겹살과 즐기기 좋다.",Y,배혜정도가,경기도 화성시 정남면 서봉로 835,http://www.baedoga.co.kr/,"2013 대한민국 우리술품평회 살균막걸리 최우수상, 2016 대한민국 우리술품평회 살균막걸리 대상"
느린마을 막걸리,"느린 마을 막걸리는 계절마다 맛이 약간씩 다르다. 쌀과 물, 누룩만을 이용해서 빚는 술이기 때문에 계절에 따라 온도와 습도 등 계절마다 다른 ",6,750ml,"쌀, 국, 효모, 정제수",2014 찾아가는 양조장,"막걸이와 전 조합도 좋지만 크리미함과 달콤함이 느껴져 매콤, 새콤한 음식과 궁합이 좋다.",Y,배상면주가,경기도 포천시 화현면 화현리 512,https://www.soolsool.co.kr/,"2014 대한민국 우리술품평회 생막걸리 우수상, 2017 대한민국 우리술품평회 탁주 최우수상"
붉은 원숭이,"붉은 원숭이는 술샘에서 장미를 그대로 말려놓은 것 같은 매력적인 홍국쌀로 만든 탁주다. 곡물의 부드러움을 잘 갖추고 있으며, 일반 막걸리와 달",10.8,375ml,"쌀(국내산 경기미 100%), 누룩, 홍국, 정제수",2017 찾아가는 양조장,바베큐와 잘 어울린다.,Y,술샘,경기도 용인시 처인구 양지면 죽양대로 2298-1,http://www.sulseam.com,
왕피천을 품은 미소생막걸리,울진 왕피천에서 올라오는 맑은 물 맛과 쌀 막걸리 특유의 부드러움과 하늘하늘한 가벼움이 느껴지는 막걸리다. 경상북도 울진군에서 생산되는 막걸리,7,750ml,"쌀, 누룩, 정제수",,대게 또는 홍게찜과 잘 어울린다.,Y,울진술도가,경상북도 울진군 근남면 노음2길 4,,
미소 생막걸리,경상북도 울진군에서 생산되는 막걸리이며 할아버지에서 손자에 이르기까지 3대에 걸쳐 약 90여년이라는 시간을 통해 그 내력을 이어오고 있는 제품,7,750ml,"쌀(국내산), 누룩, 정제수",,대게 또는 홍게찜과 잘 어울린다.,Y,울진술도가,경상북도 울진군 근남면 노음2길 4,,
배꽃 필 무렵,"‘배꽃 필 무렵’은 이화주다. 이화주는 ‘배꽃 필 때 빚는다’ 하여 이화주(梨花酒)라고 불린다. 이화주는 고려시대 때부터 빚어졌던 술로, 빛깔",9,20ml / 140ml,"정제수, 멥쌀(국내산), 누룩",2015 찾아가는 양조장,식감을 살려줄 수 있는 강정류나 잣향을 풍부하게 느끼기 위해 잣박산을 곁들여도 좋다.,Y,예술주조,강원도 홍천군 내촌면 물걸리 508-2,http://www.ye-sul.co.kr,2020 대한민국 우리술품평회 탁주 최우수상
홍천강 탁주,홍천강 탁주는 강원도 골짜기에서 골골히 모여 내려오는 계곡물로 이루어진 홍천강의 청정한 이미지를 형상화 했다. 홍천의 쌀과 누룩으로 숙성시킨 ,11,500ml,"홍천 쌀, 정제수, 국(밀 누룩)",2015 찾아가는 양조장,"연하게 올라오는 바닐라 향기가 술이 오래 숙성되었음을 말해주고, 청량미는 적으나 입안에 맴도는 깨끗한 산미가 음식을 부른다. 양념갈비와 잘 어",Y,예술주조,강원도 홍천군 내촌면 물걸리 508-2,http://www.ye-sul.co.kr,
우리밀 막걸리 향수,향수 우리밀 막걸리는 충북 옥천을 대표하는 막걸리로 알코올 도수 9도로 충북에서 자란 금강밀로 생산하고 있다. 1930년대 증조부 때부터 옥천,9,700ml,"쌀, 밀, 입국, 누룩, 정제수",2017 찾아가는 양조장,"도리뱅뱅이. 도토리묵, 겉절이, 나물과 잘 어울린다.",Y,이원양조장,충청북도 옥천군 이원면 묘목로 113,http://iwonwine.com/new/index.php,
호랑이배꼽,인공 첨가물과 감미료 없이 평택의 최상급 쌀과 새싹현미로만 빚은 생막걸리다. 전통 가양주 방식 그대로 100일간의 발효와 숙성을 거쳐 제조한다,6.5,"350ml, 750ml","평택 쌀(현미 40%, 백미 60%), 누룩, 정제수, 정백당",2018 찾아가는 양조장,호두바게트와 잘 어울린다.,Y,밝은세상영농조합,경기도 평택시 포승읍 충열길 37,https://www.instagram.com/tigercalyx/?hl=ko,
술취한 원숭이,"붉은 쌀 홍국을 넣어 만들어 말린 장미처럼 고혹적인 붉은빛을 띠는 막걸리다. 인공색소나 합성감미료 없이 쌀과 홍국, 누룩, 물로만 빚어 만든다",10.8,375ml,"쌀(국내산 경기미 100%), 누룩, 홍국, 정제수",2017 찾아가는 양조장,"과일, 치즈와 잘 어울린다.",Y,술샘,경기도 용인시 처인구 양지면 죽양대로 2298-1,http://www.sulseam.com,
부안참뽕막걸리,막걸리와 오디를 넣은 과실막걸리다. 탄산이 첨가되어 청량감을 주며 텁텁함이 없이 깔끔한 것이 특징으로 오디가 첨가되어 색깔이 보랏빛을 띄고 있,6,950ml,"쌀(국내산) 오디과즙,스테비올배당체,스쿠랄로스",,"매운 볶음요리, 부침개와 잘 어울린다.",Y,동진주조,전라북도 부안군 행안면 부안농공단지길 14-11,http://www.dongjinwine.co.kr/,2013 대한민국 우리술 품평회&amp;#039; 살균막걸리 부문 우수상
금정산성막걸리,금정산성막걸리는 술빚기에 적합한 온도와 습도가 유지되는 해발 400m의 청정 환경을 갖춘 금정산성마을에서 제조된다. 깨끗한 자연환경속에서 발효,8,750ml,"백미, 밀(누룩), 정제수",식품명인2016 찾아가는 양조장,"파전, 두부김치와 잘 어울린다.",Y,금정산성 토산주,부산 금정구 산성로 453,http://www.sanmak.kr/,
1932 새싹땅콩+햅쌀/흑미,"당해연도 고시히카리쌀과 진도산 흑미를 주 원료로 사용했다. 새싹땅콩의 항산화 물질인 ‘레즈베라트롤’이다량 함유 되었있고, 전통누룩에서 뽑아낸 ",6,"500ml, 900ml","새싹땅콩+고시히카리 쌀, 새싹땅콩+진도산 흑미",,마늘새우와 잘 어울린다.,Y,(주)1932 포천일동막걸리,경기도 포천시 일동면 운악청계로 1597,https://shopping.naver.com/fresh/traditionalalcohol/stores/100159599,
2017년 햅쌀로 빚은 첫술,"2017년 햅쌀로 빚은 첫술은 매년 가을철, 그 해 수확한 햅쌀로 빚은 프리미엄 생 막걸리로 계절 한정 상품으로 선보인다. 올해 수확한 경북 ",7,750ml,국내산 햅쌀,,,Y,국순당,강원도 횡성군 둔내면 현천리 120,http://drink.ksdb.co.kr/,
사미인주,"전라남도 노령산맥 암반수와 100% 친환경 유기농 햅쌀, 천연 벌꿀을 발효시켜 만든다. 어떠한 첨가물도 들어가지 않은 프리미엄 생막걸리다. 아",8,750ml,"유기농 햅쌀, 벌꿀",2017 찾아가는 양조장,리코타 치즈 샐러드와 잘 어울린다.,Y,청산녹수,전라남도 장성군 장섭읍 남양촌길 19,http://www.bluegreenkorea.co.kr,
문희 탁주,프리미엄 탁주인 문희는 문경주조가 위치한 문경의 옛 이름인 문희에서 따온 술로 기쁜 소식을 전한다는 의미를 담고 있다. 모든 술 빚는 과정 하,13,700ml,국내산 쌀,,"수육, 순대 볶음, 닭갈비와 잘 어울린다.",Y,문경주조,경상북도 문경시 동로면 노은리 192번지,https://mgomijasul.modoo.at/,
우렁이쌀 손 막걸리,양촌 우렁이쌀 손 막걸리는 우렁이 농법으로 100% 무농약 재배한 논산 햅쌀로 빚은 수제 막걸리다. 기존 생 막걸리 3배 이상 긴 시간 동안의,7.5,750ml,"쌀, 정제수 효모, 정제효소, 효소처리 스테비아",,"새콤달콤한 골뱅이 무침, 혹은 쑥버무리와 함께 즐기면 좋다.",Y,양촌양조,충남 논산시 양촌면 매죽헌로1665번길 14-9,http://www.yangchon.co.kr/,
안양동동주,국내산 친환경 햇 찹쌀과 햅쌀에 당화력이 좋은 밀 누룩과 보리누룩을 발효제로 사용해 빚은 막걸리로 다양한 재료들이 술의 향과 맛의 조화를 이룬,6,1700ml,"국내산 햅쌀, 국내산 친환경 햇찹쌀",,"키조개 회 무침 안양은 키조개, 한우, 표고버섯이 유명한곳이다. 키조개는 단백질이 많은 저칼로리식품으로 필수아미노산과 철분이 많아 동맥경화와 ",Y,안양주조장,전남 장흥군 안양면 주교비동로 4,,2013 대한민국 우리술품평회 장려상
줄포 생막걸리,"1980년대 부안군 줄포면 동진주조장에서 첫 출시하여 2014년 현재까지 꾸준하게 주질 향상을 위해 품질개선과 공정관리, 위생관리 등에 노력하",6,750ml,국내산 쌀,,"주꾸미볶음, 홍어무침 칼칼한 주꾸미볶음에 줄포 생 막걸리를 곁들이면 청량감과 어울려지는 깔끔한 맛을 느낄 수 있으며 홍어무침과 곁들이면 홍어 ",Y,내변산(동진주조),전북 부안군 행안면 부안농공단지길 14-11,https://shopping.naver.com/fresh/traditionalalcohol/stores/100068999,2014 대한민국우리술품평회 최우수상 (생막걸리 부문)
천마이야기 막걸리,"한방에서는 혈액순환, 두뇌활동개선, 두통에 천마를 처방한다. 100% 무주산 천마와 쌀을 발효하여 만든 프리미엄 막걸리이다. 전통막걸리에 프랑",6,750ml,"팽화미, 입국미, 무주천마분말, 오미자추출액",,"도토리묵, 골뱅이무침 소화기능을 촉진시켜 입맛을 돋우어주는 도토리와 타우린이 풍부하여 노화방지에도 탁월한 골뱅이를 새콤달콤하게 무쳐서 천마이야",Y,농업회사법인산들벗(주),전라북도 무주군 적상면 서창로 72,https://shopping.naver.com/fresh/traditionalalcohol/stores/100074042,2014 대한민국우리술품평회 장려상 (생막걸리 부문)
부안참뽕막걸리(탄산),국내산 쌀로 빚은 막걸리에 오디과실원액과 천연탄산을 첨가하여 특유의 청량감과 달콤함을 느낄 수 있고 뒷맛이 깔끔하고 깨끗한 막걸리이다.,6,950ml,국내산 쌀,,"야채꼬치, 과일 소시지, 대파, 파프리카, 토마토 등의 재료를 꼬치에 꿰어 팬에 구워내는 음식으로 참뽕 막걸리의 달콤한 청량감이 고소한 꼬치구",N,동진주조,전북 부안군 행안면 부안농공단지길 14-11,dongjinwine.modoo.at,
자연담은 복분자막걸리,고창산 쌀과 고창산 1등급 복분자로 빚은 고급막걸리로 국순당의 특허기술인 생쌀발효법으로 빚어 필수아미노산이 풍부하다. 복분자와 쌀이 혼합된 막,6,360ml,"국내산 복분자(고창), 정제수",,복분자 막걸리에 장어구이가 기본이다.,Y,(농)국순당고창명주㈜,전북 고창군 심원면 선운대로 2197,https://shopping.naver.com/fresh/traditionalalcohol/stores/100077970,"2012 대한민국우리술품평회 우수상 (살균막걸리 부문), 2014 대한민국우리술품평회 우수상 (살균막걸리 부문)"
팔공산미나리 생막걸리,미나리 생막걸리는 혈압을 내리고 중금속해독능력이 뛰어난 친환경 미나리를 사용하여 빚은 막걸리로 대구 팔공산 일대의 농가에서 생산하여 5년간 숙,6,750ml,"쌀, 소맥분, 전분당, 정제수, 무농약 미나리추출액, 정제효소, 종국, 효모, 아스파탐, 밀 함유",,"생 미나리 두부무침, 미나리 전미나리는 비타민이 풍부한 알칼리성 식품으로 혈압강하, 해열, 일사병 및 변비 등에 효과가 좋다. 미나리를 활용한",Y,성포양조장,경상남도 거제시 사등면 지석3길3,http://www.xn--oj4b23fvzbgxa733b.kr/,"2013 대한민국우리술품평회 대상 (생막걸리 부문), 2014 SIWC 동상, 2014 Monde-selection 금상"
백년친구 쌀막걸리,술맛이 부드럽고 뒷 향이 은은하게 느껴지는 것이 마시는 이로 하여금 부담을 주지 않으며 또한 뒷맛이 깔끔하고 목 넘김이 좋은 막걸리이다.,6,750ml,"백미, 소맥분",,가지나물 가지를 식물성 기름으로 요리를 하면 불포화지방산과 비타민E를 많이 섭취할 수 있어서 좋은데 막걸리의 부드러운 목 넘김과 은은한 향을 ,Y,만수주조(영농조합법인),경북 영주시 안정면 용주로1364번길 12 베지밀영주대리점,,2012 대한민국우리술품평회 장려상 (생막걸리 부문)
불로생우리쌀막걸리,불로생 우리쌀 막걸리는 50년 전통의 생 막걸리로 효모가 살아있어 특유의 감칠맛을 느낄 수 있을 뿐만아니라 효모에 함유된 판토텐산이 대장의 운,6,750ml,국내산 쌀,,"두부김치, 해물전 두부김치는 따뜻하게 데친 두부에 익은 김치와 돼지고기를 볶아 곁들인 음식으로 아삭한 김치의 맛이 조화를 이루어 막걸리안주로 ",Y,불로생우리쌀막걸리,대구 중구 명륜로 12길 16,http://www.daegutakju.co.kr/main/main.htm,2011 대한민국우리술품평회 최우수상(생막걸리 부문)
하얀연꽃 백련생막걸리,신평양조장은 막걸리를 옛날의 술로 머물게 하지 않고 오늘날 우리 삶 속에서 같이 호흡할 수 있도록 막걸리의 모던 프리미엄주의를 지향한다. 간척,7,"375ml, 750ml","국내산 백미, 국내산 백련잎",식품명인2013 찾아가는 양조장,"스테이크 프리미엄 막걸리인 하얀연꽃 백련 생 막걸리는 스테이크와도 거부감 없이 잘 어울리며 감자, 당근, 콩, 옥수수, 시금치 같은 채소요리를",Y,신평양조장,충남 당진시 신평면 신평로 813,http://www.koreansul.co.kr,2014 대한민국 우리술품평회 생막걸리 부문 대상
울금생막걸리 정,쌀을 주재료로 한 막걸리에 울금을 첨가하여 특허를 받은 막걸리이다. 입안에서 감도는 울금 특유의 향과 마시고난 후 오랫동안 여운을 주는 감미로,6,750ml,"국내산 쌀, 국내산 울금",,"김치전 김치전은 잘 익은 김치의 맛이 배어나와 막걸리와 잘 어울리는 음식인데, 울금 생막걸리 특유의 향이 김치의 텁텁한 맛을 감해주어 더욱 좋",Y,영덕주조,경북 영덕군 강구면 소월1길 16-10,http://www.ydjujo.co.kr,2013 대한민국우리술품평회 우수상 (생막걸리 부문)
세종 쌀막걸리,세종 쌀 막걸리는 부드러운 맛을 음미할 수 있고 달달하며 청량감이 살아있다. 특히 밀을 넣어 감칠맛을 돋우어준 충북청주의 유명막걸리로 부드러운,6,"750ml, 1200ml, 1700ml",국내산 쌀,2015 찾아가는 양조장,해물 찜 해물 찜은 각종해물과 콩나물을 매콤한 양념에 버무려 푸짐하게 만들면 여럿이 둘러앉아 먹기 좋은 막걸리 안주가 된다. 콩나물은 아스파라,Y,조은술 세종,충북 청주시 청원구 사천로 18길 5-2,http://www.joeunsulsj.co.kr,2013 대한민국우리술품평회 장려상 (살균막걸리 부문)
구암대추막걸리,"청송의 맑은 물과 수목이 가득한 자연 속에서 직접 재배한 양질의 대추로 만든 대추엑기스, 국내산 100% 쌀로 정성껏 빚어 목 넘김이 부드러운",6,1000ml,"쌀, 대추",,가벼운 안주와 어울린다.,Y,구암농산,경북 청송군 얼음골로340-65,,2010 대한민국우리술품평회 대상 (살균막걸리 부문)
솔청정막걸리,"솔잎은 위장병, 고혈압, 중풍 등 민간요법에서 만병통치약으로 여겨져 왔으며, 과거 양주문헌에서 전해지는 전통제조방법을 참고하고 최신 발효법에 ",6,,국내산 쌀,,"두부 전 당근, 양파, 대파, 피망 등의 다진 야채와 으깬 두부를 소금, 후추, 다진 마늘로 간을 하고, 계란을 풀어 섞은 후 달군 팬에서 구",N,조선양조,,,2011 대한민국우리술품평회 대상 (살균막걸리 부문)
백년친구 풍기홍삼막걸리,경북 영주시(풍기)는 토질이 대부분 사질양토로 배수가 잘되어 타지방 인삼보다 육질이 단단하고 사포닌 함량이 우수한데 백년친구 풍기홍삼 막걸리는,6,"750ml, 900ml","국내산 쌀, 홍삼",,"호박전 호박은 소화가 잘되므로 위가 약하고 마른 사람, 회복기 환자에게 좋은 음식인데, 사포닌이 함유된 홍삼막걸리와 궁합이 잘 맞는다. 애호박",Y,만수주조(영농조합법인),경북 영주시 안정면 용주로1364번길 12 베지밀영주대리점,,2012 대한민국우리술품평회 최우수상 (살균막걸리 부문)
하얀연꽃 백련막걸리,신평양조장은 막걸리를 옛날의 술로 머물게 하지 않고 오늘날 우리삶속에서 같이 호흡할 수 있도록 막걸리의 모던프리미엄주의를 지향한다. 하얀연꽃 ,7,375ml,국내산 쌀,식품명인2013 찾아가는 양조장,"스테이크 스테이크는 감자, 당근, 콩, 옥수수, 시금치 같은 채소요리를 곁들이고 소스 없이 막걸리와 함께 먹으면 담백한 막걸리의 맛이 은은하게",Y,신평양조장,충남 당진시 신평면 신평로 813,http://www.koreansul.co.kr,"2012 대한민국우리술품평회 대상 (살균막걸리 부문), 2013 IWSC 동상, 2013 NYWSC 동상"
새송이 쌀막걸리 정,쌀을 주재료로 한 막걸리에 새송이버섯을 첨가하여 특허를 받은 막걸리이다. 과하지 않은 단맛과 탄산의 상쾌한 맛이 적당하며 한 여름에 시원하게 ,6,750ml,"국내산 쌀, 새송이버섯",,감자전 노릇하고 고소한 감자전은 술안주로 좋은데 새송이 쌀막걸리의 상쾌한 탄산 맛이 전의 느끼함을 없애주어 시원하게 즐길 수 있다.,Y,영덕주조,경북 영덕군 강구면 소월1길 16-10,http://www.ydjujo.co.kr,2012 대한민국우리술품평회 장려상 (살균막걸리 부문)
부자 10%,부자 10도는 지금의 서울인 경성지방일대의 상류층에서 합주라하여 음용되던 고급탁주를 현대인의 입맛에 맞도록 복원·발전시켜 빚어낸 탁주로 합주는,10,375ml,경기미 100%,2016 찾아가는 양조장,"양념장순두부, 생선전 식감이 부드러운 순두부는 목넘김이 부드러운 막걸리와 함께 먹기에 좋은 안주이다. 순두부는 뜨끈할 때 양념장을 얹어 먹으면",N,배혜정도가,경기도 화성시 정남면 서봉로 835,http://www.baedoga.co.kr/,"2013 대한민국우리술품평회 최우수상 (살균막걸리 부문), 2014 IWSC 동상, 2014 Monde-selection 은상"
톡쏘는 쌀 막걸리,국내산 쌀 100%로 빚은 막걸리로 사과 막걸리 등으로 유명한 경기 가평의 우리술의 일본수출 주력 막걸리이다. 살균막걸리지만 톡쏘는 탄산에 생,6,"750ml, 950ml",국내산 쌀,,"새우전, 녹두전 새우전과 녹두전 등 고소하지만 기름진 전류와 함께 마시면 톡 쏘는 맛이 입을 개운하게 해주어 전의 맛을 돋궈준다.",Y,우리술,경기 가평군 하면 대보간선로 29,http://www.woorisool.kr,"2010 소믈리에 햅쌀막걸리 품평회 1위선정, 2011 대한민국우리술품평회 우수상 (살균막걸리 부문), 2011 농식품부 수출전진대회 건배주"
산천어막걸리,첫 담금을 입국미의 함량을 높여 저온 장기 발효하여 입국미와 토종효모의 향긋한 향과 두번째 담금의 팽화미로 장기간 발효하고 거른 후 1도에서 ,6,750ml,"정제수,팽화미(쌀/외국산),입국(쌀),국(밀),설탕,정제효소제, 효모,아스파탐(감미료,페닐알라닌 함유)",,"산천어회, 산천어 구이, 쏘가리 매운탕 등 화천의 음식에 곁들이는 것을 추천한다.",Y,화천주가,강원 화천군 하남면 공단길 18,,"2012년 대한민국 우리술 품평회 대상 ,2013년 IWSC 은상 수상"
미몽 (단종),,7,360ml,"국내산 쌀, 국내산 인삼",,,N,국순당,강원도 횡성군 둔내면 현천리 120,http://www.ksdb.co.kr,
지장수 호박막걸리,지장수 호박막걸리는 국내산 쌀과 천연 지장수를 원수로 하여 발효과정에 국내산 호박을 첨가하여 영양성을 높였으며 고유의 노란빛깔로 맛을 돋구어 ,6,550ml,"정제수(지장수), 쌀, 효모, 누룩, 과당 등",,두부김치 잘 익은 김치와 담백한 맛의 두부를 호박막걸리와 함께하면 깊고 부드러운 맛과 어울러져서 호박막걸리의 맛을 더욱 돋구어준다.,Y,낙천,강원도 동해시 공단2로 73,https://nakchun.modoo.at/,2014 대한민국우리술품평회 최우수상 (살균막걸리 부문)
미담,"우리 쌀로 만든 미담 생막걸리는 15일간 장기발효방법으로 제조하여 효모가 살아있고, 자연발효에 의해 생성된 탄산가스가 청량감과 감칠맛을 돋운다",6,750ml,국내산 쌀,,두부김치 막걸리가 생각날 때 담백한 두부에 양념해 볶은 김치를 얹어먹으면 부드러운 미담 생막걸리의 깔끔한 맛과 김치가 잘 어울린다.,Y,(주)성광주조,충청남도 당진시 순성면 봉소길,https://www.facebook.com/skbw.co.kr,2010 대한민국우리술품평회 최우수상 (생막걸리 부문)
고향생막걸리,100% 국내산 쌀과 303m 천연지하암반수를 사용하여 자연발효 후 온도와 습도가 일정한 지하저온저장고에서 장기저온숙성시켜 맛이 부드럽고 숙취,6,750ml,국내산 쌀,,"김치잡채 김치잡채는 당면과 함께 김치를 넣어서 만드는데, 김치와 돼지고기, 각종야채가 들어가 담백하면서 아삭한 씹히는 맛이 막걸리의 맛을 살려",Y,(주) 찬우물,인천시 강화군 선원면 강화동로 990번지,,2010 대한민국우리술품평회 장려상 (생막걸리 부문)
솔바람생막걸리,전국 세청기술 연구소장이 40년간의 제조비법으로 재현한 전통적 맛의 막걸리로 약수로 유명한 충청북도의 지하100m 천연 암반수에 100% 국내,6,750ml,국내산 쌀,,감자전 감자전은 밀가루를 넣지 않고 감자만으로 전을 부치는데 감자를 곱게 갈아 체에 밭쳐 물기를 충분히 빼고 부쳐야 맛있다. 여기에 솔바람 생,N,(주)조선양조,,,2010 대한민국우리술품평회 최우수상 (생막걸리 부문)
왕매실 막걸리,"2002년도에 1,400여 농민들이 매실 10만본을 식재한 후 수확량이 현재 연간 100여 톤에 이르며 농식품부지원하에 가공, 생산하게 되었다",6,750ml,"국내산쌀, 매실원액1%",,꼬막전꼬막전은 삶아낸 꼬막의 살을 발라 달걀옷을 입혀 전을 부치는데 꼬막전의 기름기와 약간의 비릿한 냄새를 매실의 신맛과 탄산이 잡아주어 깔끔,Y,순성왕매실영농조합,충남 당진시 순성면 매실로 398,,2012 대한민국우리술품평회 최우수상 (생막걸리 부문)
삼막걸리,입국을 사용한 전통방식에 현대식 제국기를 사용하여 주질안정화 및 품질표준화를 이룬 삼막걸리이다. 삼막걸리는 장기간 발효에 의해 제조되어 생효모,6,500ml,"쌀, 산양산삼, 올리고당",,생선전 흰 살 생선을 노릇하게 구운 생선전에 삼막걸리를 마시면 건강도 좋아지고 시원한 막걸리의 청량감이 기분도 좋게 한다.,N,양운양조,경기도 광주시 도척면 노곡리 388-4,,2011 대한민국우리술품평회 우수상 (생막걸리 부문)
입장탁주,쌀을 익히지 않고 자연그대로 발효시키는 생쌀발효법으로 만들어진 생막걸리로 순수쌀 100%로 빚은 술이다. 9~10일간 저온발효하여 숙취와 트림,7,750ml,국내산 쌀,,"매운 갈비찜입안에서 불이 날 정도로 매운 갈비찜은 약간의 단맛과 신맛, 그리고 톡 쏘는 청량감이 있는 입장탁주에 잘 어울린다.",Y,(농) 입장주조㈜,충남 천안시 서북구 입장면 성진로 808,https://yeonmiju.modoo.at/,"2010 대한민국우리술품평회 우수상 (생막걸리 부문), 2012 대한민국 우리술품평회 우수상 (생막걸리 부문)"
유자생막걸리,유자생막걸리는 남녀누구나 부담 없이 즐길 수 있는 막걸리를 개발하기 위하여 장기간의 노력 끝에 만들어진 제품으로 겨울이 제철인 유자를 사용하여,5,750ml,"경기미 75%, 유자 국내산20% , 맥아당 5%",,녹두빈대떡 녹두빈대떡의 고소하지만 기름진 맛에 청량감이 살아있는 유자생막걸리 한잔이 속을 개운하게 해준다.,N,배혜정도가,경기도 화성시 정남면 서봉로 835,http://www.baedoga.co.kr/,"2013 대한민국우리술품평회 최우수상 (생막걸리 부문), 2014 IWSC 은상, 2014 Monde-selection 은상"
이천쌀생막걸리,내륙 중앙에 위치한 이천은 분지형 지형으로 일교차가 크고 일조량이 많아 임금님진상미로 유명한 국내제일의 쌀 생산지역이다. 이천쌀생막걸리는 10,6,"750ml, 1,500ml",국내산 쌀,,두부김치 두부김치는 완전히 익은 김치로 만들어야 제 맛을 느낄 수 있는데 잘 익은 김치의 깊은 맛과 담백한 두부가 이천쌀생막걸리 깊은 맛과 탄,Y,오성주조장,경기 이천시 단월로28번길 3,,2011 대한민국우리술품평회 장려상 (생막걸리 부문)
고향인삼막걸리,국내산 쌀과 303m 천연지하암반수를 사용하여 자연발효 후 온도와 습도가 일정한 지하저온저장고에서 장기 저온 숙성시켜 맛이 부드럽고 숙취가 없,6,750ml,"국내산쌀90%, 국내산인삼10%",,"고등어조림 고등어를 묵은지와 함께 푹 익혀서 먹는 고등어조림은 감칠맛이 좋아 밥반찬으로도 좋은데, 인삼 특유의 맛과 향이 고등어의 비린 맛을 ",Y,(주) 찬우물,인천시 강화군 선원면 강화동로 990번지,,2010 대한민국우리술품평회 우수상 (살균막걸리부문)
대포막걸리(단종),100% 국내산 쌀로만 빚어 맛이 깔끔하고 목 넘김이 부드러우며 막걸리의 단점이었던 숙취와 트림이거의 없다. 또한 기존막걸리와는 달리 합성감미,7,425ml,국내산 쌀,,북어포무침 북어는 미나리를 듬뿍넣고 매콤하고 새콤한양념에 무쳐서 먹으면 막걸리 안주로 좋은데 담백한 대포막걸리에 북어의 구수한맛과 양념이 잘 ,N,배상면주가,경기도 포천시 화현면 화현리 512,http://www.sansawon.co.kr,2010 대한민국우리술품평회 장려상 (살균막걸리 부문)
황도배기 햅쌀막걸리,"국내 최초로 원적외선이 방출되는 황토 토굴에서 발효, 숙성시키며 100% 국내산 햅쌀을 증자후 저온에서 장기간 발효시키는 방법으로 빚어 막걸리",6,900ml,고창 황토배기 햅쌀,,꼬막무침 오동통한 살이 입맛을 자극하는 싱싱한 꼬막무침은 한입베어물면 톡 터지는 육즙이 예술인데 햅쌀막걸리의 향이 푸짐한 꼬막무침의 맛을 돋운,Y,우리술,"경기 가평군 하면 대보간선로 26, 29",http://www.woorisool.kr,2011 대한민국우리술품평회 장려상 (살균막걸리 부문)
예화,"""예화""는 오랜 전통의 ""가야곡왕주""가 ""대윤가야곡주조""로 새출발을 하며 현대적 감성을 가진 진화하는 전통주 상품개발의 일환으로 선보인 제품입",13,750ml,"쌀, 누룩, 효모, 물엿, 정제수",,맑은 황금빛의 색을 가지고 있으며 쌀로 빚은 술이지만 익은 과실향과 훈연된 향기가 동시에 올라옵니다. 술을 마시면 살균했을 때 올라오는 고소함,Y,농업회사법인 대윤가야곡주조(주),충청남도 논산시 가야곡면 매죽헌로 809,https://dygayagok.modoo.at/,
예담은 한산소곡주,&amp;amp;quot;한산소곡화주&amp;amp;quot;는 국내산 찹쌀과 누룩을 주원료로 빚은 오랜 전통과 역사를 자랑하는 전통주입니다.,16,750ml,"찹쌀, 멥쌀, 누룩, 대두, 구절초",,진한 담황색의 술입니다. 술의 단맛이 술이 오래 익었을 때 나오는 캐러멜 향과 잘 섞여 있습니다. 알코올의 자극적인 맛이 식도를 타고 식도를 ,Y,한산예담은소곡주,충청남도 서천군 한산면 한마로 5,http://xn--399a58ii8nflevubg8d.com/,2018 대한민국 우리술품평회 약청주 최우수상
연천 연주,경기도 최북단 DMZ의 민통선에 위치한 연천양조장에서 연천 고래실논에서 재배되는 연천쌀과 누룩으로 빚은 연천 연주는 전통방식의 약주인데 단맛이,12,500ml,"쌀(국내산), 누룩, 정제수",,기분 좋은 황갈색을 띤 무감미료 수제 약주. 은은한 누룩향이 먼저 피어오르는 첫인상을 가지고 있습니다. 입에 머금으면 기분 좋은 산미와 단맛이,Y,농업회사법인 연천양조(주),경기도 연천군 마산면 청정로 1738번길 15,https://ksool88.modoo.at/?NaPm=ct%3Dkir32h1s%7Cci%3Dcheckout%7Ctr%3Dds%7Ctrx%3D%7Chk%3D380dda2b0aee2f746e76660e4e3a034cd2049c13,
애석,"""애석""은 쌀과 누룩만으로 빚어낸 석탄주입니다. ""석탄주""는 애석할 석(惜)자 삼킬 탄(呑)으로서 옛 고서에서 술의 맛과 향이 우수하여 감히 ",15,500ml,"국내산쌀, 누룩, 정제수",,석탄주가 단맛을 많이 자아내는데 반해 &quot;애석&quot;은 단맛이 많이 느껴지지 않고 산미 또한 적은 편입니다. 감칠맛이 돋보이고 산뜻,Y,농업회사법인 (주)두루,강원도 홍천 내촌면 용포길 31-25,https://shopping.naver.com/fresh/traditionalalcohol/stores/100441845,
신선주,"오래전부터 약주를 장기간 복용하게 되면 늙지도 않고 머리가 검어지며, 동안이 되어 결국에는 신선처럼 된다는 전설이 내려옵니다. &quot;신선",16,750ml,"쌀, 능금, 신선초, 천궁, 구기자, 당귀솔잎, 대추, 인삼",시도무형문화재 충청북도 제4호,아주 맑은 황금빛의 술이며 당귀 등과 곡물에서 나오는 약재향과 고소함이 잘 올라옵니다. 단맛과 신맛이 잘 갖춰져 있으며 처음 입 안에 들어오는,Y,용두산조은술,충북 제천시 송학면 송학주천로647,https://joeunsul.com/,
세종 오가닉,100% 유기농 원료로 만든 &amp;quot;Organic&amp;quot;은 &amp;quot;2014년 지역희망 박람회 지역특화상품전&a,13,375ml,"정제수, 유기농 백미, 국, 효모, 정제효소, 구연산",2015 찾아가는 양조장,누룽지 향이 강하게 올라오고 단맛은 적고 산미가 있어 목넘김이 깔끔하고 입 안 전체에 퍼지는 느낌이 좋습니다. 생선찜과 잘 어울립니다.,Y,조은술 세종,충북 청주시 청원구 사천로 18길 5-2,http://www.joeunsulsj.co.kr,2014년 지역희망 박람회 지역특화상품전 산업통상자원부 장관상
설련주,설련주는 식품명인 제74호로 지정된 곽우선 명인이 빚은 약주입니다. 진흙에서 피어도 깨끗한 백련처럼 세상을 살고자 했던 조상의 뜻을 잊지 않기,16,750ml,"백련, 찹쌀, 멥쌀, 누룩",식품명인,"기분 좋은 담황색으로 시작하는 약주입니다. 부드러운 산미가 입속을 감싸주며, 이내 쌀 향이 주는 매끈한 단맛으로 후미를 장식합니다. 가벼운 누",Y,영농조합법인 석전상온전통주가,경북 칠곡군 왜관읍 동산2길19,http://blog.naver.com/sjsangon,
석탄주 약주,"""석탄주""는 애석할 석(惜)자 삼킬 탄(呑)으로서 옛 고서에서 술의 맛과 향이 우수하여 감히 삼키기가 아깝다라고 전해오고 있습니다. 임원십육지",15,500ml,"국내산 찹쌀, 누룩, 정제수",,옅은 황금색의 색을 가진 석탄주입니다. 살짝 코끝을 스치는 시트러스 계열의 과실향이 다가오지만 이내 이 술이 추구하는 바가 무엇인지 알게 됩니,Y,케이소주(전주가양주연구소),전북 전주시 완산구 중산중앙로27. 3층,https://ksoju.modoo.at/,
서주 16%,"""서주""는 감자술을 한자로 적은 이름입니다. 일반 감자술 제품을 좀더 숙성 시키고 고급스러운 도자기에 담아낸 프리미엄 제품입니다. 국내 유일의",16,400ml,"백미(국내산), 감자(국내산), 누룩, 효모, 정제수",,살짝 갈아놓은 감자에서 느낄 수 있는 식감이 있습니다. 맑은 연두 빛의 개성 있는 색깔에 담백한 단맛이 느껴집니다. 너무 맵고 짠 음식은 자칫,Y,오대서주양조,오대서주양조,http://www.pcwine.co.kr/main/index,
모든날에,"모든날에 15도는 청정지역 양양에서 난 쌀과 한계령 맑은 지하수로 빚어낸 프리미엄 약주이다. 물과 쌀, 누룩 외에 다른 첨가물이 들어가지 않은",15,500ml,"정제수48.8%, 찹쌀(국내산, 39%), 멥쌀(국내산, 7.8%), 밀누룩4.4%",,"새우, 문어",Y,양양술곳간,강원도 양양군 강현면 안골로 221-7,https://yangyangsoolgodgan.com/,
모을동주 약주,모을동주 약주는 철원군농민회가 주축이되어 설립한 대작영농조합에서 생산한 철원 오대쌀 100%로 빚은 술이다. 찰지고 맛 좋기로 유명한 철원 오,13,375ml,"쌀(국내산), 조제종국 효모, 정제효소, 정제수",,기분 좋은 담황색을 띠고 있는 약주다. 마치 하늘에서 내리는 꽃비와 같은 경쾌한 색이다. 새콤한 맛에서 시작하지만 이내 뭉근한 터치감이 입속을,Y,대작영농조합법인,강원도 철원군 동송읍 이평로34번길 20-28,https://blog.naver.com/daejak_ricewine,
방문주 약주,"방문주(方文酒)는 이름 그대로 술 빚는 방법대로 빚은 술 을 뜻한다. 방문주는 주로 봄, 가을철에 빚는 술로 알려져 있는데, 문헌 및 가전비법",15,500ml,"국내산 찹쌀, 누룩, 정제수",,"옅은 황금색을 가진 방문주로 진한 과실향 보다는 신선한 곡물의 향이 떠오르는 느낌이다. 단맛은 배제되어 있지만, 후미에서 느껴지는 독특한 맛이",Y,케이소주,전북 전주시 완산구 중산중앙로27. 3층,https://ksoju.modoo.at/,
별바랑,별바랑은 안동 바랑골에서 농사를 지은 쌀과 5대째 내려오고 있는 발효기법이 합쳐져 만들어진 술이다. 바랑은 승려들이 등에 지고 다니는 자루 모,17.5,375ml,"국내산 찹쌀, 국내산 멥쌀, 누룩, 정제수",,"진한 아이보리 빛깔의 술로 잘 익은 술에서 오는 캐러멜 맛이 입 전체를 감싼다. 단맛이 주를 이루지만 적절한 산미가 술의 느끼함을 없애주고, ",Y,금계당,"경북 안동시 일직면 돌고개길 9, 1층",https://smartstore.naver.com/goldenchicken,
모월 청,"지방분이 없도록 잘 씻은 불려 고두밥을 짓고 식힌 뒤, 물과 누룩과 혼합해 발효실로 옮깁니다.발효가 된 밑술에 다시 덧술을 넣고,22도 미만의",16,500ml,"쌀(국내산), 누룩, 정제수",,"육류 ,생선회",Y,모월,강원 원주시 판부면 판부신촌길 84,http://www.mowall.co.kr/,
명인 홍삼주,명인 홍삼주는 약효가 뛰어난 5년근 이상의 인삼을 저온 발효시켜 생산하는 한국을 대표하는 전통주이다. 삼국시대 백제 때부터 제조되었다고 구전되,12.5,360ml,"쌀, 홍삼, 누룩, 정제수 등",식품명인,진한 황금빛의 술에 연하게 인삼향이 올라온다. 술을 마시고 난 첫 맛은 달고 그 뒤로 인삼의 특유의 쓴맛이 거부감 없이 퍼진다. 술은 전체적으,Y,금산인삼주,충남 금산군 금성면 파초길 23,https://insamwine.modoo.at/?link=8tk48kfo,
면천두견주 900,국가지정 중요 무형문화재 86-2호 면천두견주는 고려의 개국공신인 복지겸의 전설과 관련이 있는 술이다. 찹쌀과 두견화라 불리는 진달래꽃을 섞어,18,900ml,"국내산 찹쌀, 누룩, 진달래꽃",무형문화재,면천두견주는 짙은 담황색을 띄고 있으며 진달래향과 함께 손에 닿으면 끈적할 정도로 단 맛이 일품이다. 알코올 도수가 18도로 발효 약주 가운데,N,면천두견주,충남 당진시 면천로 성하로 250,http://www.면천두견주.한국,
면천두견주 700,국가무형문화재 86-2호 면천두견주는 고려의 개국공신인 복지겸의 전설과 관련이 있는 술이다. 찹쌀과 두견화라 불리는 진달래꽃을 섞어 빚는 술로,18,700ml,"국내산 찹쌀, 누룩, 진달래꽃",무형문화재,면천두견주는 짙은 담황색을 띄고 있으며 진달래향과 함께 손에 닿으면 끈적할 정도로 단 맛이 일품이다. 알코올 도수가 18도로 발효 약주 가운데,Y,면천두견주,충남 당진시 면천로 성하로 250,http://www.면천두견주.한국,
면천두견주 360,국가무형문화재 86-2호 면천두견주는 고려의 개국공신인 복지겸의 전설과 관련이 있는 술이다. 찹쌀과 두견화라 불리는 진달래꽃을 섞어 빚는 술로,18,360ml,"국내산 찹쌀, 누룩, 진달래꽃",무형문화재,면천두견주는 짙은 담황색을 띄고 있으며 진달래향과 함께 손에 닿으면 끈적할 정도로 단 맛이 일품이다. 알코올 도수가 18도로 발효 약주 가운데,Y,면천두견주,충남 당진시 면천로 성하로 250,http://www.면천두견주.한국,
매실향기 담은 술,"""매실향기 담은 술""은 충북 청주시에 위치한 양조장 명세주가에서 국내산 쌀로 정성껏 빚어 발효시킨 동동주에 매실을 발효시켜 만든 효소액을 첨가",14,500ml,"국내산 쌀, 효모, 조효소재, 물엿, 아스파탐, 정제수",,여름 과실인 매실이 들어간 만큼 상큼한 청량감이 느껴진다. 약주계열이지만 곡주 및 약재의 느낌은 거의 느껴지지 않는다. 다만 후미에서 느껴지는,Y,명세주가,충북 청주시 상당구 가덕면 한계길 32-5,https://mssool.co.kr/,
맑은술 해밀,"""맑은술 해밀""은 40 여년간 약주와 탁주, 한국와인 등 지역 농임산물을 활용하여 다양한 술을 빚어온 내변산양조장에서 2018년 새롭게 선보인",15,500ml,"쌀, 누룩, 정제수",,가벼운 멜론향으로 시작하는 색 다른 느낌이 있는 술이다. 미끈한 목 넘김에 진하지 않은 신맛과 잔잔한 여운으로 마무리되는 달콤한 맛이 특징이다,Y,내변산양조장,전북 부안군 행안면 부안농공단지길 14-11,https://shopping.naver.com/fresh/traditionalalcohol/stores/100068999,
맑은내일 우포,맑은내일 우포는 쌀과 밀누룩을 사용해 만든 약주에 창녕의 특산물 양파를 넣어 완성한 맑고 깔끔한 맛이 매력적인 약주이다. 양파를 원료로 완성해,12,"325ml, 500ml","국내산 쌀, 옥수수전분, 효모, 누룩, 양파, 정제수",,"약주 특유의 담황색을 가지고 있지만 한약 향 등은 전혀 느껴지지 않는 맑은술이다. 옥수수에서 나오는 듯 한 고소함이 있으며, 입속에 머금는 순",Y,우포의아침,"경남 창녕군 대지면 대지농공단지길 40, (2공장) 경남 창원시 의창군 북면 천주로 1173번길29",http://www.woopo.net,
맑은 문희주,맑은술 문희주는 묵직하고 짙은 맛의 탁주를 자연침전과 오랜 숙성의 기다림으로 맑게 걸러낸 부드럽고 깊은 맛의 술이다. 13%의 도수로 목 넘김,13,750ml,"국내산 유기농찹쌀, 국내산 멥쌀, 전통누룩, 정제수",2015 찾아가는 양조장,담황색의 술 빛에 수정과 향이 난다. 밀가루에서 나온듯한 맑은 산미와 벌꿀의 단맛이 술을 묵직하게 만들어 입 안을 자극시킨다. 여운이 오래간다,Y,문경주조,경상북도 문경시 동로면 노은리 192번지,https://mgomijasul.modoo.at/,
마주 소곡주,"""마주 소곡주""는 국내산 찹쌀과 누룩을 주원료로 빚은 오랜 전통과 역사를 자랑하는 전통주이다. 직접 재배한 찹쌀과 모싯잎 등 재료와 우리밀 누",16,500ml,"국내산 찹쌀, 국내산 백미, 모싯잎, 우리밀 누룩, 정제수, 효모",,"다소 짙은 담황색을 가진 약주다. 향에서는 가벼운 새콤함이 올라오지만, 맛을 보는 순간 찹쌀이 주는 매끈함과 단맛이 그대로 올라오며 가벼운 신",Y,옥순가 소곡주 마주,충청남도 서천군 서초면 시초동로 88-1,https://smartstore.naver.com/oksoonga/products/4785125963,
동학 1957,&amp;quot;동학1957&amp;quot;은 물맑은 충주에 자리잡은 고헌정영농조합법인에서 만든 청주이다. 2014년부터 호주 등 해외로 ,13,"375ml, 700ml","국내산 쌀, 구연산, 효모, 젖산, 정제효소제, 국, 주정, 정제수",,"깨끗한 담황색인 청주다. 코끝에서 뭉근하게 느껴지는 쌀 향이 특징으로 느껴진다. 입안에 머금은 순간 담백함이 먼저 시작되며, 이내 쌀 특유의 ",Y,고헌정영농조합법인,충북 충주시 산척면 샛강영길 39,https://smartstore.naver.com/gohunjung,
대통대잎술,"사군자(四君子) 중 하나인 대나무는 많은 문인고사들이 그 청고하고 단아한 정취와 품격을 나타내고자 사용한 예술에 불가결의 존재였으며, 동시에 ",15,700ml,"쌀, 누룩, 갈근, 구기자, 솔잎, 진피 등",식품명인2014 찾아가는 양조장,기분을 좋게 하는 옅은 꽃향이 올라오고 맑은 단맛과 산미 등 오미의 균형이 잘 갖춰져 있다. 바디감과 목넘김이 가볍고 대나무 통으로 마시는 재,Y,추성고을,전남 담양군 용면 추령로 29,http://www.chusungju.co.kr,
대윤 가야곡 왕주,"""대윤가야곡주조""는 오랜 전통의 ""가야곡왕주""가 ""대윤가야곡주조""로 새출발을 하며 현대적 감성을 가진 진화하는 전통주 상품개발의 일환으로 선보",13,300ml,"쌀, 누룩, 효모, 물엿, 정제수",,맑은 담황색의 술이다. 푹 익은 곡물에서 나오는 조청향이 있다. 단맛과 신맛의 조화가 잘 갖춰져 있고 술맛이 튀지 않는다. 목넘김이 깔끔하고 ,Y,대윤가야곡주조,충청남도 논산시 가야곡면 매죽헌로 809,https://shopping.naver.com/fresh/traditionalalcohol/stores/100112678,
녹파주,녹파주는 우리나라 최초로 발간된 요리책인 [산가요록]에 실려있던 고려시대 대표주이다. 여러 고문헌에도 제조법이 수록되어 있는 것으로 보아 그 ,15,375ml,"국내산 찹쌀, 멥쌀, 누룩, 정제수",식품명인2015 찾아가는 양조장,"잔잔하고 은은한 향에서 출발하여, 매끄러운 단맛으로 끝나는 술. 튀지 않는 맛에서 기품이 느껴지는 술이다. 향에서 올라오는 은은한 맛을 즐기기",Y,솔송주(명가원),경남 함양군 지곡면 지곡창촌길3,https://shopping.naver.com/fresh/traditionalalcohol/stores/100074038,
기다림 맑은술,"""기다림 맑은술""은 깔끔한 느낌을 유지하면서도 주원료인 찹쌀의 감칠맛을 살린 순하면서도 묵직함을 겸비하고 있는 약주이다. 단어로 정의 할 수 ",15,500ml,"국내산 멥쌀, 국내산 찹쌀, 곡자, 정제수",,가을의 화창한 하늘에 비친 황금빛 논밭이 생각나는 색. 좋은 곡물로 만든 기분 좋은 잔향이 살짝 느껴진다. 맛을 보면 의외의 반전이 있는데 달,Y,제이케이크래프트,부산광역시 동래구 사직북로48번길 34,http://gidarim.co.kr/,
구기홍주 360,"청양 특산품인 구기자 추출액을 발효 원주와 함께 발효하여 맑은 술만 추가로 걸러 100일 이상을 초저온(10도 이하) 숙성한 후, 정밀 여과를",14,360ml,"정제수, 쌀(국내산), 쌀가루(국내산), 국, 효모, 효소, 구기자추출액7.95%(고형분구기자5%, 맥문동1.25%), 올리고당, 아세설팜칼륨(합성감미료), 카라멜색소",,"상큼한 과일, 한과, 정과",Y,농업회사법인 아리랑주조,충청남도 청양군 대치면 방죽골길 46-19,https://smartstore.naver.com/arirangjujo,
감자술 13%,"""감자술""은 국내 유일의 감자를 주원료로 만든 약주이다. 강원도의 특산품 감자를 발효시켜 빚은 술로 감자와 곡물이 어우러져 은은한 향이 풍미를",13,700ml,"국내산 백미, 국내산 감자, 누룩, 효모, 정제수",,살짝 갈아놓은 감자에서 느낄 수 있는 식감이 있다. 맑은 연두빛의 개성 있는 색깔에 담백한 단맛이 느껴진다. 너무 맵고 짠 음식은 자칫 감자술,Y,오대서주양조,강원도 평창군 진부면 영정게길57-1,http://www.pcwine.co.kr/main/index,
그리움,전통 차례주 그리움은 어떠한 첨가물도 들어있지 않고 질 좋은 경기미로만 만들어져 있어 명절 기름진 음식에 어울리는 담백한 차례주이다. 저온 발,14,700ml,"국내산 쌀, 누룩, 효모, 정제수",2017 찾아가는 양조장,,Y,술샘,경기도 용인시 처인구 양지면 죽양대로 2298-1,http://www.sulseam.com,
여민락주,"조선시대 임금님께 진상하던 여주쌀과 국산 누룩, 천연 암반수를 사용하고 전통발효기법을 이용하여 100일동안 3번의 숙성과 거르는 작업을 통해 ",16,500ml,"국내산 쌀, 누룩, 효모, 정제수",,,Y,여주육묘영농조합법인,경기도 여주군 가남면 연대리 566,,
지리산 강쇠,"순곡과 누룩을 60일 동안 전통 발효법으로 숙성시킨 후 지리산 약초 복분자, 오미자, 산수유, 하수오, 구기자, 산사 등의 약재 10여종과 빚",13,375ml,"정제수, 쌀, 누룩, 오가피, 산수유, 오미자, 정백당 ,구연산, 정제효소, 야관문",,"감자탕, 부침개",Y,농업회사법인(유)술소리,전라북도 남원시 노암동 843-1,https://sulsori.modoo.at/?link=biu8g67n,
심술 10,깔라만시와 자몽을 쌀과 함께 빚은 스파클링 라이스 와인이다. 열대 과일의 단맛과 새콤한 맛이 느껴진다. 적당량의 탄산이 주는 경쾌하고 깔끔한 ,10,330ml,"정제수, 옥수수전분, 기타과당, 백설탕, 주정, 젖산, 과채가공품, 이산화탄소,국,활성건조효모,아세설팜칼륨",,"육회, 해물파전, 피자",Y,배상면주가,경기도 포천시 화현면 화현리 512,http://www.sansawon.co.kr,
심술 7,블루베리와 포도를 쌀과 함께 빚은 스파클링 라이스 와인이다. 과일의 단맛이 은은하게 느껴지며 적당량의 탄산이 주는 경쾌하고 깔끔한 맛이 특징이,7,330ml,"정제수, 옥수수전분, 기타과당, 백설탕, 주정, 젖산, 과채가공품, 이산화탄소,국,활성건조효모,아세설팜칼륨",,"빵, 치즈, 과일",Y,배상면주가,경기도 포천시 화현면 화현리 512,http://www.sansawon.co.kr,
라이스퐁당,"부산 찹쌀과 누룩, 정제수를 사용해 찹쌀 이양주로 빚은 약주이다. 삼지구엽초와 감초 등 한약재를 우린 물로 빚어 풍미를 더했다. 전통방식의 저",13,500ml,"정제수, 찹쌀, 누룩, 삼지구엽초, 감초",,"생선회, 과일, 스테이크",Y,벗드림양조장,부산광역시 북구 만덕동 921-13번지 2층,https://smartstore.naver.com/butdream,
순향주,"고문헌의 청주 제조법을 &quot;오양주&quot; 방식으로 재현해낸 술로, 원재료 특유의 고소한 곡물향과 진한 맛을 느낄 수 있다. 묵직한 ",15,375ml,"쌀, 누룩, 정제수",,"돼지고기수육, 해산물요리",Y,추연당,경기도 여주군 가남읍 금당리 531-2,https://smartstore.naver.com/chuyondang,2020 대한민국 우리술품평회 약청주 우수상
지란지교,"순창에서 농사 지은 찹쌀과 멥쌀, 전통 누룩과 순창 암반수로 만든 생탁주로 일체의 첨가물 없이 빚어진 술이다. 술에 단맛과 산미가 조화로우며 ",17,500ml,"찹쌀,멥쌀,전통누룩(밀),정제수",,"육전, 고기산적, 양념 불고기류",Y,(유)친구들의 술 지란지교,전라북도 순창군 순창읍 순창7길 5-1,,
복순도가 약주,비옥한 토양에서 자란 국내산 쌀 100%에 누룩을 직접 띄워 좋은 재료 그대로 빚어내 깨끗한 맛과 향을 지녔다. 인공 첨가물이 없고 살균처리를,10,750ml,"정제수, 쌀(국산), 곡자(밀)",2018 찾아가는 양조장,"기름진 방어나 신선한 석회와 같은 겨울철 해산물과 궁합이 좋으며 육전, 등심 스테이크와 같이 진한 맛의 고기류, 치즈류와도 잘 어울린다. 또한",Y,복순도가,울산광역시 울주군 상북면 향산리 439,http://www.boksoon.com/,
동짓달 기나긴 밤,쌀과 복분자를 원료로 하여 빚은 전통방식의 약주이다. 복분자 고유의 풍미를 그대로 느낄 수 있으며 레드와인을 연상시키는 고운 색이 특징이다. ,16,500ml,"찹쌀, 맵쌀, 복분자, 전통누룩, 정제수",2015 찾아가는 양조장,"삼계탕, 장어, 고등어구이 등",Y,예술주조,강원도 홍천군 내촌면 물걸리 508-2,http://www.ye-sul.co.kr,
오메기술,"오메기떡을 사용하여 누룩과 함께 발효시킨 오메기술은 제주 선인들이 장구한 세월 동안 발전 시켜온 독특한 제주 전통 약주로써, 다양한 연령층이 ","13, 15",375ml,"쌀, 차조, 입국, 누룩, 효모, 효소, 청호, 조릿대, 감초, 정제수",2014 찾아가는 양조장,"방어 등 붉은 생선 회, 해산물 등의 음식과 함께하면 좋다.",Y,제주샘주,제주 제주시 애월읍 애원로 283,http://www.jejusaemju.co.kr,
맑은바당,제주 쌀과 전통 누룩으로 손수 술을 빚어 5개월이 넘는 숙성 기간을 거쳐 만들어진 술도가의 대표 술이다. 단 맛이 강한 일반 약주와 달리 은은,15,375ml,"쌀(국내산), 국(밀누룩)",,"회, 전복 등 해산물 음식과 어울린다.",Y,술도가 제주바당,제주 제주시 구좌읍 종달로5길 27,https://jejudoga.modoo.at/?link=bhbi4q29,
풍정사계 춘(春),"‘춘’은 와인과 같은 과실향의 복합미가 일품입니다. 상큼한 사과향, 꽃향 등이 어우러져 봄의 향취를 자아냅니다. 특유의 산미가 인상적이며, 은",15,500ml,"찹쌀, 향온곡",,"봄동 무침, 냉이 튀김, 두릅 숙회 등",Y,풍정사계,충청북도 청주시 청원구 내수읍 풍정1길 8-2,https://www.hwayang.co/,"2019 대한민국 우리술품평회 약청주 우수상, 2019 한-벨기에 정상회담 청와대 만찬주, 2017 우리술품평회 약주·청주 부문 대상, 201"
삼양춘 청주,세번 빚어 장기간 저온 발효한 삼양주는 전통 누룩에서만 발현될 수 있는 풍부한 과실향을 지니고 있습니다. 첫 맛은 깔끔하며 기존 삼양춘 약주보,15,500ml,"정제수, 찹쌀, 맵쌀, 누룩",,상큼한 샐러드나 신선한 연어회,Y,삼양춘,"인천광역시 남동구 호구포로 50, 8층 819-1호 (엘아이지식산업센터)",http://samyangchoon.com/#06,
유기농이도 14,위생적이고 과학적인 제조 공법을 사용하여 우리술품질인증을 받은 술로 유기농 햅쌀의 원료에서 오는 건강하고 부드러우면서 풍부한 자연의 향이 담긴,14,750ml,"물, 유기농쌀(국내산),국[유기농쌀(국내산)], 우리밀누룩(국내산)",,,Y,조은술 세종,충북 청주시 청원구 사천로 18길 5-2,http://www.joeunsulsj.co.kr,2019 대한민국 우리술품평회 약청주 최우수상
원조소곡주,"우리나라에서 가장 오래된 술 중 하나인 한산 소곡주는 1500년 백제 황실의 전통을 간직한 술이며, 찹쌀과 누룩을 주원료로 100일간 발효하여",16,720ml,"찹쌀(36%), 누룩(3%)",,,Y,원조소곡주,충남 서천군 한산면 한마로 34,http://xn--399aq98a4sa14uq6p.com/,2018 대한민국 우리술품평회 약청주 우수상
세종대왕어주 약주,"세종대왕어주 약주는 산미가 있지만 부드러운 과실의 풍미가 밸런스를 잡아주며, 마지막 한 모금의 감칠맛이 뛰어납니다. 약주는 3번의 여과, 2번",15,500ml,"쌀, 누룩 정제수",,은은한 단맛은 한식과 궁합이 좋으며 두루 잘 어울립니다.,Y,장희도가,충북 청주 청원구 내수읍 미원초정로 1275,https://jhdg3491.modoo.at/,2019 대한민국우리술품평회 대상(약주 부문)
양촌 우렁이쌀 청주,양촌 우렁이쌀 청주는 우렁이 농법으로 무농약 재배한 논산 찹쌀로 빚는 아무런 감미료도 첨가하지 않고 60일간의 저온숙성방식을 거치는 프리미엄 ,14,500ml,"무농약우렁이찹쌀, 우렁이 쌀, 정제수, 종국, 효모(무감미료)",2017 찾아가는 양조장,멸치육수로 감칠맛을 살린 온면과 함께 하면 좋겠다.,Y,양촌양조,충남 논산시 양촌면 매죽헌로1665번길 14-9,http://www.yangchon.co.kr/,
모월 연,모월 연은 100일 이상의 발효와 숙성을 거친 이양주로 첨가물 없이 원주에서 직접 재배한 청정쌀과 강원도의 물로 빚었다. 달지 않고 상큼한 맛,13,500ml,"국내산 쌀, 밀누룩(국산)",,,Y,모월,강원 원주시 판부면 판부신촌길 84,http://www.mowall.co.kr/,
경성과하주,여주햅찹쌀(100%)과 국내산누룩 정제수로 술을 빚고 여기에 경기미(100%)로 술덧을 빚어 동증류기로 상압으로 내린 100% 쌀 증류원액을 ,20,375ml,"찹쌀(여주산),누룩(국내산),정제수,쌀증류원액(경기미)",2021 찾아가는 양조장,"달지 않은 다크 초콜릿, 약과, 떡류 등과 간이 세지 않은 해산물 요리, 취향에 따라 육전, 양념불고기 등과 곁들여도 좋다.",Y,술아원,경기 여주 점봉길 93-12,http://soolawon.co.kr/,
천비향 오양주 약주,천비향 오양주 약주는 시중에 출시되어 있는 전통주와는 원료와 제조방법에서 완전히 차별화를 기하고 국내산 누룩과 1등급 평택 슈퍼오닝쌀만을 이용,16,500ml,"국내산 쌀, 누룩",,,Y,좋은술,경기 평택시 오성면 숙성뜰길 108,https://jsul.modoo.at/,"2020 대한민국 우리술품평회 약청주 대상, 2018 대한민국 우리술품평회 약·청주 부문 대상 , 2016년 청와대 만찬주 선정"
사시통음주,사시통음주는 국순당이 열아홉 번째로 복원한 조선 시대 우리술이다. 사시사철 빚어 친구들과 통하며(通) 마셨던(飮) 술로 높은 알코올 도수에도 ,18,550ml,"쌀, 누룩, 밀가루",,"밀가루가 들어가 감칠맛을 더해주기 때문에, 고기, 치킨 등을 비롯해 두루두루 음식과 잘 어울린다.",Y,국순당,강원도 횡성군 둔내면 현천리 120,http://www.ksdb.co.kr,
술아 순곡주,&amp;quot;술아&amp;quot;는 두가지 술이 만나 새로운 술이 만들어지는 한국의 전통주인 과하주를 복원한 제품이다. 과하주는 167,20,375ml,"국내산 찹쌀, 누룩, 증류주, 정제수",,진한 쌀 맛과 묵직한 술 맛이 그대로 살아있는 약주. 달콤함과 진함의 극치를 이룬다. 알코올 도수가 20로도 높은 만큼 맑은 장국 등 하고도 ,Y,술아원,경기 여주 점봉길 93-12,https://soolawon.modoo.at/,
술아 국화주,술아는 두가지 술이 만나 새로운 술이 만들어지는 한국의 전통주인 과하주를 복원한 제품이다. 과하주는 1670년 음식디미방에 등장하며 발효주와 ,15,375ml,"국내산 찹쌀, 누룩, 건조국화꽃, 증류주, 정제수",,"국화 특유의 진한 향과 어우러진 약주. 단맛이 주를 이루지만, 거부감이 없는 자연스러움이 묻어난다. 진한 단맛과 긴 후미로 자극성 적고, 가벼",Y,술아원,경기 여주 점봉길 93-12,http://soolawon.co.kr/,
술아 연화주,&quot;술아&quot;는 두가지 술이 만나 새로운 술이 만들어지는 한국의 전통주인 과하주를 복원한 제품이다. 과하주는 1670년 &quot,15,375ml,"국내산 찹쌀, 누룩, 건조연화꽃, 증류주, 정제수",,&amp;quot;술아&amp;quot;는 두가지 술이 만나 새로운 술이 만들어지는 한국의 전통주인 과하주를 복원한 제품이다. 과하주는 167,Y,술아원,"경기도 여주시 대신면 대신1로 120, 나호",https://soolawon.modoo.at/,
술아 매화주,여주햅찹쌀(100%)과 국내산누룩 정제수로 술을빚고 주정으로 주정강화를 한다. 맑은 술만 걸러내어 술에 매화꽃을 띄어 저온에서 장기간 꽃향을 ,15,375ml,"찹쌀(여주산),누룩(국내산),정제수,주정,매화꽃",2021 찾아가는 양조장,"디저트와 함께 먹기를 추천한다. 저청의 단맛이 유과와도 잘 어울리고, 아이스크림에 굴을 뿌려먹듯이 바닐라 아이스크림과 즐겨봐도 좋겠다.",Y,술아원,경기 여주 점봉길 93-12,http://soolawon.co.kr/,
김포특주,"""김포특주""는 최상급 풀질로 인정 받고 있는 ""김포금쌀""을 원료로 만든 제품이다. 김포특주는 밑술을 만들고 1차, 2차 발효를 거치는 것은 막",15,375ml,"국내산 쌀, 효모, 정제효소,정제수, 프락토올리고당",,"첫인상은 진한 발효된 맛과 향, 뒷맛은 나풀거리는 가벼움. 결국 진함과 가벼움 모두가 공존하는 약주다. 향이 강한 편이라 진한 한국음식과 잘 ",Y,김포금쌀탁주영농조합법인,경기도 김포시 하성면 하성로 622,www.gimporicewine.com,
석로주,석로주(석이버섯 전통발효주)는 조선중기 서유규가 지은 임원십육지와 준팔생전에 나오는 무릉 도원주 라는 술을 모태로 하여 원재료는 대전지역에서 ,13,720ml,"국내산 쌀, 석이버섯, 누룩, 효모, 정제수",,"은은한 국화향과 곡물향이 잘 섞여 올라오는 것이 특징이며, 단맛과 신맛이 적어 술이 매우 담백해 어떤 음식과도 잘 어울릴 만한 맛을 가지고 있",Y,석이원주조,대전광역시 서구 둔산로 137번길 31,http://seokiwon.com/,
김포별주,"‘김포’란 금을 파는 가게이고 ""예주""란 맛있는 술을 뜻한다.* 즉 금처럼 값지고 맛있는 술을 담아 고객에게 전한다는 의미를 담고 있다. 김포",13,500ml,"쌀, 옥수수 전분, 국, 효모, 젖산, 효소제, 정제수",,"맑고 투명한 황금빛의 색을 가지고 있으며, 고소한 옥수수에 달콤함이 섞여 은은한 향이 올라온다. 입에 넣으면 단맛이 입 전체를 꽉 채우지만 시",Y,김포양조,경기도 김포시 월곶면 김포대로 2763,http://www.kimpo.co.kr/,
김포약주,"""김포""란 금을 파는 가게이고 ""예주""란 맛있는 술을 뜻한다. 즉 금처럼 값지고 맛 있는 술을 담아 고객에게 전한다는 의미를 담고 있다. 김포",11,750ml,"옥수수 전분, 밀, 국, 효모, 젖산, 효소제, 정제수",,"맑고 투명한 황금빛의 색을 가지고 있으며, 단맛과 신맛 등의 조화가 잘 갖춰 있어 어느 맛 하나 튀지 않는다. 약주류 중에서는 알코올 도수가 ",Y,김포양조,경기도 김포시 월곶면 김포대로 2763,http://www.kimpo.co.kr/,
김포예주 프리미엄,"""김포""란 금을 파는 가게이고 ""예주""란 맛있는 술을 뜻한다. 즉 금처럼 값지고 맛 있는 술을 담아 고객에게 전한다는 의미를 담고 있다. 김포",13,750ml,"국내산 쌀, 국, 효모, 젖산, 정제수",,"연한 호박색의 약주로 은은한 고소함이 올라오며, 단맛과 쓴맛이 처음에 느껴지고 시간이 지나면서 알코올에 의한 자극이 입 안을 꽉 차게 만든다.",Y,김포양조,경기도 김포시 월곶면 김포대로 2763,http://www.kimpo.co.kr/,
삼양춘 생약주,삼양춘은 조선시대 고급술에 사용되던 양조 기법인 삼양주(세 번 빚는 술)에서 아이디어를 얻어서 실제로 세 번으로 나누어 빚는 삼양주 기법을 사,15,500ml,"강화섬쌀, 전통누룩, 정제수",,잘 익은 과실향이 올라오고 강하지 않은 단맛과 뒤에 천천히 올라오는 산미가 전체적인 술 맛의 조화를 이루고 있는 것이 특징이다. 뒤에 산미가 ,Y,삼양춘,"인천광역시 남동구 호구포로 50, 8층 819-1호",www.samyangchoon.com,
미인약주,"""미인약주""는 국내산 찹쌀과 우리밀누룩으로 빚고 일체의 인공첨가물이 들어가지 않은 프리미엄 약주이다. 술이 품고 있는 각각의 맛이 튀지 않고 ",15,500ml,"찹쌀, 누룩, 정제수",,"맑은 황금색의 술로 잘 익은 과일향이 올라오는 것이 특징이며, 전체적으로 깔끔한 산미를 가지고 있다. 단맛이 적고 신맛이 많아 술은 매우 가볍",Y,최행숙전통주가,경기도 파주시 법원읍 사임당로 763,파주전통주.kr,
아황주,"맑은 황금빛의 약주인 ‘아황주’는 고려시대 왕실에서 사시사철 빚어 음용하였기에 고려 왕실의 명주라 불렸던 술을 고문헌 수운잡방, 신사요록을 바",17,500ml,"찹쌀, 멥쌀, 누룩, 정제수",,새끼 오리의 깃털과 같이 노란 황금 빛깔의 술로 산뜻한 과실향이 올라온다. 술은 전체적으로 깔끔한 산미와 옅은 쓴맛이 중심이 되어 높은 알코올,Y,최행숙전통주가,경기도 파주시 법원읍 사임당로 763,파주전통주.kr,
청진주,"""청진주""는 경기도 가평의 청정지역에서 좋은 쌀과 물을 사용하여 100일 이상 저온에서 발효와 숙성을 통해 완성된 술이다. 인공첨가물 없이 전",16,375ml,"찹쌀, 누룩, 정제수",,"맑은 황금빛을 가진 술로 과일, 곡물, 버섯 등의 독특한 향을 맡을 수 있는 것이 이 술의 특징이다. 어느 하나 맛이 튀지 않고 단맛과 신맛,",Y,전통주연구개발원,경기도 가평군 가평읍 분자골로68번길 82,http://전통주연구개발원.kr/,
밤꽃향기,"""밤꽃향기""는 공주밤과 공주쌀을 저온발효하여 숙성한 후 여과한 맑은술 약주이다. 마개를 여신 후 술에서 풍기는 진한 밤 향기에 한번 놀라고 부",13.5,375ml,"국내산 쌀, 밤, 누룩, 정제수",,잘 익은 밤에서 느껴지는 특유의 고소한 밤향이 특징이다. 초콜릿을 녹여 놓은듯한 질감이 밤향과 잘 어우러진 맛이다. 구운 밤하고도 잘 어울리며,Y,사곡양조장,충남 공주시 사곡면 마곡사로 49,www.bamsul.com,
송이주,"""송이주""는 옛 문헌에서 버섯 중에 으뜸으로 동서양의 문헌에서 버섯 중에 최고로 꼽는 송이버섯으로 빚은 약주이다. 독특한 향과 맛으로 소비자들",13,375ml,"국내산 쌀, 송이농축액, 누룩, 정제수",,술 이름과는 다르게 신선한 레몬 등의 시트러스 향이 매우 강하게 올라오고 여기에 연하게 버섯향이 섞여있는 것이 특징이다. 전체적으로 산미가 중,Y,내국양조,충남 논산시 연무읍 마종로 361,https://cafe.naver.com/jumarusa,
능이주,"""능이주""는 본초강목에 고기를 먹고 체했을 때 다려 먹으면 좋다는 약재로 알려진 능이버섯으로 빚은 약주이다. 독특한 향과 맛으로 소비자들에게 ",13,375ml,"국내산 쌀, 능이농축액, 누룩, 정제수",,옅은 호박 색깔의 술로 신선한 무화가 향이 올라오는 것이 특징이다. 술 맛은 산뜻한 산미가 중심을 이루고 있어 술이 묵직하지 않고 가볍게 느껴,Y,내국양조,충남 논산시 연무읍 마종로 361,https://cafe.naver.com/jumarusa,
니모메,니모메(NIMOME)는 제주 방언으로 너의 마음에라는 의미를 담고 있다. 니모메는 제주산 쌀과 귤피를 원료로 제조한다. 술의 발효과정에 제주감,11,375ml,"백미, 누룩, 감귤 진피, 효모",,"칠리새우, 닭강정, 겨울의 방어회, 흑돼지 삼겹살 등 기름진 음식과 잘 어울린다.",Y,제주샘주,제주 제주시 애월읍 애언로 283,http://www.jejusaemju.co.kr,2017 대한민국 우리술품평회 약청주 최우수상
청명주 750,수백 년을 이어져 내려온 재래 전통비법으로 빚은 청명주는 그윽한 향기와 독특한 감칠맛이 그대로 살아 숨쉬는 술이다. 중원당 청명주는 100% ,17,750ml,"찹쌀,누룩,소맥분",시도무형문화재 충청북도 제2호2015 찾아가는 양조장,"풍부한 과실향, 찹쌀 특유의 진득함과 단맛, 그리고 생약주 특유의 새콤함의 조화가 이뤄진 술이다. 청명주가 나오는 충주 탄금대는 남한강 나루터",Y,중원당,충북 충주시 가금면 창동리 243,http://www.청명주.com/,
백련 맑은술,발효된 막걸리 원주를 장기간 숙성시킨뒤 맑은 부분을 여과하여 막걸리에 비해 더 깊어진 백련잎의 은은한 향이 매력적인 백련 맑은술은 전통약주 본,12,375ml,"백미, 정제수, 물엿, 과당, 누룩, 백련잎, 누룩 등",식품명인2013 찾아가는 양조장,수박향이 나며 첫맛은 맑고 경쾌하다. 단맛과 신맛의 균형이 잘 갖춰져 있으며 고소한 뒷맛을 가지고 있다. 어묵요리와 잘 어울린다.,Y,신평양조장,충남 당진시 신평면 신평로 813,http://www.koreansul.co.kr,2013 대한민국 우리술품평회 약청주 장려상
감사블루,감사블루는 값진 인연에 감사와 사랑을 전한다는 뜻을 담아 만든 술샘의 &quot;감사&quot;를 살균한 약주입니다. 주정과 조미료를 쓰지 않,14,375ml,"쌀(국내산 경기미 100%), 누룩, 효모, 정제수",2017 찾아가는 양조장,,Y,술샘,경기도 용인시 처인구 양지면 죽양대로 2298-1,http://www.sulseam.com,
동몽,"동몽(同夢) 이라는 술은 말 그대로 같은 꿈, 즉 하나가 되는 것을 의미하는데 사람과 사람의 관계에서 소통을 이끌고 하나되어 연결하는 술의 특",17,500ml,"홍천 쌀, 정제수, 단호박, 국(밀 누룩)",2015 찾아가는 양조장,두부전골,Y,예술주조,강원도 홍천군 내촌면 물걸리 508-2,http://www.ye-sul.co.kr,
오메기 맑은술,오메기 맑은술은 맛이 진하고 부드러우며 달콤한 맛과 천연의 과실향이 나는 최고급 약주이다. 제조사 제주술익는집은 4대째 이어온 전통방식으로 일,16,500ml,"좁쌀, 햅쌀, 정제수, 누룩",2018 찾아가는 양조장,"고추 잡채, 갈비찜, 성게알 요리, 방어회, 참치회 등 해산물류와 좋다.",Y,제주고소리술익는집,제주도 서귀포시 표선면 중산간동로 4726,http://jejugosorisul.com/,
청양둔송구기주,충남 청양의 둔송 구기주는 운곡면 광암리 하동 정씨 10대 종부인 임영순 명인의 손끝에서 빚어지는 명주입니다. 구기주란 명칭은 한약재인 구기자,16,700ml,"쌀, 누룩, 구기자, 감초, 두충껍질",식품명인,양념된 고기류,Y,청양둔송구기주,충청남도 청양군 운곡면 광암리 819-1,https://dunsong.modoo.at/,
감사,값진 인연에 감사와 사랑을 전한다는 뜻을 담아 만든 전통 청주입니다. 주정과 조미료를 쓰지 않고 오로지 멥쌀로만 빚어 깔끔하고 드라이합니다. ,14,375ml,"쌀(국내산 경기미 100%), 누룩, 정제수",2017 찾아가는 양조장,"불고기,잡채",Y,술샘,경기도 용인시 처인구 양지면 죽양대로 2298-1,http://www.sulseam.com,2017 대한민국 우리술품평회 약청주 우수상
사임주,사임주는 국내산 찹쌀과 멥쌀을 누룩과 발효해 100일 이상의 발효와 숙성을 거쳐 만든 삼양주다. 누룩 함량이 높고 인공 감미료를 첨가하지 않아,16,500ml,"국내산 찹쌀, 국내산 멥쌀",,한식과 궁합이 좋으며 숯불에 구은 갈비와 궁합이 좋다.,Y,㈜사리원,대전광역시 서구 둔산로31번길 77 사리원,https://sariwon1951.modoo.at/,
청명주,충주시 창동 김해김씨 문중 문헌인향전록에 기록된 비법에 의해 전해져 내려오는 제조비법을 문중의 후손인 김영기옹께서 1986년 복원에 성공하여 ,17,500ml,국내산 쌀,시도무형문화재 충청북도 제2호2015 찾아가는 양조장,"생선전, 회, 초밥 등",Y,중원당,충북 충주시 가금면 창동리 243,http://www.청명주.com/,
경주교동법주,350년 이상의 전통을 가진 찹쌀로 빚은 약조로 기능보유자가 직접 손수 빚는 중요무형문화재 술 이다. 모두 수작업으로 이루어지므로 생산되는 양,16,900ml,찹쌀(국내산),중요무형문화재 제86-3호,"북어포뿌리, 사연지, 쇠고기 육포 교동 최씨 고택에 전해지는 쇠고기육포, 북어포푸리, 사연지 등 우리전통안주와 함께 마시면 한결 운치가 있다.",Y,교동법주,경북 경주시 교촌안길 19-21,http://www.kyodongbeobju.com/,2016 우리술품평회 대상
솔송주,"하동 정씨집안에서 500년전부터 이어져온 전통약주로 청정지리산의 맑은 물을 바탕으로 우리 쌀과 솔잎, 송순을 발효시켜 빚어 강하거나 부담스럽지",13,375ml,"백미(국내산) 90%, 솔잎·송순(국내산) 10%",식품명인2015 찾아가는 양조장,돼지갈비구이 솔송주의 부드러운 맛과 함께 느낄 수 있는 솔향이 은은하게 풍기며 돼지갈비구이의 누린내를 없애주고 입안을 시원하게 해준다.,Y,솔송주,경남 함양군 지곡면 지곡창촌길3,https://shopping.naver.com/fresh/traditionalalcohol/stores/100074038,
하향주,"하향주는 국화, 찹쌀, 누룩, 비슬산의 맑은 물 등을 사용하여 빚어 술에서 연꽃향기가 난다고 하여 붙여진 이름으로 신라고찰 유가사에서 빚기 시",17,750ml,찹쌀,시도무형문화재 대구광역시 제11호,"부드러운 나물안주 나물은 담백하여 맛이 강하지 않고 순하고 부드러워, 하향주의 은은하고 기품 있는 연꽃향을 느낄 수 있어서 함께 하면 좋다.",Y,하향주가,대구 달성군 유가읍 유가사길 27,,
성읍민속마을 오메기술,"제주도는 논이 귀한 섬으로 쌀 대신 좁쌀로 술을 만들었는데, 특히 오메기술이라는 탁주를 즐겨 만들어먹었다. 오메기술은 술을 빚기 위해 만드는 ",12,375ml,"좁쌀, 누룩",시도무형문화재 제주도 제3호,"갈치조림, 흑돼지주물럭 오메기술은 느낌이 걸쭉하면서도 부드러워 안주 없이도 마실 수 있지만 제주특산물과 함께 즐기면 더욱 좋다. 제주산 갈치조",Y,술다끄는집,제주 서귀포시 표선면 성욱리 883,,
한산소곡주,백제의 1500년 전통이 깃든 한산소곡주는 국내전통주 가운데 가장 오랜 역사를 자랑하는 술로 유구한 세월만큼이나 그 맛도 널리 정평이 나있다.,18,"700ml, 1800ml","찹쌀, 국내산 멥쌀","전통식품명인 제19호 우희열, 시도무형문화재 충청남도 제3호","미나리전-미나리는 살짝데쳐무쳐먹거나,쌈으로많이먹는데,미나리전은쫄깃한맛에은은한미나리향을입안가득느낄수있으며,소곡주의부드러운맛이그대로전해져소곡주를편",Y,한산소곡주,충남 서천군 한산면 충절로 1118,http://www.sogokju.co.kr,"2001 농림부 한국전통식품 BEST 5선발대회 전통주 대상 수상, 2007 농식품 가공산업발전 유공자 대통령표창"
보성 강하주,보성 강하주는 1800년대부터 전해내려 온 회천면 율포지역의 황갈색 맑은 빛깔의 기품 넘치는 술로 100% 국내산 찹쌀로 빚었으며 향과 맛이 ,15,350ml,국내산 찹쌀100%,시도무형문화재 전라남도 제45호,더덕구이  더덕은 특유의 향긋한 맛도 좋지만 피를 맑게 하는 효능도 있다. 매콤하고 달콤한 양념을 발라구운 더덕구이에 톡 쏘는 듯 부드러운 강,Y,보성강하주,전남 보성군 회천면 장목길 43,,
김포약주(중복),조선시대부터 김포지방의 유명한 술인 김포특주를 재현한술로서 70년대 최고의 약주로 인정받기시작하면서 약주하면 김포약주라는 말이 있을 정도로 약,11,750ml,"소맥분, 옥전분",,빈대떡 김포약주는 특유의 곡주발효향이 풍미를 더하는데 빈대떡의 약간 느끼한 맛도 감해주어 술맛이 더욱 살아난다.,N,김포양조,경기도 김포시 월곶면 김포대로 2763,http://www.kimpo.co.kr/,2011 대한민국우리술품평회 장려상 (약주/청주 부문)
자희향 국화주,술의 향이 좋아 삼키기 아쉬웠다는 ‘석탄향’을 재현한 술로 ‘저절로 향기가 난다’는 뜻의 자희향국화주는 찹쌀을 주원료로 하여 100일간 옹기에,15,375ml,국내산 쌀,,"해산물요리, 과일샐러드 신선한 각종 해산물요리는 자희향국화주의 향과 아주 잘 어울려져 해산물만의 쫄깃하고 깔끔한 맛을 더욱 돋구어주며 상큼한 ",Y,자희자양,전남 함평군 신광면 신해로 92,http://jaheejayang.modoo.at/,"2014 대한민국우리술품평회 장려상 (약주/청주 부문), 2015 대한민국 우리술품평회 약청주 최우수상"
김포예주,"김포란 금을 파는 가게이고 예주란 맛있는 술을 말한다. 즉, 맛있는 술과 부를 함께 담아들인다는 의미이다. 김포예주는 옅은 황금빛을 보이고 있",13,750ml,"국내산 쌀, 옥전분",,"숭어회, 회무침, 매운탕 동의보감에 “숭어는 성이 평하고 맛은 달며 독이 없다. 사람의 장를 열어먹은 것을 통하게 하고 오장을 이롭게 할 뿐만",Y,김포양조,경기도 김포시 월곶면 김포대로 2763,http://www.kimpo.co.kr/,"2013 대한민국우리술품평회 최우수상 (약주/청주 부문), 2014 SIWC 동상, 2014 Monde-selection 은상"
청세주,,18,375ml,국내산 쌀,,"제육볶음, 닭갈비구이 돼지고기와 마늘을 함께 먹으면 비타민B₁의 체내흡수율을 높인다고 하고, 닭고기는 다른 육류에 비해 단백질이 높고 소화가 ",Y,병영주조장,전남 강진군 병영면 성남리 140-3,http://byjujo.modoo.at/,2013 대한민국우리술품평회 우수상 (약주/청주 부문)
노미,노미는 친환경 찹쌀과 쌀을 이용하여 쌀제곡과 전통누룩을 원재료로 빚은 깊고 부드러운 맛의 전통약주이다. 옛 제조방법은 밀 누룩으로 발효제를 만,18,700ml,"국내산 찹쌀, 국내산 쌀",,육회 육회는 신선한 살코기를 사용하여 고기의 풍미를 즐길 수 있다. 부드럽고 감칠맛 나는 노미의 뒷맛이 육회의 맛을 한층더 살려준다.,Y,내촌주조,경기 포천시 내촌면 포천로 5-7,,2010 대한민국우리술품평회 최우수상 (약주/청주 부문)
해남진양주,진양주는 원래 조선시대 궁중에서 어주로 빚던 술로서 그 비법이 장흥임씨 집안에 전해지면서 대대로 해남전통민속주로 자리 잡게 되었다. 원료가 찹,16,375ml,국내산 찹쌀(해남),시도무형문화재 전라남도 제25호,"구절판 구절판은 색이 화려하면서도 갖가지재료를 사용한 음식으로 영양도 골고루 갖춘 우리나라 전통음식이며, 해남진양주의 달콤하고 부드러운 술맛을",Y,해남진양주,전남 해남군 계곡면 덕정리 123,,
대통주,대통주는 국내산 쌀로 빚은 원주에 대나무잎 추출물을 첨가하여 만든 술로 청아한 맛과 향이 일품이다. 또한 전통발효기법으로 40일간 숙성하여 빚,11,360ml,"국내산 쌀, 국내산 매실농축액, 국내산 대나무잎",,닭갈비구이 닭갈비양념으로 텁텁해진 입안을 대통주에 첨가된 매실의 새콤달콤함이 개운하게 해주면서 대통주의 아련한 깊은 술맛을 잘 느낄 수 있다.,Y,추성고을,전남 담양군 용면 추령로 29,http://www.chusungju.co.kr,"2012 대한민국우리술품평회 대상 (약주/청주 부문), 2013 SIWC 동상, 2013 IWSC 동상, 2013 NYWSC 동상"
황진이주,"지리산자락의 농가에서 전통적으로 빚어 마신 오미자함유약주를 발굴하여 전통비법을 최대한 계승하고 발전시켜 1998년산 오주를 제조 판매하였으며,",13,375ml,"국내산 오미자, 국내산 산수유",,"완자전, 생선전 황진이주의 부드럽고 상큼한 맛과 다채로운 과일향이 완자전과 생선전의 느끼함과 비린 맛을 잡아주어 좋다.",Y,농업회사법인(유)술소리,전라북도 남원시 노암동 843-1,https://sulsori.modoo.at/?link=biu8g67n,"2012 대한민국우리술품평회 최우수상 (약주/청주 부문), 2013 대한민국우리술품평회 대상 (약주/청주 부문), 2014 Monde-sele"
만품 산삼가득,경기도 농업기술원과 대농바이오영농조합법인(우리산삼)이 공동 개발한 술로 그윽한 산삼의 향기와 산양산삼을 곱게 갈아 빚은 맛이 입안에 오랫동안 ,13,350ml,"국내산쌀(경기미), 국내 산양산삼",,"생선전 생선전에는 주로 흰살생선을 사용하는데, 붉은살생선에 비해 지방질의 함량이 낮아 담백한 맛을 보인다. 산삼가득주의 알싸한 맛이 생선전의 ",Y,대농바이오우리산삼,경기도 광주시 퇴촌면 천진암로 684,http://www.woorisansam.com,"2012 대한민국우리술품평회 우수상 (약주/청주 부문), 2014 대한민국우리술품평회 대상 (약주/청주 부문)"
민들레대포,민들레대포는 자연의 민들레와 생쌀로 빚은 부드러운 약주이다. 대포는 술 또는 술잔을 의미한다. 역사적으로 ‘크게 나누다’는 의미로 세종 때부터,13,330ml,"쌀, 누룩, 민들레",2014 찾아가는 양조장,"콩나물잡채 잡채에는 당면을 넣어서 하는 경우가 대부분인데, 당면대신 콩나물을 넣으면 고소하면서도 아삭하게 씹는 맛이 있는데다 간을 건강하게 해",Y,배상면주가,경기도 포천시 화현면 화현리 512,http://www.sansawon.co.kr,"2008 SWSC 동상, 2011 대한민국우리술품평회 대상 (약주/청주 부문)"
가야곡왕주,"조선의 마지막국모 명성황후 민씨의 친정에서 빚던 가양주로 종묘대제의 제주(祭酒)로 사용되고 있다. 제철에 채취한 초, 근, 목, 피를 이용해야",13,750ml,"쌀, 야생 국화, 구기자, 오미자, 솔잎, 매실",전통식품명인 제13호 남상란,"갈비 소고기나 돼지고기를 양념한 갈비와 함께 먹으면 몸에 좋은 약재의 효능과 함께 영양도 챙길 수 있고, 술의 다양한 맛과 향이 갈비의 이취도",Y,민속주왕주,충남 논산시 원댕이길 2-65,,
금산인삼주 12.5%,"약효가 뛰어난 5년근 이상 인삼을 사용하여 쌀과 누룩 등의 원료와 천연암반수를 사용하여 저온 발효시킨 양조주로서, 소주에 단순히 인삼을 담가 ",12.5,360ml,"국내산쌀 93.5%, 국내산인삼 6.5%",전통식품명인 제2호 김창수,"고사리나물 고사리나물은 잘 삶아서 깨끗이 씻어 찬물에 하루 동안 불려 팬에 기름을 넉넉히 둘러 볶고, 간장으로 간을 한다. 고사리나물의 부드러",Y,금산인삼주,충남 금산군 금성면 파초길 23,,2010 대한민국우리술품평회 대상 (약주/청주 부문)
면천두견주,"천년 명주의 맥을 이어온 오랜 역사와 전통성, 진달래꽃잎으로 빚은 지극한 효성이 탄생시킨 술로 전통 발효주 가운데서는 높은 알콜도수에도 불구하",18,"360ml, 700ml","국내산 찹쌀, 누룩, 국내산 진달래꽃",중요무형문화재 제86-2호,"두부샐러드 고단백 저지방식품인 두부는 알콜 흡수속도를 늦추고, 위를 보호해주어 술안주로 좋은데 두견주의 은은한 두견화 향취를 제대로 느낄 수 ",N,㈜면천두견주,충남 당진시 면천호 성하로 250,http://www.면천두견주.kr/,
산막생대덕주,"대덕주는 100여년의 역사가 있는 전통주로 유씨종가에 내려오는 전통주를 개발, 발굴하였으며 화학첨가물을 사용하지 않고 150m 암반수를 황토에",13,750ml,"국내산 찹쌀, 누룩",,"도토리묵 무침, 두부요리 도토리는 피로회복 및 숙취에 효과가 있고 소화기능을 촉진시키며 입맛을 돋우어준다. 약리효과, 해독작용, 노폐물분해, ",Y,신탄진주조,대전 대덕구 신탄진로 738번길,http://www.stjjujo.co.kr/,2011 대한민국우리술품평회 우수상 (약주/청주 부문)
천안연미주,고려시대부터 전해 내려온 생쌀발효기법을 다시 재현한술로 전통주의 현대적제조방법과 융합하여 제조된 제품이다. 쌀을 찌지 않고 누룩과 자연 그대로,13,375ml,국내산 쌀,,"야채샐러드 양배추, 방울토마토, 적채 등의 채소에 소스를 섞어서 먹는데 소스는 두부, 견과류, 올리브유, 식초 등으로 맛을 낸다. 상큼하고 달",Y,입장주조㈜,충남 천안시 서북구 입장면 성진로 808,https://yeonmiju.modoo.at/,"2011 대한민국우리술품평회 최우수상 (약주/청주 부문), 2012 대한민국우리술품평회 장려상 (약주/청주 부문), 2014 대한민국우리술품평"
하얀연꽃 백련맑은 술,전통적으로 사찰에서 전수되어온 백련곡차의 현대적 복원으로 백련잎을 첨가한 연엽주계열 의전통약주이다. 당진 해나루쌀을 사용하여 술의 빛깔이 밝고,12,"375ml, 750ml","국내산 쌀, 백련잎",식품명인2013 찾아가는 양조장,훈제오리야채볶음- 훈제오리야채볶음의 버섯과 야채향이 어우러진 담백한 맛이 부드럽고 은은한 연잎향의 약주와 잘 어울린다.,Y,신평양조장,충남 당진시 신평면 신평로 813,http://www.koreansul.co.kr,2013 대한민국우리술품평회 장려상 (약주/청주 부문)
오미시앙 스페셜,소통하는 와이너리 알에프에서는 산뜻한 느낌의 와인인 오미시앙 스페셜을 만날 수 있다. 향긋한 향이 한껏 스쳐 지나간 뒤 올라오는 적당한 산미가,12,500ml,"오미자, 주정, 설탕, 효모",,오미자의 오미 중에서 단맛은 적지만 산뜻한 산미와 텁텁함이 혀를 자극시키며 목넘김이 매우 깔끔해 생선 회와 잘 어울린다.,Y,알에프,전북 장수군 계남면 침곡로 11-26,,
오미로제 프리미어와인,"오미로제 프리미어와인은 문경 백두대간의 깊은 계곡에서 재배한 유기농, 친환경 오미자를 원료로 유럽의 정통와인 양조 기법 그대로 발효 숙성한 세",12,750ml,오미자(문경산),2016 찾아가는 양조장,"진한 한국음식과도 최고의 궁합을 선사한다. 오미로제가 나오는 문경에서는 오미자 삼겹살, 더덕구이, 산나물, 그리고 송이버섯요리가 유명하다다. ",Y,오미나라,경북 문경시 문경읍 새재로 609,http://www.omynara.com/,
오디랑,"원재료 생산지부터 차별화된 프리미엄급 술 오디랑은 단맛과 신맛이 조화로운 새콤달콤한 맛이 일품으로, 생산과정의 깐깐함은 국순당 고창명주의 자존",13,330ml,"오디(국산) 18.2%, 정제수, 과당, 주정, 구연산, 효모",,알코올의 맛이 입과 식도를 뜨겁게 하지만 먹고 난 후 입 안은 깔끔합니다. 양념된 고기류와 잘 어울린다.,Y,국순당 고창명주,전북 고창군 심원면 선운대로 2197,http://bokbunjaju.kr/,
오가피와인,"금이산농원에서 생산하는 오가피와인은 가을 색이 깊은 11월에 채취한 오가피 열매에 효모를 넣어 발효, 숙성시켜 만든 몸에 좋은 발효주로 해발 ",12,500ml,"오가피 열매(국내산), 백설탕, 효모, 메타중아황산칼륨",,복날 삼계탕 등 보신 음식과 함께하기 좋은 술이다.,Y,영농조합법인 금이산농원,세종시 전의면 가느실길 127,https://geumisan.modoo.at/,
예주,예주는 제조사 용두산조은술의 직영농장에서 농약과 화학비료 없이 자연 그대로 길러낸 복분자를 이용하여 제조한다. 독일 늦따기 와인 제조기법으로 ,15,750ml,"복분자, 주정, 효모, 정제수",,소고기 소금구이 등 담백한 음식과 곁들이면 좋습니다.,Y,용두산조은술,충북 제천시 송학면 송학주천로647,https://joeunsul.com/,
예밀와인 로제,예밀와인 로제는 강원도 영월에 위치한 예밀2리영농조합법인에서 생산하는 한국와인이다. 한국인이 식용으로 애용하는 캠벨얼리 포도품종으로 만든 와인,12,750ml,포도(캠벨얼리),,생일 등 축제에 사용하기 좋은 술로 달콤한 케익 등과 잘 어울립니다.,Y,예밀2리영농조합법인,강원도 영월군 김삿갓면 예밀촌길 228-20,http://www.yemilchon.co.kr/,2018 광명동굴 대한민국와인품평회 은상 수상
예밀와인 레드 스위트,&quot;예밀와인 레드 스위트&quot;는 강원도 영월에 위치한 예밀2리영농조합법인에서 생산하는 한국와인이다. 한국인이 식용으로 애용하는 캠,12,750ml,포도(캠벨얼리),,누구나 쉽게 즐길 수 있는 술입니다. 타닌이 강하지 않아 입 안의 느낌이 무겁지 않고 깔끔하게 마무리 됩니다. 달콤한 디저트 음식과 잘 어울립,Y,예밀2리영농조합법인,강원도 영월군 김삿갓면 예밀촌길 228-20,http://www.yemilchon.co.kr/,
예밀와인 레드 드라이,예밀와인 레드 드라이는 강원도 영월에 위치한 예밀2리영농조합법인에서 생산하는 한국와인이다. 한국인이 식용으로 애용하는 캠벨얼리 포도품종으로 만,13,750ml,포도(캠벨얼리),,드라이 버전 답게 매우 담백하고 단맛이 적어 양념이 되지 않은 구은 고기류의 음식과 함께 마시기 좋다.,Y,예밀2리영농조합법인,강원도 영월군 김삿갓면 예밀촌길 228-20,http://www.yemilchon.co.kr/,2019 대한민국주류대상 한국와인부문 대상 수상
여포의 꿈 레드(SWEET),"여포의 꿈 레드 (SWEET)는 머스켓베리에이(MBA), 켐벨얼리, 산머루의 세가지 포도품종을 각각 60%, 30%, 10%의 비율로 브랜딩하",12,750ml,국내산 포도 100%,2019 찾아가는 양조장,여름에 잘 익은 포도밭에 온 듯한 향기와 산미는 적지만 풍만한 단맛이 입에 오랜 여운을 남긴다. 바디감이 있지만 목넘김이 부드러워 특별한 날 ,Y,여포와인농장,충북 영동군 양강면 유점지촌길 75,https://yeopo.modoo.at/,2014년 한국와인대상 실버상
홍시와인,홍시와인은 농화학과 식품공학을 전공한 1급 주조사 면허증을 가진 38년 내공 양조 전문 기술자가 오랜 연구로 만든 와인이다. 상주의 잘 익은 ,10.5,375ml,"감열매(국내산), 효모, 메타중아황산칼륨, 이산화황",,일반적인 화이트 와인과 마찬가지로 냉장고 온도로 차게 보관하시다가 드시면 홍시와인의 풍부한 맛을 느끼실 수 있다.,Y,젤코바와이너리,경북 상주시 청리면 남상주로 1108-3,,
여포의 꿈 레드(Dry),"무농약, 무제초, 무비료의 3대 원칙을 지켜나가며 만드는 와인의 깊은 맛과 풍미는 어느 유명 와인과 견주어도 손색 없을 정도로 그 완성도가 뛰",12,750ml,국내산 포도 100%,2019 찾아가는 양조장,신선한 포도 껍질에서 나는 향이 진하게 올라오고 단맛과 신맛의 균형이 잘 갖춰져 있다. 옅은 타닌에 의한 떫은 맛이 혀를 자극시키며 목넘김이 ,Y,여포와인농장,충북 영동군 양강면 유점지촌길 75,https://yeopo.modoo.at/,2014 한국와인대상 실버상
P.S 로제 스파클링,시나브로 에뚜왈 로제 스파클링 와인은 로제와인을 베이스로 탄산을 넣어 만든 와인이다. 입안에서 느껴지는 무수한 탄산 기포는 와인 이름처럼 밤하,5,750ml,포도(캠벨얼리),,전체적으로 식전 주 또는 식후 주가 맞는 와인으로 스위트한 맛이 주축을 이룬 만큼 샐러드와 같은 가벼운 요리가 어울린다.,Y,시나브로 와이너리,충청북도 영동군 심천면 약목2길 23,,2016년 아시아와인 트로피 은상
시나브로 나르샤 로제와인,시나브로 로제와인은 로제와인을 한국인이 식용으로 가장 선호하는 포도 품종인 캠벨얼리를 사용하여 만든 한국와인이다. 캠벨얼리로 양조하여 특유하고,10,500ml,포도(캠벨얼리),,"전체적으로 매운맛, 쓴맛, 그리고 타닌감은 없지만, 식전 주에는 식욕을 돋우는 와인으로, 식후에는 입속에 좋은 향기를 느끼게 하는 와인으로는 ",Y,시나브로 와이너리,충청북도 영동군 심천면 약목2길 23,,
시나브로 캠벨 스위트,시나브로 레드 스위트와인은 한국인이 식용으로 가장 선호하는 포도 품종인 캠벨얼리를 사용하여 만든 한국와인이다. 갬벨얼리로 향조하여 특유하고 풍,12,750ml,포도(캠벨얼리),,"누가 즐겨도 편안하고 무난하게 즐길 수 있는 맛이며, 달콤한 맛이 특별한 만큼 좋은 식사를 기분 좋게 마무리하는 역할로 식후주로 추천한다.",Y,시나브로 와이너리,충청북도 영동군 심천면 약목2길 23,,
시나브로 드 글로리아,시나브로 드 글로리아와인은 한국인이 식용으로 가장 선호하는 포도 품종인 캠벨얼리를 사용하여 만든 한국와인이다. 캠벨얼리로 향조하여 특유하고 풍,12,750ml,포도(캠벨얼리),,"물같이 부드러운 목 넘김을 가지고 있으며, 가벼운 탄닌감도 있어서 불고기 및 육전 등, 가벼운 고기류하고는 잘 어울릴 수 있다.",Y,시나브로 와이너리,충청북도 영동군 심천면 약목2길 23,,
선운산 복분자주 프리미엄,선운산 복분자 프리미엄은 냉동된 복분자과실을 해동하여 발효하는 것이 아닌 엄선된 복분자를 바로바로 생과 상태로 고유의 효모를 이용하여 장기간의,19,700ml,"복분자(고창산), 과당, 구연산, 아스파탐, 무수아황산",,18개월에 걸친 장기발효숙성으로 일반 복분자주에 비해 부드러움과 자극이 적은 새콤한 맛에 매끈한 단맛이 숙성이 주는 매력을 느낄 수 있다. 담,Y,(주)선운산복분자주 흥진,전북 고창군 부안면 복분자로535,,
선운산 복분자주,비옥한 땅에서 서해바다의 해풍을 맞으며 소금기를 가득 머금은 고창의 복분자는 당도와 품질이 뛰어나기로 소문이 나있다. 이러한 전북 고창의 1등,16,375ml,"복분자(고창산), 과당, 구연산, 아스파탐, 무수아황산",,"다재다능한 식중주라는 판단. 달콤함과 새콤함의 조합이 좋은 복분자주. 보양식을 생각한다면 장어구이가 잘 어울릴 것이며, 달콤한 맛이 있는 만큼",Y,(주)선운산복분자주 흥진,전북 고창군 부안면 복분자로535,,2018년 대한민국 우리술품평회 과실주 우수상
선운산 복분자와인,비옥한 땅에서 서해바다의 해풍을 맞으며 소금기를 가득 머금은 고창의 복분자는 당도와 품질이 뛰어나기로 소문이 나있다. 이러한 전북 고창의 1등,13,300ml,"복분자(고창산), 구연산, 과당, 아스파탐, 주정, 정제수",,식감돋는 신맛이 도드라지는 맛. 맑은 복분자의 색에 복분자 특유의 달콤한 향이 올라온다. 조금 맛이 진한 불고기 등의 고기류와 복분자에 가장 ,Y,(주)선운산복분자주 흥진,전북 고창군 부안면 복분자로535,,
샹스프랑보아즈,비옥한 땅에서 서해바다의 해풍을 맞으며 소금기를 가득 머금은 고창의 복분자는 당도와 품질이 뛰어나기로 소문이 나있다. 이러한 전북 고창의 1등,13,500ml,"복분자(고창산), 구연산, 과당, 구연산, 아스파탐, 주정, 정제수",,가벼운 느낌의 복분자 와인. 진한 복분자주보다는 산뜻한 로제와인과 같은 느낌으로 적보라의 빛을 지니고 있고 상큼한 과일향이 난다. 담백한 모짜,Y,(주)선운산복분자주 흥진,전북 고창군 부안면 복분자로535,,
사과와인,금이산농원에서 생산하는 &amp;quot;사과와인&amp;quot;은 발포성 와인은 아니지만 높은 완성도를 보이고 있다. 세종시 조치원에서 재,12,500ml,사과(국내산)92.07% 백설탕 7.8% 효모 0.02% 메타중아황산칼륨(산화방지제)0.01% 구연산0.1%,,"잘 익은 사과에서 나오는 풍미 있는 향과 입 안에 가득한 향미, 그리고 적절한 산미가 술을 밸런스를 더해 양념된 고기류와 잘 어울린다.",Y,금이산농원,세종시 전의면 가느실길 127,https://smartstore.naver.com/gumisan,
블루베리 이야기,청정 무주에서 재배되는 블루베리와 산머루를 50%씩 혼합하여 제조한 제품이다. 블루베리의 진한향과 산머루의 상큼한 맛을 고스란히 담아내기 위해,12,375ml,"국내산 산머루 50%, 블루베리 50%",,"투명한 검붉은 빛을 가지고 있으며 신선한 베리향이 올라온다. 입에 넣으면 맛있는 단맛이 술 맛을 이끌어가며 산미는 매우 적으며, 목넘김은 매우",Y,농업회사법인산들벗(주),전라북도 무주군 적상면 서창로 72,http://www.sd-a.co.kr/,
복숭아와인,금이산농원의 복숭아와인은 첫 향이 상큼한 복숭아 향을 풍기며 신맛이 강하지만 단맛과 이내 조화를 이룬다. 목 넘김 시 살짝 쓴맛을 드러내며 이,12,500ml,복숭아(국내산)92.07% 백설탕7.8% 효모0.02% 메타중아황산칼륨(산화방지제)0.01% 구연산0.1%,,적절한 단맛과 산미 그리고 마시고 난 뒤에 남는 향기가 사람이 떠난 여운을 남기 듯 오래 남는다. 안주 없이 와인만 있어도 충분한 술이다.,Y,금이산농원,세종시 전의면 가느실길 127,https://geumisan.modoo.at/,
복분자주 360,"내장산은 단풍으로 수려한 장관을 펼쳐놓기로 유명한 지역이지만, 내장산의 복분자역시 뒤쳐지지 않을 만큼 붉기로 유명하다. 이 내장산에서 오직 복",16,360ml,"복분자, 주정, 정제수, 설탕 등",,산뜻하게 올라오는 달콤한 과실향이 좋고 단맛은 적으나 적절한 산미와 쓴맛이 있고 아주 약한 타닌이 입안을 자극시킨다. 소고기와 잘 어울린다.,Y,내장산 복분자 영농조합,전북 정읍시 북면 장학 1길,http://www.bokbunja.co.kr/,
명가원 복분자술,"지리산 자락에서 자라는 복분자를 발효하여 복분자의 진한 맛과 향, 색을 그대로 살려낸 고 품격 과실주. 역사 깊은 명가원 양조장에서 대한민국 ",16,750ml,"복분자(37.65%), 주정, 정제수, 구연산, 호박산, 정제식염, 액상과당, 효모, 설탕",,여름에 잘 익은 과실향이 올라오고 단맛이 있고 신맛은 적으며 뒤에 남는 쓴맛이 불고기와 잘 어울린다.,Y,솔송주,경상남도 함양군 지곡면 지곡창촌길 3,https://www.solsongju.com/,
뱅꼬레 화이트와인,뱅꼬레 화이트와인은 은은한 금빛이 도는 색감으로 신선하고 부드러운 아카시아 계열의 꽃 향기가 난다. 입안에 적당히 머무르는 산미가 싱그럽게 조,11,375ml,양조용포도(경북 영천),2017 찾아가는 양조장,"다양한 소스로 만든 음식, 유럽식 요리, 생선요리, 과일 샐러드 등과의 매칭을 추천한다.",Y,한국와인,경상북도 영천시 금호읍 원기리 414-2,http://www.vincoreewinery.com/,"아시아와인트로피 은상, 한국와인베스트트로피 금상"
헤베,헤베는 국내산(경북 의성) 사과를 원재료로 어떠한 첨가물 없이 사과즙100%에 소량의 효모만을 넣어 만들어진 9%의 프리미엄 사과발효주이다. ,9,330ml,사과와인(사과과즙 100%),2016 찾아가는 양조장,"기름기가 없는 가벼운 흰 살 생선회나 청귤 샐러드, 요거트 등과 궁합이 좋다.",Y,한국애플리즈,경북 의성군 단촌면 일직점곡로 755,http://www.applewine.co.kr/,
미소 아이스,"기원전 6세기경부터 시작한 프랑스 와인을 따라 해 어설피 흉내만 내는 와인을 만들기보다, 한국 와인의 특성을 살려 나만의 와인을 만들어야 누구",12,375ml,"포도, 산화방지제, 효모",,검붉은 색에 포도껍질향이 강하게 올라온다. 산미가 없고 단맛이 강하며 묵직한 바디감을 가지고 있다. 목넘김도 매우 부드럽다.,Y,도란원,충청북도 영동군 매곡면 옥전리 825-1,http://xn--hg3b13gpoq4muubvz4a.kr/,
베베마루 캠밸로제,베베마루 캠벨로제는 한국와인의 메카 충북 영동군에 위치한 와이너리 월류원에서 생산하는 와인이다. 직접 경작하는 포토밭에서 수확한 캠벨얼리 품종,12,375ml,포도(캠벨얼리),,단맛이 입 전체를 채우고 뒤에 산미가 올라와 입 안을 깔끔하게 만들어준다. 목넘김은 매우 부드럽고 다 마신 후에도 잡맛이 없다. 맛있게 마실 ,Y,월류원,충북 영동군 황간면 남성동3길 4-14,https://bebemaru.modoo.at/,2016 대한민국 우리술품평회 과실주 우수상
베베마루 캠벨로제 스위트,"""베베마루 캠벨로제 스위트""는 한국와인의 메카 충북 영동군에 위치한 와이너리 월류원에서 생산하는 와인이다. 직접 경작하는 포토밭에서 수확한 캠",10,375ml,포도(캠벨얼리),,진한 붉은빛을 가지고 있으며 같은 회사 ‘로제’보다 단맛이 적고 단맛과 신맛의 조화가 잘 갖춰져 있다. 적절한 산미가 입 안에 침이 고이게 하,Y,월류원,충북 영동군 황간면 남성동3길 4-14,https://bebemaru.modoo.at/,
마셔블랑,"마셔블랑은 제주산 한라봉을 착즙하여 만든 제주 특산 화이트와인이다. 향긋한 한라봉의 향과 달콤한 맛, 그리고 드라이한 끝 맛이 특징이다. 원료",12,750ml,"감귤과즙, 백설탕, 액상효모, 무수아황산",,황금빛의 은은한 색깔이 매력적인 와인. 감귤의 향긋한 향이 그대로 살아있는 와인. 목 넘김에서 느껴지는 상쾌한 향이 입안을 기분 좋게 만든다.,Y,시트러스,제주특별자치도 서귀포시 남원읍 신례천로46,https://www.ehondiju.com/,
레돔 내추럴 스파클링 로제와인,"&quot;레돔 내추럴 스파클링 로제와인&quot;은 프랑스 농부가 한국 포도로 만든 와인이다. 내추럴 로제, 말 그대로 가벼운 분홍빛 와인이",7.5,750ml,포도,,"가볍고 경쾌한 느낌이 신선하다는 이미지를 그대로 느끼게 해 준다. 여운은 길지 않지만, 잔잔한 과실향이 입안을 맴돈다. 식전주로도 좋지만, 단",Y,작은알자스,충북 충주시 엄정면 도자기길 32,https://shopping.naver.com/fresh/traditionalalcohol/stores/100308760,
도로시 머루주,도로시 머루주는 100% 국내산 산머루로 만들어 전통옹기에서 3년 이상을 숙성한 프리미엄 머루주이다. 돌산을 쪼개에 직접 가꾼 서늘한 지하 속,12,500ml,"국내산 산머루원액 78.5%, 주정",2014 찾아가는 양조장,머루 특유의 검붉은 색을 가지고 있다. 향에서 느껴지는 달콤한 향이 이 술이 가진 스위트함을 느끼게 해 준다. 첫 느낌은 단맛으로 시작되지만 ,Y,산머루농원영농조합법인,경기도 파주시 윗배우니길 441-25,https://sanmeoru.modoo.at,
대관령 복분자주,송화향이 절정인 6~7월 백두대간 평창에서 수확한 복분자로 빚은 전통 과실주이다. 평창지역 복분자는 일교차가 큰 기후 특성으로 색상과 향이 진,16,400ml,국내산 복분자,,진한 검붉은 색깔을 가지고 있으며 신선한 과실향이 올라온다. 신맛과 단맛의 조화가 잘 갖춰져 있으며 첫 맛은 진하고 시간이 지날수록 가벼워진다,Y,홍지원,강원도 평창군 평창읍 농공단지길 24-14,https://shopping.naver.com/fresh/traditionalalcohol/stores/100214392,
다래와인 7004S,다래와인은 20℃를 넘지 않는 저온발효를 통해서 숙취의 주범인 메탄올과 아세트 알데이드를 줄이고 최고의 와인을 빚고 있다. 참다래에 풍부한 유,8,750ml,참다래,,맑은 황금색을 가지고 있으며 달콤하고 묵직한 향을 느낄 수 있다. 시음하기 전에 산소와의 접촉을 많이 하고 시음하는 것이 좋다. 단맛과 신맛이,Y,오름주가,경상남도 사천시 미룡길 31-20,,
다래와인 7004D,다래와인은 20℃를 넘지 않는 저온발효를 통해서 숙취의 주범인 메탄올과 아세트 알데이드를 줄이고 최고의 와인을 빚고 있다. 참다래에 풍부한 유,12,750ml,참다래,,맑은 담황색을 가지고 있으며 처음 발효향이 강하게 올라오기 때문에 시음하기 전에 산소와의 접촉을 많이 하고 시음하는 것이 좋은 술이다. 단맛이,Y,오름주가,경상남도 사천시 미룡길 31-20,,
다래와인 3004,다래와인은 20℃를 넘지 않는 저온발효를 통해서 숙취의 주범인 메탄올과 아세트 알데이드를 줄이고 최고의 와인을 빚고 있다. 참다래에 풍부한 유,8,375ml,참다래,,진한 황색 빛깔의 술로 푹 익은 다래에서 나는 진한 과실향이 올라온다. 입에 넣으면 점도 있으면서 묵직하게 입 안 전체를 채우고 단맛과 신맛의,Y,오름주가,경상남도 사천시 미룡길 31-20,,2015 대한민국 우리술품평회 장려상
내장산 복분자주 지통1호,"내장산은 단풍으로 수려한 장관을 펼쳐놓기로 유명한 지역이지만, 내장산의 복분자역시 뒤쳐지지 않을 만큼 붉기로 유명하다. 이 내장산에서 오직 복",16,700ml,"복분자, 주정, 정제수, 설탕 등",,산뜻하게 올라오는 달콤한 과실향이 좋고 단맛은 적으나 적절한 산미와 쓴맛이 있고 아주 약한 타닌이 입안을 자극시킨다. 소고기와 잘 어울린다.,Y,내장산 복분자 영농조합,전북 정읍시 북면 장학 1길,https://shopping.naver.com/fresh/traditionalalcohol/stores/100083195,
남산애 포트와인,수제와인을 생산하고 있는 예인화원에서는 자연 그대로의 맛을 전달하고자 포도 100%로만 와인을 빚고 있다. 알코올 도수는 18.5도이며 짙은 ,18.5,750ml,"포도(캠벨얼리, MBA, 산머루)",,"긴 후미는 아니지만, 경쾌하고 자연스러운 한국와인 특유의 신선함이 살아있다. 시트러스 계열의 상큼 맛이 좋은 만큼 입맛을 돋우는 식전주로 추천",Y,예인화원,경북 경주시 남산순환로 10,https://yeinwinerywine.modoo.at/,
남산애 레드와인,자연주의 수제 와인을 생산하고 있는 예인화원에서는 자연 그대로의 맛을 전달하고자 포도 100%로만 와인을 빚고 있다. 알코올 도수는 14도이며,14,750ml,"포도(캠벨얼리, MBA, 산머루)",,"긴 후미는 아니지만, 경쾌하고 자연스러운 한국와인 특유의 신선함이 살아있다. 시트러스 계열의 상큼 맛이 좋은 만큼 입맛을 돋우는 식전주로 추천",Y,예인화원,경북 경주시 남산순환로 10,https://yeinwinerywine.modoo.at/,
그랑티그르 M1988,"""그랑티그르M1988와인""은 제조사 ""월류원""에서 생산하는 최고등급의 와인이다. 당분을 추가하지 않는 순수포도발효를 원칙으로 탄생한 이 와인은",12,750ml,"캠벨얼리 포도, 오미자",,"캠벨포도 특유의 맑고 청아한 색을 가지고 있는 와인이다. 다섯 가지 맛을 자아내는 오미자가 들어가 매우 독특한 끝 맛이 난다. 단맛은 적지만,",Y,월류원,충북 영동군 황간면 남성동3길 4-14,https://shopping.naver.com/fresh/traditionalalcohol/stores/100235003,
그랑티그르 CE2002,"""그랑티그르CE2002와인""은 제조사 ""월류원""에서 생산하는 최고등급의 와인이다. 당분을 추가하지 않는 순수포도발효를 원칙으로 탄생한 이 와인",12,750ml,캠벨얼리 포도,,"캠벨포도 특유의 맑고 청아한 색을 가지고 있는 와인이다. 단맛은 적지만, 특유의 향과 잔잔한 물결과 같은 목 넘김을 가지고 있다. 탄닌감이 적",Y,월류원,충북 영동군 황간면 남성동3길 4-14,https://shopping.naver.com/fresh/traditionalalcohol/stores/100235003,
레돔 시드르,"은은한 사과향이 묻어나오는 스파클링 사과와인으로, 제조시 설탕이나 효모를 넣지 않고 과일 자연 그대로의 효모로 발효시킨다. 야생효모들이 천천히",6,750ml,사과,,"훈제연어 부르게스타, 돼지고기, 피자, 샐러드, 스파게티와 잘 어울린다.",Y,작은알자스,충북 충주시 엄정면 도자기길 32,https://shopping.naver.com/fresh/traditionalalcohol/stores/100308760,
오드린 베베마루 아내를 위한,"이름 그대로 남편이 아내를 위해 만든 와인으로, 영동 월류봉 자락에서 3대째 재배중인 토착 품종 &quot;캠벨얼리&quot;를 숙성하여 만들",10,375ml,캠벨얼리 포도,,"양념치킨, 양념불고기와 잘 어울린다.",Y,월류원,충북 영동군 황간면 남성동3길 4-14,https://shopping.naver.com/fresh/traditionalalcohol/stores/100235003,
오미로제 연,"친환경 오미자를 샤르망 방식으로 만든 천연탄산의 오미자 스파클링 와인이다. 오미자, 복숭아, 라일락의 꽃향이 풍부하게 느껴진다. 당도가 적고 ",8,750ml,오미자,2016 찾아가는 양조장,"피자 ,오리요리와 잘 어울린다.",Y,오미나라,경북 문경시 문경읍 새재로 609,http://www.omynara.com/,
시나브로 캠벨 드라이,시나브로 레드 드라이와인은 한국인이 식용으로 가장 선호하는 포도 품종인 캠벨얼리를 사용하여 만든 한국와인이다. 갬벨얼리로 향조하여 특유하고 풍,12,750ml,캠벨얼리,,"후미는 길지 않지만, 오히려 이런 부분이 깔끔하게 떨어진다고 평하는 전문가도 있다. 아귀찜, 꽃게무침 등 다소 매운 맛이 있는 해산물과 즐긴다",Y,시나브로 와이너리,충청북도 영동군 심천면 약목2길 23,,"시나브로 화이트 골드와인 금상, 한국와인베스트셀렉션 대상, 2016년 로제와인과 레드 드라이 와인, 레드 스위트 와인으로 금상, 은상 수상"
시나브로 청수 화이트,시나브로 화이트는 우리나라 토종 청포도 품종인 ‘청수’를 수확해 정통 화이트와인 양조방식을 적용해 생산하는 술이다. 아름다운 골드빛을 가진 화,12,750ml,청수 100%,,"단맛이 다소 있지만, 산미가 좋아 식중주로도 가능하다. 다만 육류보다는 자극성이 적은 흰살생선을 추천하며, 이왕이면 고추장, 된장으로 요리된 ",Y,시나브로 와이너리,충청북도 영동군 심천면 약목2길 23,,"2019 대한민국 우리술품평회 과실주 최우수상, 2015, 2016, 2018 아시아 와인트로피 금상 수상"
산머루 크라테 로제,"로제와인에 어울리는 색과 맛, 향을 가진 술이다. 스위트라고 하지만 단맛이 지나치게 강하지 않아 누구나 쉽게 즐길 수 있는 술이며 무겁지 않고",11.5,375ml,산머루,,불고기와 페어링하면 좋다.,Y,수도산와이너리,경상북도 김천시 증산면 금곡리 226-1번지,https://smartstore.naver.com/sdsmeru/profile,
산머루 크라테 드라이,"크라테 드라이는 맑은 공기, 청정환경에서 자란 유기농 산머루와 포도로 정성껏 빚은 한국와인이다. 산포도라고 불리는 산머루는 비록 포도 보다 열",11.5,750ml,산머루,,"스테이크, 꼬치구이, 찜요리와 어울린다.",Y,수도산와이너리,경상북도 김천시 증산면 금곡리 226-1번지,https://smartstore.naver.com/sdsmeru/profile,2017 광명동굴 와인 페스티벌 동상
요새로제,인공색소나 착향료로 색과 향을 내지 않았다. 주 재료인 베리류의 산뜻함을 고스란히 담아 상큼하고 청량한 맛이 일품인 애플사이더다. 냉장보관 후,6.4,750ml,"사과즙(국산), 오미자, 라즈베리차, 정제수, 효모, 사관산(산도조절제), 탄산가스, 메타중아황산칼륨(산화방지제)",,"치킨, 파스타, 피자 등의 파티 음식와 잘 어울린다.",Y,댄싱사이더컴퍼니,"충북 충주시 중앙탑면 인담길 35-1 (사이더리, 탭룸)",https://www.dancingcider.com/,
로제와인,"갈기산 포도 농원은 청수, 킹데라, 나이아가라 등 국내에서 많이 재배되지 않은 특징 있는 로제와인 품종을 재배하고 있다. 포도의 고장 영동에서",12,550ml,포도(국내산),,"바질파스타, 부라타치즈 샐러드, 치즈류, 해물찜과 찰떡궁합이다.",Y,갈기산포도농원,충북 영동군 학산면 모리1길 23,,2019 대한민국 우리술품평회 과실주 우수상
산머루 크라테 스위트,아시아 원산지 비티스 아무렌 시스계통의 산머루는 당도와 산도가 높은 품종으로 우리나라 포도를 대표하는 주요 레드 와인 품종이다. 오래 숙성할 ,11.5,750ml,산머리(국내산),,"사과, 치즈, 크래커와 먹기 좋다.",Y,수도산와이너리,경상북도 김천시 증산면 금곡리 226-1번지,https://smartstore.naver.com/sdsmeru/profile,2018 대한민국 우리술품평회 과실주 최우수상
심술 알쓰,심술알쓰는 과음하지 않는 젊은 세대의 음주문화를 반영해 실제 3.85도 낮은 알코올 도수로 주량이 약한 사람도 부담 없이 즐길 수 있다. 제품,3.8,180ml,복분자,,장어 또는 치즈와 어울린다.,Y,배상면주가,경기도 포천시 화현면 화현리 512,http://www.sansawon.co.kr,
혼디주,감귤의 단맛과 신맛이 조화를 이루어 감칠맛이 뛰어난 혼디주는 감귤연구소에서 개발한 특허 효모를 사용해 발효시켰다. 누룩을 사용하지 않아서 특유,12,330ml,"제주산감귤, 백설탕, 구연산, 무수아황산",,"생선회, 구이 등 해산물류와 수육, 보쌈 등 육류와 잘 어울린다.",Y,㈜시트러스,제주특별자치도 서귀포시 남원읍 신례천로 46,http://www.ehondiju.com/,
스파클링와인 오미로제 결,"유기농 오미자를 3년이상 숙성하여 만들었으며, 향긋한 붉은 과일의 섬세한 버블이 코를 자극한다. 첫 맛은 새콤달콤하고, 뒤이어 다시 한번 향긋",12,750ml,오미자,2016 찾아가는 양조장,"오미로제 스파클링 와인은 단맛, 신맛, 쓴맛이 조화된 스파클링의 참 맛을 낸다. 여기에 입맛을 돋우는 편육냉채가 어울린다.",Y,오미나라,경북 문경시 문경읍 새재로 609,http://www.omynara.com/,
샤토미소 랑,샤토미소 랑은 충북 옥천 포도연구소와 농촌진흥청에서 육종개발한 화이트와인 양조용 포도품종 청수를 원료로 만든 화이트와인이다. 청포도의 싱그러운,12,375ml,청수,2019 찾아가는 양조장,금빛의 영롱한 빛깔에 기분 좋은 청포도 향이 확 코끝에 와 닿는 느낌이다. 하지만 막상 맛을 보면 샤프한 청포도 향은 사라지고 부드러운 촉감이,Y,도란원,충청북도 영동군 매곡면 옥전리 825-1,http://xn--hg3b13gpoq4muubvz4a.kr/,
초선의 꿈,"초선의 꿈 (로제)은 특별한 기념일에 함께 마시면 장밋빛 사랑이 솔솔 피어날 듯한 연분홍 장미색을 가진 와인으로, 풍부한 장미향과 상큼한 사과",12,375ml,국내산 포도,2019 찾아가는 양조장,"눈을 황홀하게 하는 아름다운 로제와인의 색에 은은하게 올라오는 베리향, 오미의 균형이 잘 갖춰져 있으며 바디감이 있고 목넘김이 깨끗하다. 견과",Y,여포와인농장,충북 영동군 양강면 유점지촌길 75,https://yeopo.modoo.at/,
여포의 꿈 (화이트),여포의 꿈 화이트는 수확 후 24시간 맛세레이션(침용) 후 저온 발효시켜 만들며 연한 살구 빛이 매력적으로 감도는 와인이다. 달콤함과 부드러운,12,750ml,국내산 포도,2019 찾아가는 양조장,신선한 포도향에 마치 포도농장에 와 있는 듯 하다. 단맛은 적고 산미가 적당히 있어 바디감이 적고 목넘김이 깔끔하다. 조기찜과 잘 어울린다.,Y,여포와인농장,충북 영동군 양강면 유점지촌길 75,https://yeopo.modoo.at/,"2017 대한민국 우리술품평회 과실주 최우수상, 2015 대한민국 우리술품평회 과실주 우수상"
샤토미소 레드 드라이,"MBA, 산머루, 캠벨 얼리를 블렌딩한 것으로 독창적인 건조와 아이스와인 제조 방법을 접목해 고농축하여 만든 소량 생산의 프리미엄 와인이다. ",13,750ml,"MBA, 산머루, 캠벨 얼리",2019 찾아가는 양조장,스테이크 등 육류요리와 잘 어울린다.,Y,도란원,충청북도 영동군 매곡면 옥전리 825-1,http://xn--hg3b13gpoq4muubvz4a.kr/,
샤토미소 레드 스위트,"산머루, 캠벨을 블랜딩하여, 독창적인 자연의 맛과 향이 풍부하고 붉은 자주 빛의 루비색이 매력적인 와인이다. 딸기 향과 붉은 꽃 향기의 스위트",12,750ml,"포도, 산화방지제, 효모, 설탕 등",2019 찾아가는 양조장,샤토미소 와인은 느끼함을 잡아주기 때문에 가름진 육류와 함께 먹으면 좋다.,Y,도란원,충청북도 영동군 매곡면 옥전리 825-1,http://xn--hg3b13gpoq4muubvz4a.kr/,
추사 블루베리 와인,충남 예산에서 친환경 농법으로 재배한 블루베리로 만든 와인이다. 추사 애플와인의 제조사로 유명한 예산사과와인의 신제품으로 물이나 주정을 첨가하,11,375ml,"예산블루베리 60%(국내산), 설탕, 구연산, 무수아황산, 소르빈산칼륨",2014 찾아가는 양조장,붉은 흑진주와 같고 잘 익은 과실향이 진하게 올라온다. 입에 넣는 순간 맛있게 느껴지며 처음에는 단맛 그리고 다음에는 연한 신맛이 뒤를 받쳐준,Y,예산사과와인,충남 예산군 고덕면 대몽로 107-25,http://www.chusawine.com,
추사 애플와인,추사 애플와인은 물이나 주정을 첨가하지 않고 한 달간의 저온발효와 1년 이상의 숙성 과정을 거치는 정통 와인 제조방식으로 제조되고 있다. 국내,12,375ml,사과(국내산),2014 찾아가는 양조장,물처럼 맑은 빛깔을 가지고 있으며 과실의 발효향이 코를 자극시킨다. 바로 마시는 것 보다는 디켄팅을 충분히 한 후에 마시면 더욱 맛있게 즐길 ,Y,예산사과와인,충남 예산군 고덕면 대몽로 107-25,http://www.chusawine.com,2015 대한민국 우리술품평회 과실주 대상
공주애 오디와인,"공주애 오디와인은 공주에서 재배한 오디를 원료로 저온발효, 저온숙성을 통해 빚은 오디가 듬뿍 담긴 과실주이다. 아름다운 빛깔과 깊은 풍미로 눈",15,375ml,"국내산 오디, 정제수, 주정, 과당, 효모",,술을 입에 넣으면 가볍고 목 넘김이 깔끔한 것이 특징이며 마시고 난 후에도 산뜻하다. 장어 구이와 잘 어울린다.,Y,사곡양조원,충남 공주시 사곡면 마곡사로 49,https://shopping.naver.com/fresh/traditionalalcohol/stores/100069114,
감그린 아이스와인,"""감그린 아이스와인""는 경북 청도의 특산물인 씨 없는 감으로 만든 한국와인이다. 감 특유의 떫은 맛, 달콤한 맛, 신맛이 조화를 이루어 포도와",10,375ml,감(국내산),,진한 감 특유의 맛을 자랑하는 와인으로 숙성을 거듭한 홍시와 같은 식감이다. 진한 맛을 자랑하는 만큼 다양한 치즈 류와도 궁합이 좋다. 가벼운,Y,청도감와인,경북 청도군 풍각면 봉길1길27,http://www.gamwine.com/company/main.php,
감그린 스페셜,"""감그린 스페셜""은 경북 청도의 특산물인 씨 없는 감으로 만든 한국와인이다. 감 특유의 떫은 맛, 달콤한 맛, 신맛이 조화를 이루어 포도와인과",12,750ml,감(국내산),,감 본래의 맛을 잘 살린 와인으로 과육을 씹는 듯한 식감을 자랑하는 와인이다. 감 특유의 떫은 맛이 있어 기름진 음식과도 궁합이 괜찮다. 다만,Y,청도감와인,경북 청도군 풍각면 봉길1길27,http://www.gamwine.com/company/main.php,
감그린 레귤러,"""감그린 레귤러""는 경북 청도의 특산물인 씨 없는 감으로 만든 한국와인이다. 감 특유의 떫은 맛, 달콤한 맛, 신맛이 조화를 이루어 포도와인과",12,750ml,감(국내산),,가벼운 청포도향과 감 특유의 가벼운 탄닌감이 살아있는 맛이다. 감 특유의 떫은 맛이 있어 기름진 음식과도 궁합이 괜찮다. 다만 자극성 적은 소,Y,청도감와인,경북 청도군 풍각면 봉길1길27,http://www.gamwine.com/company/main.php,
고창선운산 땡큐블루베리주,블루베리주는 고창군 심원면 황토 지역에서 서해안 해풍(海風)을 맞고 자란 블루베리 중 당도와 과육이 뛰어난 1등급 수확 분으로 빚어 단맛과 신,13,300ml,"블루베리과실, 주정, 효모, 구연산, 정제수",,매혹적인 붉은 루비 색깔을 가지고 있고 블루베리 특유의 향과 맛이 그대로 느껴진다. 단맛과 신맛의 조화에 약간의 쓴맛이 오미를 완성시킨 술로 ,Y,고창선운산,전북 고창군 심원면 심원로 270-73,https://shopping.naver.com/fresh/traditionalalcohol/stores/100168768,
쿨샷 7.5,"""쿨샷7.5""는 고창군 심원면 황토 지역에서 서해안 해풍(海風)을 맞고 자란 복분자 중 당도와 과육이 뛰어난 1등급 수확 분으로 빚어 단맛과 ",7.5,300ml,"복분자과실, 주정, 효모, 구연산, 정제수",,분홍빛이 연하게 섞인 흑진주와 닮았다. 보통의 과실주에 비해 알코올 도수가 낮아 누구라도 편하게 즐길 수 있으며 복분자 과실향이 달콤함과 섞여,Y,고창선운산,전북 고창군 심원면 심원로 270-73,www.sulbox.com,
고창선운산 복분자주 특1호,고창선운산에서 생산하는 고창선운산 복분자주는 고창군 심원면 황토 지역에서 서해안 해풍(海風)을 맞고 자란 복분자 중 당도와 과육이 뛰어난 1등,15,1800ml,"복분자과실, 주정, 효모, 구연산, 정제수",,술을 입에 넣으면 매우 가볍고 목 넘김이 깔끔한 것이 특징이며 마시고 난 후에도 매우 산뜻하다. 장어 구이와 잘 어울린다.,Y,고창선운산,전북 고창군 심원면 심원로 270-73,https://shopping.naver.com/fresh/traditionalalcohol/stores/100168768,
고창선운산 땡큐복분자주,고창선운산에서 생산하는 고창선운산 땡큐복분자주는 고창군 심원면 황토 지역에서 서해안 해풍(海風)을 맞고 자란 복분자 중 당도와 과육이 뛰어난 ,13,300ml,"복분자과실, 주정, 효모, 구연산, 정제수",,술을 입에 넣으면 매우 가볍고 목 넘김이 깔끔한 것이 특징이며 마시고 난 후에도 매우 산뜻하다. 장어 구이와 잘 어울린다.,Y,고창선운산,전북 고창군 심원면 심원로 270-73,https://shopping.naver.com/fresh/traditionalalcohol/stores/100168768,
고도리 화이트와인 스위트,고도리 화이트와인 스위트는 농산물우수관리(GAP)인증 100% 친환경 거봉포도로 만들어진다. 포도의 당도가 가장 높은 10월말에 수확하여 별도,10.5,750ml,거봉포도(영천),2018 찾아가는 양조장,"새벽 공기에서 느껴지는 풀잎 향, 감귤계의 시트러스한 향, 과하지 않은 단맛이 조화를 이룬 맛이다. 과일을 즐긴다는 느낌으로 굳이 안주가 없어",Y,고도리 와이너리,경북 영천시 고경면 고도리 494-3,http://고도리와인.com,2011 대한민국 우리술 품평회 우수상2017 대한민국 우리술 품평회 우수상
스타베리오디,보현산 천문대가 위치한 영천시의 상징이 별(star)이기에 스타베리 오디와인이라고 브랜드명을 지었다. 동의보감에 오디주를 상심주라고 불렀고 예,12,500ml,양조용포도(영천),2017 찾아가는 양조장,오디 특유의 산미과 단맛이 그대로 살려져 있는 와인. 한국산 오디와인의 절정을 느낄 수 있는 맛이다. 3년 숙성의 세월이 느껴지는 묵직한 맛이,Y,한국와인,경상북도 영천시 금호읍 원기리 414-2,http://www.vincoreewinery.com/,
애피소드 상그리아,애피소드상그리아는 사과와인으로 유명한 한국애플리즈에서 선보이는 새로운 제품이다. 2030대 젊은 층을 위해 출시한 제품으로 포도와인에 탄산과 ,3.5,500ml,"포도와인, 정제주정, 정제수, 포도농축액, 고과당",2016 찾아가는 양조장,"사과의 상쾌함과 달콤한 레드 와인의 조합. 남녀노소 누구나 즐길 수 있는 무난한 과실주이다. 겨울에는 뜨끈하게 데워서 마셔도 좋을 맛이며, 쿠",Y,㈜한국애플리즈,경북 의성군 단촌면 일직점곡로 755,http://www.applewine.co.kr/,
애피소드 애플,애피소드 애플은 한국애플리즈의 제조기술로 탄생한 사과와인에 탄산을 넣고 알코올 도수를 낮춘 탄산와인이다. 애플사이다를 표방하는데 프랑스에서 시,3.5,500ml,사과,2016 찾아가는 양조장,"사과의 맛이 그대로 나타나는 사과쥬스와 탄산의 조합. 발효취나 군더더기 맛이 없는 무난한 과실주이다. 청량감이 좋아 새우, 호박, 감자, 고구",Y,㈜한국애플리즈,경북 의성군 단촌면 일직점곡로 755,http://www.applewine.co.kr/,
한스오차드 사과와인,옅은 레몬색을 띄고 있으며 은은한 사과향을 간직하고 있다. 입안에서는 상큼한 당도와 함께 사과의 풍미가 느껴지는 제품이다. 전통 황토옹기에서 ,11,750ml,사과,2016 찾아가는 양조장,사과 본연의 맛이 좋아 식전 또는 식후에 한잔 곁들이면 좋다. 단맛이 있어 식중주보다는 치즈 및 과일 안주하고 잘 어울린다.,Y,㈜한국애플리즈,경북 의성군 단촌면 일직점곡로 755,http://www.applewine.co.kr/,
추사 로제,사과의 표면만 아니라 속까지 빨간색을 띄는 레드러브(Red Love)품종으로 만들어진 와인으로 일반적인 사과와인이 맑고 꿀물 같은 황금빛 인데,12,375ml,사과,2014 찾아가는 양조장,"목 넘김이 부드럽고 마시고 난 후에는 매우 시원하고 산뜻한 느낌을 준다. 사과가 들어간 파이, 과실 샐러드 등과 함께하면 좋다.",Y,예산사과와인,충남 예산군 고덕면 대몽로 107-25,http://www.chusawine.com,
레드 와인 500,와이너리에서 자가 생산한 MBA(머루포도)를 11월 초 서리가 내릴 때 높은 당도의 포도를 수확하여 당을 첨가하지 않고 발효한 와인이다. 25,12,500ml,친환경 거봉 포도,,"돼지갈비, 갈비찜, 약간 스파이시한 한식이 잘 어울린다.",Y,고도리 와이너리,경북 영천시 고경면 고도리 494-3,http://고도리와인.com,
복분자음,복분자음은 고창의 대표농산물인 복분자로 만든 복분자주다. 복분자의 많은 기능성 성분을 함유하고 있을 뿐만 아니라 복분자 특유의 맛과 향을 간직,12,375ml,"복분자(국내산), 정제수",,"생선요리, 전과 페어링하기 좋다.",Y,배상면주가,경기도 포천시 화현면 화현리 512,https://www.soolsool.co.kr/,"2017 대한민국 우리술품평회 과실주 대상, 2014 대한민국 우리술품평회 최우수상"
빙탄복,빙탄복은 저온 숙성 탄산 복분자술이다. 시원하게 복을 삼킨다는 의미를 담고 있는 빙탄복은 자연 발효로 빚은 복분자술을 저온 장기 숙성하고 탄산,7,370ml,복분자,,"장어구이, 치즈와 어울린다.",Y,배상면주가,경기도 포천시 화현면 화현리 512,https://www.soolsool.co.kr/,
감악산 산머루주,"머루는 쌍떡잎식물 갈매나무목 포도과에 속하는 덩굴식물로 우리나라, 일본, 중국 등지에 분포한다. 감악산 산머루주는 감악산 주변 농가에서 무공해",12,360ml,"머루원액 78.5%(경기 파주), 주정(국내산, 수입산)",,"갈비, 불고기와 곁들이면 입맛도 돋우고 느끼함도 해소해 준다.",Y,산머루농원,경기 파주시 적성면 객현리 67-1,http://www.sanmeoru.com,
고도리 청수 와인,GAP인증 청수 포도의 당도가 가장 높은 8월 중순에 수확하여 별도의 당을 첨가하지 않고 순수 발효한 와인으로 풍부한 산미와 달콤한 과일향을 ,10.5,750ml,포도(청수),2018 찾아가는 양조장,"달콤한 과일 향과 레몬향, 상큼한 풀잎향을 가지고 있어 오리고기와 닭고기, 싱싱한 해산물 요리와 잘 어울린다.",Y,고도리 와이너리,경북 영천시 고경면 고도리 494-3,http://고도리와인.com,
고도리 레드와인 스위트,고도리 레드와인 스위트는 농산물우수관리(GAP)인증 100% 친환경 MBA 머루포도로 만들어진다. 포도의 당도가 가장 높은 11월 초 서리가 ,12,750ml,MBA 머루포도(영천),2018 찾아가는 양조장,"육회, 수육, 불고기과 페어링하기 좋다.",Y,고도리 와이너리,경북 영천시 고경면 고도리 494-3,http://고도리와인.com,
고도리 화이트와인 드라이,고도리 화이트와인 드라이는 농산물우수관리(GAP)인증 100% 친환경 거봉포도로 만들어진다. 포도의 당도가 가장 높은 10월 말에 수확하여 별,10.5,750ml,거봉포도(영천),2018 찾아가는 양조장,광어나 우럭 등 기름기가 적은 생선회와 페어링하기 좋다.,Y,고도리 와이너리,경북 영천시 고경면 고도리 494-3,http://고도리와인.com,"2011년 대한민국 우리술품평회 과실주 부문 우수상, 2015년 한국와인 베스트컬렉션 골드 수상, 2016년 대한민국 주류대상 BEST OF "
고도리 복숭아와인,"복숭아의 당도가 가장 높은 8월 말에 수확하여 별도의 당을 첨가하지 않고 순수 발효한 와인이다. 또한, 고도리 북숭아와인은 맑고 투명한 색에 ",6.5,750ml,복숭아(경북 영천),2018 찾아가는 양조장,"신선하면서도 잘 익은 복숭아, 살구 향이 지배적이며 은은하게 아카시아 향도 느낄 수 있다. 말린 과일(망고), 과일을 이용한 디저트, 향이 강",Y,고도리 와이너리,경북 영천시 고경면 고도리 494-3,http://고도리와인.com,
뱅꼬레 아이스와인,뱅꼬레 아이스와인은 짙은 황금빛을 띄며 신선한 아로마 향이 가득한 디저트와인이다. 벌꿀과 과일 향이 발산하는 감미로운 달콤함으로 술을 마시는 ,12,375ml,양조용포도(영천),2017 찾아가는 양조장,와인 맛 본연의 맛을 느끼기 위해 가벼운 샐러드와의 매칭을 추천한다.,Y,한국와인,경상북도 영천시 금호읍 원기리 414-2,http://www.vincoreewinery.com/,
뱅꼬레 로제와인,"뱅꼬레 로제와인은 노을을 연상시키는 분홍빛을 띄고 있으며 사과, 자두, 복숭아의 복합적인 과일향과 적당한 달콤새콤함이 조화로운 미디엄 바디 와",11.5,375ml,양조용포도(영천),2017 찾아가는 양조장,신선한 샐러드와 잘 어울리며 쌈 요리 등 한국 고유의 음식과도 잘 어울린다.,Y,한국와인,경상북도 영천시 금호읍 원기리 414-2,http://www.vincoreewinery.com/,
뱅꼬레 레드와인,뱅꼬레 레드와인은 과일의 복합적인 아로마가 풍부한 짙은 루비색의 와인이다. 알싸한 산미와 부드럽고 감미로운 과실향이 어우러져 은은한 여운을 남,12,375ml,양조용포도(영천),2017 찾아가는 양조장,"불고기, 수육, 어복쟁반과 페어링하기 좋다.",Y,한국와인,경상북도 영천시 금호읍 원기리 414-2,http://www.vincoreewinery.com/,
두레앙와인,와인의 떫은 맛을 내는 타닌 성분이 강하지 않고 특유의 감칠맛이 뛰어나 와인 입문자와 식전주로 제격인 와인이다. 와인 제조에 사용하는 천안 입,12,750ml,거봉포도,,"육류, 치즈와 페어링하기 좋다.",Y,,,,2007 대한민국주류품평회 입선
부안참뽕와인,오디를 발효숙성한 한국 스위트 와인입니다. 6월에 수확한 오디만을 사용해 6개월 동안 숙성시켜 생산합니다. 오디에는 혈당강화성분과 고혈압억제물,13,750ml,"정제수, 오디(국내산), 주정, 과당",,"스테이크, 생선회와 어울린다.",Y,동진주조,전북 부안군 행안면 부안농공단지길 14-11,dongjinwine.modoo.at,
무주구천동산머루주,덕유산의 청정지역에서 생산되는 머루로 만든 산머루주는 머루의 신맛을 저하시키고 당도는 살려 달콤하고 매혹적인 머루주의 향을 느낄 수 있다. 시,16,"750ml, 360ml",머루,,육류로 만든 음식과 어울린다.,Y,산머루농원,경기 파주시 적성면 객현리 67-1,http://www.sanmeoru.com,
무주구천동머루와인,22년에 역사와 고향의 혼이 담긴 구천동머루와인은 무주에서 생산되는 머루로 만든 품질이 격상된 과실주다. 전통방식으로 숙성시켜 만든 구천동 머,12,750ml,머루,,육류로 만든 음식과 페어링하기 좋다.,Y,덕유양조,전북 무주군 안성면 장무로 1375-7,meorusove.modoo.at,
천매,천연꿀을 첨가하여 숙취 해소에 도움이 되어 음주 후 머리가 아프지 않은 것이 특징이다. 천매는 황매실 100%로 5년 이상 숙성 시켜 매실청과,30,600ml,매실,,처음 단맛이 기분좋게 느껴지고 그 뒤로 매실의 산미가 느껴지기 시작해 술 맛을 마무리 한다. 기름진 중국음식과 잘 어울린다.,Y,더한주류,서울시 은평구 증산로7길 28-13,www.thehan.kr,
그랑꼬또 M56,그랑꼬또 M56은 포도 껍질을 같이 넣고 발효시키다가 어느 정도 우러나면 껍질을 제거하고 과육만으로 만든다. 레드와인과 화이트와인의 중간인 연,12,750ml,포도,2017 찾아가는 양조장,"붉은 육류 요리,바비큐,갈비찜과 어울린다.",Y,그린영농조합,경기도 안산시 단원구 뻐꾹산길 107,http://www.grandcoteau.co.kr,
그랑꼬또 로제와인,"그랑꼬또(Grnad Coteau)와인은 청정지역을 자랑하는 대부도의 큰 언덕에서 생산한다는 의미를 담고 있다. 바닷가의 뜨거운 열기와 습도, ",12,750ml,포도,2017 찾아가는 양조장,"한식,해산물,칼국수과 어울리게 맛볼 수 있다.",Y,그린영농조합,경기도 안산시 단원구 뻐꾹산길 107,http://www.grandcoteau.co.kr,
그랑꼬또 청수,"그랑꼬또 청수는 새꼼하면서도 깔끔한 맛과 향, 그리고 한국음식과 딱맞는 궁합을 보여주는 와인이다. 포도 청수품종은 생식용 포도로 육성된 품종으",12,750ml,포도,2017 찾아가는 양조장,"어떤 음식이나 분위기와도 잘 어울릴 듯 하다. 굴찜, 조개찜, 대게찜 등 부드럽게 익힌 어패류나 해산물과 잘 맞을 듯 하다.",Y,그린영농조합,경기도 안산시 단원구 뻐꾹산길 107,http://www.grandcoteau.co.kr,"2020 대한민국 우리술품평회 과실주 우수상, 2019 대한민국 우리술품평회 과실주 대상"
프리미엄 애플와인 한스오차드,의성사과로 만든 프리미엄 사과와인으로 달큼한 사과향과 부드러운 목넘김이 느껴진다. 합성 착향료 등 첨가물이 들어가지 않은 와인이다.,11,750ml,국내산 사과,2016 찾아가는 양조장,"고기, 치즈, 면류, 과일과 같이 먹으면 좋다.",Y,㈜한국애플리즈,경북 의성군 단촌면 일직점곡로 755,http://www.applewine.co.kr/,
오미로제 스파클링 와인,"유기농 오미자를 원료로 정통 샴페인공법으로 제조한 세계 최초의 오미자 스파클링 와인. 유기농 오미자를 3년이상 숙성하여 만들었으며, 향긋한 붉",12,750ml,국내산 오미자,2015 찾아가는 양조장,"샐러드, 야채, 튀김과 어울린다.",Y,문경주조,경상북도 문경시 동로면 노은리 192번지,https://mgomijasul.modoo.at/,
그랑꼬또 레드와인,껍질과 씨와 과육을 함께 넣어 스테인리스 통에서 발효 숙성되는 그랑꼬또 레드와인은 섬세한 과일향을 유지하며 신맛과 단맛의 균형이 조화를 이루어,12,"750ml, 375ml",국내산 포도(캠벨얼리),2017 찾아가는 양조장,"삼겹살, 보쌈, 김치전, 아구찜 등과 페어링하기 좋다.",Y,그린영농조합,경기도 안산시 단원구 뻐꾹산길 107,http://www.grandcoteau.co.kr,
자두와인,전국 자두생산량1위의 김천에서 자두 중에서도 맛과 색이 뛰어난 우수한 품종의 자두를 선별하여 자체설비 및 기술력으로 신선한 과즙을 얻어내 만들,12,750ml,국내산 자두,,"육류, 해산물요리  담백한 육류요리에 자두와인의 레드와인과 함께하면 새콤달콤한 맛이 육류의 느끼함을 잡아주며 신선한 해산물요리에 자두와인의 깔",Y,자두사랑,경북 김천시 대학로 214,https://jadusarang.modoo.at/,2014 대한민국 우리술품평회 과실주 장려상
너와머루와인,너와집으로 유명한 해발 500미터 이상의 삼척 너와마을에서 생산되는 특산물인 머루 100%의 진한레드와인으로 약간 스위트한맛이다. 진하면서도 ,12,"500ml, 700ml",국내산 산머루 100%,2014 찾아가는 양조장,"너비아니구이, 치즈떡갈비  머루100%의 진하고 달콤한 맛이 너비아니와 떡갈비의 풍미를 더욱 살려 준다.",Y,산머루농원영농조합법인,경기도 파주시 윗배우니길 441-25,https://sanmeoru.modoo.at,
레드듀 RED DEW,일교차가 큰 석회암지대에서 재배된 100% 친환경 무농약인증산 머루원료를 발효시켜 제조한 친환경와인이다. 머루특유의 묵직한 맛에 신맛과 단맛이,13,750ml,무농약머루,,파스타  채소를 듬뿍 넣고 매운고추와 굴소스로 양념하여 매콤하면서도 감칠맛 나는 파스타는 레드듀의 새콤달콤한 맛과 잘 어울린다.,Y,동강산머루영농조합법인,강원도 영월군 영월읍 동강로 1431,,2011 대한민국우리술품평회 최우수상 (과실주 부문)
샤토미소 로제스위트와인,"우리입맛에 맞는 한국형와인의 가치를 높이기 위해 우리포도로 만든 와인으로서 포도를 재경파쇄하고, 착즙하여 순수주스만을 도란원만의 제조비법으로 ",12,375ml,국내산 포도원액,2019 찾아가는 양조장,"홍합찜  홍합의 수염은 자르고 물로 여러 번 헹궈 끓는 물에 넣어 삶아내는데, 이때 마른홍고추와 통후추를 넣고 삶아 약간 매콤한 맛이 나도록하",Y,도란원,충청북도 영동군 매곡면 옥전리 825-1,http://xn--hg3b13gpoq4muubvz4a.kr/,"2020 대한민국 우리술품평회 과실주 최우수상, 2018 대한민국 우리술품평회 과실주 대상"
머루이야기,"평균 해발500미터, 백두대간의 중심에 위치한 무주는 반딧불이가사는 청정지역이다. 고랭지에서 재배된 산머루를 발효시켜 새콤함과 달콤함이 잘 어",12,350ml,국내산 머루(전북 무주),,"돼지 등갈비찜  갈비찜은 담백한 고기에 견과류, 야채까지 골고루 들어가는 보양식이다. 머루이야기한잔이 양념과 재료들이 잘 어우러진 갈비찜의 맛",Y,산들벗(주),전북 무주군 적상면 서창로 72,https://shopping.naver.com/fresh/traditionalalcohol/stores/100074042,2013 대한민국우리술품평회 우수상 (과실주 부문)
명작복분자,"고창 황토지역에서 서해안해풍을 맞고 자란 복분자중 매년당도와 과육이 뛰어난 2,3차 수확분으로 술을 빚어 단맛과 신맛이 조화를 이루면서 복분자",13,375ml,복분자,,장어구이  장어는 단백질과 지방이 풍부한 고칼로리식품으로 여름과 가을철의 원기회복에 좋다. 복분자주의 향긋한 맛과 달콤한 향은 장어구이와 궁합,Y,국순당고창명주(주0,전북 고창군 심원면 선운대로 2197,https://shopping.naver.com/fresh/traditionalalcohol/stores/100077970,"2014 대한민국우리술품평회 우수상 (과실주 부문), 2010 대한민국우리술품평회 우수상 (과실주 부문)"
유기농 이도 42,입안으로 날카롭게 파고드는 42도의 높은 도수에 놀라기도 전에 뿜어내는 미묘한 향과 지날수록 부드러운 목 넘김에 마실 때마다 새로운 느낌이 드,42,"375ml, 750ml","유기농쌀 (100%), 정제수, 증류원액, 국, 조제종국, 효모 등",,쌀을 발효시켜 증류해 매우 깔끔하지만 알코올 향과 혀를 자극시키는 맛이 강합니다. 이도 한잔에 시원한 복지리탕이 생각납니다.,Y,조은술 세종,충북 청주시 청원구 사천로 18길 5-2,http://www.joeunsulsj.co.kr,2016 대한민국 우리술품평회 증류주 부문 대상
한산 소곡화주,한산소곡주를 소줏고리에 불을 지펴서 증류하여 만든 술로 소곡화주 또는 불소곡주라고도 불립니다. 한산소곡화주는 국내산 찹쌀과 누룩을 주원료로 빚,41,"300ml, 500ml","찹쌀, 멥쌀, 누룩",,높은 온도에서 증류한 곡향이 올라오고 알코올 도수에 비해서 술 맛이 매우 부드럽습니다. 술을 마시고 난 후에 혀에 남는 알코올이 긴 여운을 남,Y,원조소곡주,충남 서천군 한산면 한마로34,http://www.원조소곡주.com/,2016 대한민국 우리술품평회 증류주 부문 장려상
추사47,예산사과와인에서 직접 재배한 사과를 증류한 사과증류주입니다. 2500일이 넘는 기다림을 통해 탄생한 추사47은 첨가물 없이 하나의 오크통을 선,47,500ml,"예산사과(100%), 효모",2014 찾아가는 양조장,,Y,예산사과와인,충남 예산군 고덕면 대몽로 107-25,http://www.chusawine.com,
밤빛머루,밤빛머루는 해발 500m 청정지역 무주에서 재배한 머루를 발효한 와인을 증류해 만든 증류주입니다. 1차 증류를 통해 45도 원액을 3.8% 사,16.9,360ml,무주 머루,,,Y,농업회사법인 산들벗(주),전라북도 무주군 사천리 208-6,http://www.sd-a.co.kr/,
예천주 사월365,"""예천주 사월""는 경북 예천의 친환경 오미자를 원료로 국세청으로부터 이전 받은 특허공법과 농업회사법인(주)착한농부의 주류 생산 역량이 결합하여",36.5,375ml,"오미자(국내산)증류원액, 건오미자(국내산)추출액, 정제수",,약용증류주로 증류한 후에 오미자를 활용해 아주 엷은 황금색을 가진 오미자 증류주입니다. 오미자의 신선한 향이 살아있으며 입 안에 넣으면 산뜻함,Y,농업회사법인(주)착한농부,경북 예천군 용문면 복천길 16-8,http://예천주.kr,
예천주 사월24,"""예천주 사월""는 경북 예천의 친환경 오미자를 원료로 국세청으로부터 이전 받은 특허공법과 농업회사법인(주)착한농부의 주류 생산 역량이 결합하여",24,375ml,"오미자(국내산)증류원액, 건오미자(국내산)추출액, 정제수",,약용증류주로 증류한 후에 오미자를 활용해 아주 엷은 황금색을 가진 오미자 증류주입니다. 오미자의 신선한 향이 살아있으며 입 안에 넣으면 산뜻함,Y,농업회사법인(주)착한농부,경북 예천군 용문면 복천길 16-8,http://예천주.kr,
한산예담은 한산소곡화주,한산소곡주를 소줏고리에 불을 지펴서 증류하여 만든 술로 소곡화주 또는 불소곡주라고도 불립니다. 한산소곡화주는 국내산 찹쌀과 누룩을 주원료로 빚,41,500ml,"찹쌀, 멥쌀, 누룩, 대두, 구절초",,높은 온도에서 증류한 곡향이 올라오고 알코올 도수에 비해서 술 맛이 매우 부드럽습니다. 술을 마시고 난 후에 혀에 남는 알코올이 긴 여운을 남,Y,한산예담은소곡주,충청남도 서천군 한산면 한마로 5,http://xn--399a58ii8nflevubg8d.com/,2016 대한민국 우리술품평회 증류주 부문 장려상
주향아라,"주향아라는 3년간의 기나긴 항아리 숙성을 거칩니다. 숙성이 가능한 무유 옹기병에 병입 숙성으로 만들어져 부드럽고 깔끔합니다, 화려한 향이 병입",55,500ml,"쌀, 국, 효모, 정제수",,,Y,농업회사법인 담을,충청북도 충주시 엄정면 도자기길 16,https://dameul6267.modoo.at/?NaPm=ct%3Dkir2a5ot%7Cci%3Dcheckout%7Ctr%3Dds%7Ctrx%3D%7Chk%3D7ccecb8e957af9afe12346d332a4cc522292b816,
주향담을,"옹기 장인 ""이윤"" 대표가 직접 빚는 술로, 41%의 도수에도 부드러우며 깔끔합니다. 3년간의 기나긴 항아리 숙성 시간을 거쳐 국내산 순수 우",41,500ml,"쌀, 국, 효모, 정제수",,,Y,농업회사법인 담을,충청북도 충주시 엄정면 도자기길 16,https://dameul6267.modoo.at/?NaPm=ct%3Dkir2a5ot%7Cci%3Dcheckout%7Ctr%3Dds%7Ctrx%3D%7Chk%3D7ccecb8e957af9afe12346d332a4cc522292b816,
연천 우주,경기도 최북단 DMZ의 민통선에 위치한 연천양조장에서 연천 고래실논에서 재배되는 연천쌀과 연천 율무로 빚은 연천 우주는 일반증류주입니다. 예부,22,360ml,"쌀(국내산), 누룩, 효모, 효소, 연천율무, 정제수",,무색투명한 색으로 시작한 이 소주의 매력은 향에서 만날 수 있습니다. 잘 구워진 가래떡과 같은 고소함이 있기 때문입니다. 묵직한 알콜올 맛에서,Y,농업회사법인 연천양조(주),경기도 연천군 마산면 청정로 1738번길 15,https://ksool88.modoo.at/?NaPm=ct%3Dkir32h1s%7Cci%3Dcheckout%7Ctr%3Dds%7Ctrx%3D%7Chk%3D380dda2b0aee2f746e76660e4e3a034cd2049c13,
부자진 오미자 진,"경기도 양평에서 직접 허브농장을 운영하시는 아버지와 영국, 싱가포르, 한국에서 증류기술을 익힌 아들이 진 레시피를 개발해 만든 100% 국내산",44,375ml,"솔잎, 쑥, 헛개, 한라봉, 오미자 등",,,Y,(주)부자진농업회사법인,(주)부자진농업회사법인,https://instagram.com/bujagin,
안동소주 일품 17도,"""안동소주 일품 17도"" 제품은 은 전통적인 안동소주 제조방식으로 술을 빚은 후 저도주를 선호하는 소비자의 입맛에 맞춰 기존 40도에서 17도",17,350ml,"국내산 쌀, 입국",,기존 40도 이상의 안동소주를 좀 더 간편하게 즐기기 위해 알코올도수를 낮춘 제품입니다. 안동소주 특유의 그윽한 향이 올라옵니다. 술을 입에 ,Y,안동소주일품,경북 안동시 풍산읍 괴정리 926-5번지,http://www.ilpoomsoju.com/,
안동소주 일품 40도 골드,&amp;quot;안동소주 일품 40도 골드&amp;quot;는 전통적인 안동소주 제조방식으로 술을 빚은 후 오크통에서 한번 더 숙성시켜 브랜,40,500ml,"국내산 쌀, 입국",,알코올도수가 높지만 신선한 향이 올라옵니다. 술을 입에 넣으면 크림과 같은 부드러움이 입 안 전체를 채워주고 알코올이 혀를 자극시킵니다. 목넘,Y,안동소주일품,경북 안동시 풍산읍 괴정리 926-5번지,http://www.ilpoomsoju.com/,2015 대한민국 우리술품평회 대상
안동소주 일품 21도,"""안동소주 일품 21도"" 제품은 은 전통적인 안동소주 제조방식으로 술을 빚은 후 저도주를 선호하는 소비자의 입맛에 맞춰 기존 40도에서 21도",21,350ml,"국내산 쌀, 입국",,기존 40도 이상의 안동소주를 좀 더 간편하게 즐기기 위해 알코올도수를 낮춘 제품입니다. 안동소주 특유의 그윽한 향이 올라온다. 술을 입에 넣,Y,안동소주일품,경북 안동시 풍산읍 괴정리 926-5번지,http://www.ilpoomsoju.com/,
설레온,설레온&amp;amp;quot;은 오랜 전통의 &amp;amp;quot;가야곡왕주&amp;amp;quot;가 &amp;amp;quot;대윤가야,40,375ml,"쌀, 누룩, 효모, 정제수",,은은한 알코올향이 산뜻하게 올라오고 술을 입에 넣으면 처음에는 부드럽게 들어가지만 그 뒤에 알코올의 자극적인 맛이 입 전체를 채웁니다. 술을 ,N,농업회사법인 대윤가야곡주조(주),충청남도 논산시 가야곡면 매죽헌로 809,https://dygayagok.modoo.at/,2016 대한민국 우리술품평회 증류식소주 장려상
샤토미소 영동,&amp;quot;샤토미소 영동&amp;quot;은 포도의 고창 충북 영동에서 생산된 포도로 와인을 빚고 그 와인을 증류하여 만든 제조사 도란,40,200ml,포도,2019 찾아가는 양조장,"가볍게 오크통에서 숙성한 듯 황금색을 띠고 있습니다. 알코올 도수 40도의 높은 도수지만, 원액에서 묻어나오는 포도향과 가벼운 화이트 초콜릿 ",Y,도란원,충청북도 영동군 매곡면 옥전리 825-1,http://xn--hg3b13gpoq4muubvz4a.kr/,
병영소주,병영소주에 사용되는 보리는 100% 국내산만을 사용하여 주변 농가에도 큰 도움을 주고 있습니다. 보리를 재배하는 농가가 많지않아 원재료에 들어,40,700ml,"정제수, 보리증류식 소주원액(보리: 국내산)",대한민국 식품명인 제61호 김견식,증류 과정에서 나온 고소한 향과 단향이 은은하게 올라옵니다. 단맛이 전체적인 술 맛을 이끌어 도수가 높지만 목넘김을 부드럽게 만듭니다. 명란젓,Y,병영양조장,전남 강진군 병영로 하멜로 407,https://byjujo.modoo.at/,
문경바람 백자 25,한국 최초의 위스키 마스터블랜더 이종기 명인의 37년간 쌓아온 양조 기술로 탄생한 고급 증류주이다. 맛과 당도가 우수한 문경사과를 원료로 정통,25,750ml/375ml,사과(문경산),,"하이볼 형태로 육전, 동태전, 수육 등과 잘 어울린다.",Y,제이엘,경북 문경시 문경읍 새재로 609,https://shopping.naver.com/fresh/traditionalalcohol/stores/100093073,
문경바람 백자 40,한국 최초의 위스키 마스터블랜더 이종기 명인의 37년간 쌓아온 양조 기술로 탄생한 고급 증류주이다. 맛과 당도가 우수한 문경사과를 원료로 정통,40,750ml/375ml,사과(문경산),,"주인공 사과가 돋보일 수 있도록 사과 절임과 함께하면 좋겠다. 딜, 바질과 같은 허브를 곁들인다면 재밌는 경험이 될 것이다.",Y,제이엘,경북 문경시 문경읍 새재로 609,https://shopping.naver.com/fresh/traditionalalcohol/stores/100093073,2017 대한민국 우리술품평회 증류주 최우수상
민속주 안동소주,안동소주는 주로 명문가의 가양주로 계승되어 왔으며 일제 강점기와 해방 후 식량문제 등으로 자칫 단절될 위기에 처한 적이 있었다. 서울 올림픽을,45,400ml,"국내산 쌀, 누룩, 정제수","무형문화재 제12호, 대한민국 식품명인 제20호",알코올도수가 높고 부드러운 곡향이 올라온다. 술을 입에 넣으면 알코올이 입 안 전체를 채우고 혀를 오그라들게 할 정도로 자극을 준다. 술을 마,Y,민속주안동소주,경북 안동시 강남로 71-1,,
배도가 로아 40도 옐로우,"전통주 명가 배혜정도가에서 출시한 ""배도가 로아 40도 옐로우""는 국내산 쌀과 배를 원료로 사용하여 빚은 술을 상압동 증류기를 통해 증류하여 ",40,350ml,"국내산 쌀, 국내산 배",,곡물과 과실향이 알코올과 함께 동시에 올라온다. 알코올 도수가 높지만 술을 입에 넣으면 부드럽게 퍼지고 입술과 혀를 자극시키지 않아 숙성이 잘,Y,배혜정도가,경기도 화성시 정남면 서봉로 835,http://www.baedoga.co.kr/,
명인 안동소주 양반탈,700여년전 중국 원나라의 병참기지가 안동에 세워지면서 현재 한국 전통 증류식소주의 대명사 안동소주의 제조기법이 전해졌다. 이후 500여년 전,45,800ml,"국내산 쌀, 누룩, 정제수",대한민국 식품명인 제6호 박재서2015 찾아가는 양조장,알코올도수가 높지만 신선한 향이 올라온다. 술을 입에 넣으면 크림과 같은 부드러움이 입 안 전체를 채워주고 알코올이 혀를 자극시킨다. 목넘김이,Y,명인안동소주,경북 안동시 풍산읍 산업단지6길 6,http://www.adsoju.com,
명인 안동소주 호리병,700여년전 중국 원나라의 병참기지가 안동에 세워지면서 현재 한국 전통 증류식소주의 대명사 안동소주의 제조기법이 전해졌다. 이후 500여년 전,45,800ml,"국내산 쌀, 누룩, 정제수",2015 찾아가는 양조장,알코올도수가 높지만 신선한 향이 올라온다. 술을 입에 넣으면 크림과 같은 부드러움이 입 안 전체를 채워주고 알코올이 혀를 자극시킨다. 목넘김이,N,,,,
메밀로,"""메밀로""는 강원도 홍천쌀과 메밀, 누룩만으로 빚어 증류한 알코올도수 45도의 증류주이다. 높은 알코올 도수답게 입안에서 강하고 묵직함이 오래",45,500ml,"국내산 쌀, 메밀, 누룩, 정제수",,국내산 메밀을 원료로 만든 이색적인 술이다. 알코올이 45%로 높고 입안에 술을 머금고 있으면 휘발하면 매우 다채로운 향과 맛을 전해 준다. ,Y,두루,강원도 홍천 내촌면 용포길 31-25,,
막시모 40,막시모40은 경북 예천의 친환경 오미자를 원료로 국세청으로부터 이전 받은 특허공법과 농업회사법인(주)착한농부의 주류 생산 역량이 결합하여 탄생,40,500ml,"국내산 오미자 증류원액, 국내산 오미자 원액, 정제수",,옅은 담황색의 증류주로 달콤한 사탕과 박하 향기가 코를 자극시킨다. 도수가 높지만 적절한 단맛이 증류주를 부드럽게 만들어주고 입 안에 꽉 차는,Y,착한농부,경북 예천군 용문면 복천길 16-8,http://www.macatto.co.kr/,2017 대한민국 우리술품평회 증류주 우수상
마주 소곡화주,"""마주 소곡화주""는 국내산 찹쌀과 누룩을 주원료로 빚은 소곡주를 동(銅) 증류기를 이용하여 상압식으로 정성스럽게 증류하여 숙성시킨 증류주다. ",41,500ml,"국내산 찹쌀, 국내산 백미, 모싯잎, 우리밀 누룩, 정제수, 효모",,"증류주답게 무색투명한 색을 그대로 가지고 있다. 조용할 듯 한 이 술의 매력은 향부터 시작하는데, 잘 익은 누룽지향을 그대로 내뿜는다는 것. ",Y,옥순가 소곡주 마주,충남 서천군 서초면 시초동로 88-1,https://smartstore.naver.com/oksoonga/products/4780697995,
두리향,"""두리향""은 ""석탄주""를 전통방식으로 증류한 술이다. ""석탄주""는 애석할 석(惜)자 삼킬 탄(呑)으로서 옛 고서에서 술의 맛과 향이 우수하여 ",43,500ml,"국내산 찹쌀, 누룩, 정제수",,"전형적인 증류식 소주의 투명색. 구수한 누룽지 향이 느껴지는 좋은 곡물의 향이다. 알코올 도수가 높아 거부감이 있을 수 있지만, 끝에서 느껴지",Y,케이소주,"전북 전주시 완산구 중산중앙로 27, 3층",https://ksoju.modoo.at/,
독산 53,독산 53은 오산에서 재배한 세마쌀을 주원료로 누룩과 물 이외에는 인공감미료를 넣지 않고 빚어 상압증류한 전통 소주이다. 증류한 소주 원액은 ,53,250ml,"국내산 쌀, 누룩, 효모, 정제수",,곡물로 빚은 술을 증류한 전통 증류주로 진한 소주의 맛을 원한다면 독산53을 마셔봐야 한다. 향은 강하지 않지만 입 안에서의 느낌이 매우 강하,Y,오산양조,경기도 오산시 시장길 63,https://shopping.naver.com/fresh/traditionalalcohol/stores/100301944/products/4685590303,
담양 죽력고,"명렬한 기세로 땅을 뚫고 하늘로 치솟는 대나무의 성질을 전통방법으로 담아내어 만든 것이 죽력, 즉 대나무의 수액이다. 죽력은 알칼리성의 건강식",25,350ml,"정제수, 국내산 쌀, 누룩, 죽력, 계피, 석창포, 생강, 효모",전통식품명인 제22호 양대수2014 찾아가는 양조장,죽력을 이용한 증류주로 식물을 찐 향과 계피향이 묵직하게 올라온다. 입 안에서는 둥글둥글하게 자극적이지 않고 목넘김 또한 부드럽다. 술을 마시,Y,추성고을,전남 담양군 용면 추령로 29,http://www.chusungju.co.kr,
느낌 30,느낌 30은 전통적인 안동소주 제조방식으로 술을 빚은 후 저도주를 선호하는 소비자의 입맛에 맞춰 기존 알코올 40도가 넘는 고도주에서 30도로,30,360ml,"국내산 백미, 누룩, 효모, 정제수",,안동소주 느낌은 전통 증류식소주에서 느낄 수 있는 불맛과 곡물의 향을 잘 살린 증류주다. 강하지는 않지만 옅은 단맛과 뒤에 올라오는 약간의 쓴,Y,명품 안동소주,경북 안동시 풍산읍 유통단지길 124-34,https://smartstore.naver.com/andongmyongju/products/3458697714,
느낌 19.8,느낌 19.8은 전통적인 안동소주 제조방식으로 술을 빚은 후 저도주를 선호하는 소비자의 입맛에 맞춰 기존 알코올 40도가 넘는 고도주에서 19,19.8,360ml,"국내산 백미, 누룩, 효모, 정제수",,"증류주는 기본적으로 도수가 낮으면 밍밍하고 물 맛이 많이 나는 것이 단점인데, 안동소주 느낌 19.8%는 일반 증류식소주에 비해 알코올도수가 ",Y,명품 안동소주,경북 안동시 풍산읍 유통단지길 124-34,https://smartstore.naver.com/andongmyongju/products/3458697714,
귀감,"""귀감""은 제주산 감귤을 착즙하여 만든 후 증류한 제주 감귤 소주이다. 귀한 감귤을 줄여 ""귀감""이란 브랜드명을 지었다. 저온발효와 저온증류법",25,350ml,"제주산 감귤과즙, 백설탕, 액상효모, 스테비올배당체, 무수아황산",,"은은한 감귤 향이 매력적인 과실 증류주다. 알코올 맛보다는 입 속에서 느껴지는 가벼운 시트러스한 향이 좋다. 단맛도 뭉근히 돌며, 매끄러운 끝",Y,시트러스,제주특별자치도 서귀포시 남원읍 신례천로46,https://shopping.naver.com/fresh/traditionalalcohol/stores/100077972,
고구마 아락,맑고 투명하며 알코올향과 함께 고구마소주의 달콤한 향기가 올라온다. 입 전체에 고구마 증류 특유의 맛이 퍼지는데 자극적이 않아 숙성이 잘 된 ,40,500ml,"정제수, 고구마, 보리",,,N,배상면주가,경기도 포천시 화현면 화현리 512,https://www.soolsool.co.kr/,2016 대한민국 우리술품평회 증류식소주 우수상
겨울소주 25,겨울소주 25는 곡물 본연의 맛을 살리기 위해 인공첨가물 없이 빚어 인위적인 맛을 더하지 않은 자연주의 증류식소주이다. 알코올도수 25도의 비,25,360ml,"국내산 쌀, 증류원액, 효모, 효소, 정제수",,일반적인 증류주에 비해 도수가 낮지만 곡물향과 찐 식물향이 강하게 올라온다. 입 안에서의 곡물의 향미가 강하고 입의 자극이 매우 부드럽다. 자,Y,두이술공방,충남 청양군 대치면 방죽골길 46-19,https://smartstore.naver.com/arirangjujo/products/4985769134,
감이슬,"감이슬""은 충청남도 논산에서 재배한 감을 활용해 만든 증류주이다. 늦가을 수확한 홍시를 와인으로 개발하기 위해 홍국균을 이용한 전문적인 발효 ",23,375ml,국내산 감,,양촌감영농조합법인에는 두 종류 감 증류주가 있다. 하나는 16% 감이슬 그리고 다른 하나는 PERSIMMON VODKA 32%이다. 감이슬은 ,Y,양촌감영농조합법인,충남 논산시 황산벌로 1075-21,https://shopping.naver.com/fresh/traditionalalcohol/stores/100294111,
감아락 25,대봉감 천연의 달콤함을 최대한 끌어올려 색다른 맛의 감동을 선사하고 있는 배상면주가의 제품이다. 2015년 대한민국 우리술품평회 일반증류주 부,25,500ml,"국내산 쌀, 감증류원액",,맑고 투명하며 알코올향과 함께 농익은 과실향이 은은하게 올라온다. 입에 넣으면 아주 약한 단맛이 전체 술을 부드럽게 만들어주고 박하와 같이 시,Y,배상면주가,경기도 포천시 화현면 화현리 512,https://www.soolsool.co.kr/,
모월 인,"모월 인은 전통 방식으로 만드는 증류식 소주이다. 오직 쌀과 정제수, 그리고 누룩으로만 빚어 마실때나 마신 후 머리가 맑아지는 듯 한 느낌의 ",41,500ml,"국내산 쌀, 정제수, 밀누룩",,,Y,모월,강원 원주시 판부면 판부신촌길 84,http://www.mowall.co.kr/,2020 우리술 품평회 증류주 대통령상
수성 프리미엄 백주43,"붉은 수수 증류 원액만을 여러차례 정제해 담근 술로, 알곡 수수를 엄선하여 고체발효공법으로 발효시켰다. 주정이나 포도당을 사용하지 않아 순도가",43,500ml,"수수, 정제수",,"탕수육, 동파육",Y,㈜수성주류,대구 북구 조야로7길 22,http://www.soosungliquor.com/,
도원결의,천연 발효기법으로 복숭아를 첨가하여 빚은 증류주이다. 자연스러운 백도 복숭아의 맛과 향이 은은하게 느껴지며 목 넘김이 부드럽다. 토닉워터와 얼,15,375ml,"정제수, 쌀, 복숭아, 조효소제, 효모, 젖산, 정제효소제, 효소처리스테비아, 구연산, 복숭아향",,"깐풍기, 갈비",Y,농업회사법인영덕주조,경북 영덕군 강구면 소월1길 16-10,http://www.ydjujo.co.kr/,
이상헌 소주,"이상헌 탁주 19%, 약주 18%를 상압증류 방식으로 증류했다. 3년이상 숙성해 부드러움이 느껴지며 깔끔한 맛 뒤에 은은한 민트향과 씁쓸한 맛",52,500ml,증류소주원액,,육포,Y,농업회사법인 이가수불㈜,충남 아산시 도고면 기곡로 77번길 30-7,https://smartstore.naver.com/leegasubul,
백제한산군주,"서천 우렁이쌀로 빚은 한산소곡주를 증류한 증류주로 은은한 국화향이 나서 국화향 소주로 불린다. 단맛과 감칠맛이 강하게 느껴지며, 높은 도수에 ",25,250ml,"찹쌀, 물, 멥쌀, 주정, 효모, 홍고추, 구절초, 과당, 소금, 스테비아",,"양갈비, 닭갈비",Y,㈜백제명가주조,충남 서천군 한산면 충절로 1133,https://smartstore.naver.com/baekje2012,
대장부23,"국산 쌀을 3번 도정해 18일간 저온 장기 발효 후 증류했다. 3년 숙성한 오크 증류주를 블렌딩해 은은한 향이 나며, 묵직한 바디감과 부드러운",23,375ml,"정제수, 쌀, 효모, 종국, 보리",,"편육, 곱창전골",Y,롯데칠성음료,경북 경산시 진량읍 대구대로 284-33,https://company.lottechilsung.co.kr/kor/main/index.do,
느린마을소주21,"일체의 인공감미료 없이 국내산 쌀, 물, 누룩으로만 빚는 느린마을막걸리로 증류한 순수 증류식 소주이다. 희석식 소주의 화학적인 알코올 향이 아",21,375ml,"쌀, 정제수, 입국, 조효소제, 건조효모",2014 찾아가는 양조장,"생선이 들어간 맑은 국물요리, 생선회와 페이링하기 좋다.",Y,배상면주가,경기도 포천시 화현면 화현리 512,https://www.soolsool.co.kr/,
예천주복 만월40,예천의 친환경 복분자를 원료로 만든 복분자 증류주로 가벼운 목 넘김과 복분자의 향미가 느껴진다. 미세한 단맛과 쌉쌀한 잔향이 오래 남으며 부드,40,350ml,"복분자증류원액, 복분자과즙, 정제수",,"장어구이, 보쌈",Y,착한농부,경북 예천군 용문면 복천길 16-8,https://goodfarmer.modoo.at/,
진맥 소주,"진맥은 밀을 뜻하는 한자어로, 안동 맹개마을에서 재배한 유기농 통밀을 상압 증류해 만든 전통 수제 방식 소주이다. 부드러운 맛과 향이 느껴지며",40,200ml,통밀 소주원액,,"오리고기, 곱창",Y,맹개술도가,경북 안동시 도산면 선성중앙길 32,https://smartstore.naver.com/millfun,
부자진 배치#0001,유기농 허브 농장에서 가꾼 12가지가 넘는 허브와 지역 농민이 생산한 농산물을 주원료를 사용해 만든 진이다. 상큼한 감귤계 단맛과 박하와 같은,44,375ml,"캐모마일, 라벤더, 레몬 베버나, 노간주나무 열매, 한라봉, 헛개나무, 솔잎,쑥",,양념하지 않은 육류와 같이 무거운 음식,Y,㈜부자진농업회사법인,경기도 양평군 강하면 운심길 19,https://bujagin.com/,
토끼 소주,"인공 감미료를 넣지 않고 쌀을 발효하는 조선시대 전통 방식을 사용하며, 100% 찹쌀과 9일동안 발효시킨 누룩을 사용한다. 매운향과 후추향이 ",23,375ml,"정제수, 찹쌀, 누룩, 효모, 효소제\",,"LA갈비, 소불고기, 매운탕, 쭈꾸미 볶음",Y,농업회사법인 토끼소주㈜,충북 충주시 엄정면 웃세고개길 35-16,https://tokkisoju.com/,
제주낭만,쌀 100%를 사용하여 감압증류한 증류식 소주에 백도라지를 넣어 만든 술이다. 백도라지 향이 은은하게 퍼져 목넘김이 부드럽고 감칠맛을 느낄 수,40,500ml,"쌀, 백도라지",,"삼계탕, 오리주물럭 등 고기 안주",Y,술도가제주바당,제주 제주시 구좌읍 종달로5길 27,https://jejudoga.modoo.at/,
키위술,제주산 그린키위와 골드키위로 빚은 증류주이다. 유럽식 가향 증류주 슈냅스(Schnapps) 제조방식을 사용하여 원재료인 키위의 향을 그대로 느,40,500ml,"그린키위, 골드키위",,회를 비롯한 해산물 음식,Y,술도가제주바당,제주 제주시 구좌읍 종달로5길 27,https://jejudoga.modoo.at/,
커피와인 톡시,그린빈(커피생두)을 발효시켜 만든 커피와인이다. 제주 화산송이로 숙성하여 목넘김이 부드럽고 커피의 향과 와인맛을 동시에 느낄 수 있다.,11,200ml,커피생두 발효액,,"크래커, 치즈, 다크초콜렛",Y,제주커피수목원,제주 서귀포시 안덕면 사계리 3136,http://www.coffeewine.kr,
메밀이슬,메밀 발효주를 증류시켜 만든 소주이다. 한 모금 마시자마자 메밀 특유의 쌉싸름한 향과 맛을 그대로 느낄 수 있다. 도수가 높으나 가볍고 부드럽,40,500ml,"메밀(제주산), 입국(국내산), 효모, 정제수",,"소고기 샤브샤브, 돼지 수육 등 육류 요리",Y,술도가제주바당,제주 제주시 구좌읍 종달로5길 27,https://jejudoga.modoo.at/,
커피냑,"커피 와인을 증류하여 만든 최초의 커피 브랜디. 쌉쌀하면서도 새큼한 산미와 은은한 커피 향이 일품이며, 끝 맛은 달달하여 술 한 모금에 다채로",40,200ml,"커피생두, 백설탕, 효모, 정제수, 클로로겐산",,"고등어구이, 흰살생선, 제육볶음 등 다양한 안주와 어울린다.",Y,제주커피수목원,제주 서귀포시 안덕면 사계리 3136,http://www.coffeewine.kr,2019 대한민국 주류대상 대상
풍정사계 동(冬),동은 설기로 밑술한 법주를 증류 후 1년 이상 장기 숙성한 증류식 소주로 상압증류의 전형적인 불향이 느껴지며 42도라는 높은 도수에 비해 매우,"25, 42",375ml,"찹쌀, 향온곡",,"도미찜, 고기요리",Y,풍정사계,충청북도 청주시 청원구 내수읍 풍정1길 8-2,https://www.hwayang.co/,2016년 대한민국 우리술품평회 최우수상
해방주,영덕군 지역 특산물인 바닷가의 방풍나물과 국내산 쌀로 저온 숙성 발효시킨 전통 발효주로 부드럽고 목넘김이 좋습니다. 자연 그대로의 신선한 향을,18.8,375ml,해방풍연한잎(국내산),,생선회 또는 고기종류,Y,농업회사법인영덕주조,경북 영덕군 강구면 소월1길 16-10,http://www.ydjujo.co.kr/,
혼,"원재료 본연의 풍미를 유지하기 위해 1,2차에 걸친 숙성과정을 거칩니다. 증류 후 1차 숙성을 거친 뒤 원하는 도수를 맞추기 위해 물을 타는 ",22,375ml,문경사과(국내산),,한우 육회,Y,오미나라,경북 문경시 문경읍 새재로 609,http://www.omynara.com/,
소여강,추연당의 전통 오양주 방식으로 재현한 청주 순향주를 정성스럽게 담아 동 증류기에서 상압으로 증류한 품격 있는 전통 소주입니다. 추연당의 전통 ,42,375ml,"쌀(경기미), 누룩(국내산), 물(정제수)",,"얼큰한 국물류, 곱창전골, 담백한 샤브샤브",Y,추연당,경기도 여주군 가남읍 금당리 531-2,https://smartstore.naver.com/chuyondang,
명랑 스컬,"""더한주류""에서 2018년 새롭게 출시한 서울의 밤과 옥토끼프로젝트의 협업 제품이다. 기존보다 낮은 알코올 도수로 17%이다. 국내의 다른 매",17,375ml,"매실증류주원액, 벌꿀, 포도당, 노간주나무열매, 정제수",,노간주나무열매가 들어간 진(GIN)의 느낌에 달콤한 향이 섞여 올라오는 것이 특징이다. 약간의 단맛이 술의 풍미를 좋게 만들고 입 안의 자극을,Y,더한주류,서울특별시 은평구 증산로7길 28-13,http://www.thehan.kr,
로아40 레드,로아를 만드는 한방울 한방울의 시간은 한국적인 정성스러움을 로아의 맑고 투명함은 비움과 여유 그리고 풍류를 의미합니다. 사과를 사용하여 고도주,40,350ml,사과소주원액,,,Y,배혜정도가,경기도 화성시 정남면 서봉로 835,http://www.baedoga.co.kr/,
필,여주산 고구마를 하나하나 손질하여 발효시킨다. 발효가 끝나면 술지게미를 거르고 다시 동증류기를 이용하여 상압식증류로 고구마증류원액을 내린다. ,25,375ml,"고구마증류원액(고구마여주산100%),정제수",2021 찾아가는 양조장,"맑은 탕요리류와 간이 약한 육류, 해산물, 향과 맛이 약한 모든 음식과 잘 어울리는 술이다.",Y,술아원,"경기도 여주시 대신면 대신1로 120, 나호",https://soolawon.modoo.at/,
복분자아락40,국내 최대 복분자 산지 전북 고창의 복분자로만 빚은 증류주로 맛의 원숙함이 일품이다. 선운산을 중심으로 자라는 고창 복분자는 서해안의 해풍을 ,40,500ml,"복분자증류원액(국내산), 정제수",,맑고 투명하며 알코올향과 함께 복분자 향기와 달콤한 향기가 올라온다. 입 전체에 복분자 증류 특유의 맛이 퍼지는데 자극적이 않아 숙성이 잘 된,Y,배상면주가,경기도 포천시 화현면 화현리 512,https://www.soolsool.co.kr/,2015 대한민국 우리술품평회 일반증류주 대상
오디아락40,오디아락은 고창산 오디를 저온 숙성하여 은은한 오디향과 오디 천연의 감미를 최대한 끌어올린 제품이다. 새콤달콤한 오디의 향과 맛이 입안을 감싸,40,500ml,오디증류주원액,,,Y,배상면주가,경기도 포천시 화현면 화현리 512,https://www.soolsool.co.kr/,
신례명주,"혼디주와 동일한 원료, 효모를 사용해 제조한 발효원액을 맑은 상등액만 분리하여 낮은 온도에서 증류시킨 증류주이며 첨가물을 넣지 않고 빚었다. ",50,750ml,"제주산감귤, 감귤 증류주",,"생선회, 구이 등 해산물류와 수육, 보쌈 등 육류와 잘 어울린다.",Y,시트러스,제주특별자치도 서귀포시 남원읍 신례천로46,https://shopping.naver.com/fresh/traditionalalcohol/stores/100077972,
삼해소주,"삼해주의 주 재료는 맵쌀과 찹쌀, 누룩, 물이고, 맑은 약주를 만든 뒤 숙성시켜서 증류하면, 약주 투입 양의 30% 정도만 얻을 수 있는 고급",45,400ml,"멥쌀, 찹쌀, 누룩",대한민국 식품명인,,Y,㈜삼해소주,서울 종로구 창덕궁길 142,https://samhaesoju.kr/,
원매,더한주류에서 황매실 100%로 담근 프리미엄 매실주 ‘원매’ 20도를 라벨 리뉴얼하며 새롭게 출시했습니다. 원매는 황매실 100%로 3년 이상,20,750ml,"매실원주액, 매실청, 꿀, 카라멜, 효소처리스테비아, 정제수",,"황매실을 이용해 맑은 호박색을 가지고 있으며, 매실의 신선한 향이 가득한 것이 특징이다. 도수가 낮아 누구라도 편하게 즐길 수 있으며 처음 단",Y,더한주류,서울특별시 은평구 증산로7길 28-13,http://www.thehan.kr,
느린마을 증류주,‘느린마을 증류주’는 전북 고창에서 재배한 쌀로 빚은 소주 원액을 최적으로 블랜딩한 제품이다. 알코올 도수 16.9도로 순한 목 넘김과 은은한,16.9,360ml,쌀(국내산),2014 찾아가는 양조장,수육 그리고 회나 해산물과 곁들이면 부드러운 향을 함께 느낄 수 있다.,Y,배상면주가,경기도 포천시 화현면 화현리 512,http://www.sansawon.co.kr,
명품홍주,"고두밥을 지어 덧술을 만들고, 발효가 끝난 덧술을 가마솥에 부어 예열해, 가마솥 위에 소줏고리를 올려 증류된 소주를 내린다. 마지막으로 지초뿌",38,375ml,"쌀, 지초",,알코올도수가 높지만 입 안에서는 매우 부드럽고 입술과 혀를 자극시키지 않는다. 목넘김이 깔끔하고 박하와 같은 느낌이 든다. 조개찜 등과 잘 어,Y,대대로영농조합법인,전남 진도군 군내면 둔전리 98,http://www.e-hongju.co.kr,
대잎술,"대잎술에는 멥쌀과 찹쌀을 주 재료로 솔잎, 인삼, 대추, 구기자, 산약, 오미자, 당귀 등 10여 가지의 한약재가 들어가 대나무에서 100일 ",12,300ml,"쌀, 누룩, 댓잎, 솔잎, 진피, 갈근, 오미자, 구기자, 죽력 등",2014 찾아가는 양조장,기분을 좋게 하는 옅은 꽃향이 올라오고 맑은 단맛과 산미 등 오미의 균형이 잘 갖춰져 있다. 바디감과 목넘김이 가볍다. 스테이크와 잘 어울린다,Y,추성고을,전남 담양군 용면 추령로 29,http://www.chusungju.co.kr,
려,려(驪)증류소주 25도는 여주의 자연에서 잘 자란 최고급의 고구마와 쌀로 빚어 상압증류를 통한 고구마 소주의 향긋한 향과 감압증류한 쌀소주의 ,25,"375ml, 500ml","쌀증류소주원액(여주산 쌀 100%), 정제수, 고구마증류소주원액(여주산 고구마 100%)",,포도를 증류한 브랜디에서 나는 향긋한 향기가 물씬 올라와 기분을 좋게 만들어 준다. 술을 입에 넣으면 마치 맑은 청주를 마시는 느낌이다. 도수,Y,국순당,강원도 횡성군 둔내면 현천리 120,http://www.ksdb.co.kr,2019 대한민국 우리술품평회 증류주 최우수상
천비향 화주,&quot;천비향 화주&quot;는 오양주기법으로 제조한 약주를 증류한 제품이다 오랜 전통방식인 오양주 제조기법으로 만든다. 오양주라고 하면 ,40,375ml,"국내산 쌀, 누룩",,"상압방식의 증류식 소주로 익은 곡물과 훈연된 향이 짙게 올라오는 것이 특징이며, 알코올 도수에 비해 자극적이지 않고 입 안을 뜨겁게 만들어 술",Y,좋은술,경기 평택시 오성면 숙성뜰길 108,https://jsul.modoo.at/,
한주,한주는 조선시대 선조들의 ‘로주두말빚이(露酒二斗方)’ 비법을 옥천의 물과 쌀로 재현한 전통 증류식 소주다. ‘로주’란 찹쌀과 멥쌀로 술을 빚은,35,"360ml, 500ml","국내산 쌀, 밀누룩, 정제수",,"쌀 소주 특유의 감칠맛과 숙성된 부드러운 맛이 느껴지는 증류식 소주다. 얼음, 탄산 등을 넣어 칵테일로도 즐길 수 있으며, 진한 맛으로 인해 ",Y,한주양조,경기도 안성시 서운면 서운로 241-14,http://hanjuy.kr.ecplaza.net,"2015 대한민국 우리술 품평회 최우수상 (증류식소주 부문), 2014 대한민국우리술품평회 장려상 (증류식소주 부문), 2010 대한민국우리술"
왕율주,"""왕율주""는 공주산 밤에 국내산 백미로 빚은 국내에서 최초로 생산된 밤 증류주이다. 공주밤을 넣은 소주 답게 밤의 맛이 진하게 베어 나온다. ",25,330ml,"국내산 쌀, 밤, 누룩, 정제수",,"혀로 느겨지는 부드럽고 깜끔한 맛, 밤향을 머금고 있는 독특한 향기가 있다. 입안에 머금고 있으면 은근한 단맛이 느껴지고 뒤에 따라오는 적절한",Y,사곡양조원,충남 공주시 사곡면 마곡사로 49,www.bamsul.com,
강주,강소주는 알코올 도수 50%의 고도주로 스트레이트로 직접 마시기 보다는 칵테일과 담금용 전용술로 제조한 술이다. 강소주로 담근술은 알코올 살균,50,"200ml, 1800ml","국내산 쌀, 정제수",,"알코올 향이 매우 강하고 여기에 미세하게 달콤한 향이 따라 올라온다. 국내에서는 보기 드물게 보리로만 제조된 리큐르이며, 보리 특유의 크림과 ",Y,내국양조,충남 논산시 연무읍 마종로 361,https://cafe.naver.com/jumarusa,
화주,"""화주""는 한 모금 입에 머금으면 무겁지 않은 알싸한 맛이 퍼지며 은은한 홍삼향이 느껴진다. 국내산 쌀을 원료로 발효, 숙성, 증류한 후 최상",25,375ml,"국내산 쌀, 홍삼농축액, 정제수",,옅은 호박색의 술로 6년근 홍삼이 들어갔지만 삼 특유의 향이 강하지 않고 산뜻한 향이 올라온다. 입 안에서 살짝 단맛과 쓴맛이 교차하고 도수가,Y,내국양조,충남 논산시 연무읍 마종로 361,https://cafe.naver.com/jumarusa,
계룡산 산삼주 금수강산 21%,계룡산 산삼주는 해발 400m 이상의 계룡산 줄기 무공해 청정지역에서 자란 10년 전후의 산양삼을 사용하여 한 해 5천병만 한정 생산하는 제품,21,740ml,"산양산삼, 정제수, 주정",,증류주에 산양산삼이 침출되어 있어 보는 즐거움과 함께 마실 수 있는 것이 특징이다. 같은 술에 계룡산산양산삼주는 21%로 도수를 낮춰 대중적으,Y,한국산삼,충남 공주시 계룡면 여서울2길 9,https://shopping.naver.com/fresh/traditionalalcohol/stores/100439678,
계룡산 산삼주 금수강산 40%,계룡산 산삼주&quot;는 해발 400m 이상의 계룡산 줄기 무공해 청정지역에서 자란 10년 전후의 산양삼을 사용하여 한 해 5천병만 한정 생,40,740ml,"산양산삼, 정제수, 주정",,증류주에 산양산삼이 침출되어 있어 보는 즐거움과 함께 마실 수 있는 것이 특징이다. 같은 술에 계룡산산양산삼주는 21%로 도수를 낮춰 대중적으,Y,한국산삼,충남 공주시 계룡면 여서울2길 9,https://shopping.naver.com/fresh/traditionalalcohol/stores/100439678,
한비 오가피술,"한비 오가피술""은 국내산 쌀을 발효하여 증류한 후 10년생 친환경 가시오가피 뿌리와 함께 숙성시킨 전통주이다 재료로 쓰이는 오가피는 국내에서 ",35,"375ml, 750ml","국내산 쌀, 누룩, 가시오가피 뿌리, 정제수",,"진한 호박색의 리큐르로 산뜻한 향이 올라오며, 약간의 단맛과 쓴맛이 오가피와 잘 어울린다. 도수에 비해 독하지 않고 목 넘김이 매우 부드러운 ",Y,제천한약영농조합법인,충북 제헌치 봉양읍 북부로 5길 16-10,www.한비오가피술.com,
한비 쌀소주,"""한비쌀소주""는 국내산 쌀 100%와 누룩, 그리고 제천의 맑은 물 이외에 향과 맛을 내기 위한 어떠한 인공첨가물도 넣지않은 순수 전통소주이다",40,"375ml, 750ml","국내산 쌀, 누룩, 정제수",,"향이 강하지는 않지만 쌀을 발효시켜 증류했을 때의 고소함이 미세하게 올라오며, 아주 미세하게 산미가 느껴져 산뜻함을 가지고 있는 것이 특징이다",Y,제천한약영농조합법인,충북 제헌치 봉양읍 북부로 5길 16-10,www.한비오가피술.com,
문경바람 오크,한국 최초의 위스키 마스터블랜더 이종기 명인의 37년간 쌓아온 양조 기술로 탄생한 고급 증류주이다. 맛과 당도가 우수한 문경사과를 원료로 정통,40,"750ml, 375ml",사과(문경),,"초콜릿, 육포, 문경의 오미자 삼겹살구이, 더덕구이, 송이버섯구이 및 전골 등 추천한다.",Y,,,,
고운달 백자,"""고운달 백자""는 한국 최초의 위스키 마스터블랜더 이종기 명인의 36년간 쌓아온 양조 기술을 집약한 최고급 증류주이다. 한국 전통 문경도자기에",52,500ml,오미자(문경산),,"코 속부터 시작되는 잔잔한 오미자향, 머금고 난 이후에 뱃속에서 올라오는 은은한 오미자의 맛. 향과 맛 모두 일품이다. 술맛을 방해하지 않는 ",Y,오미나라,경북 문경시 문경읍 새재로 609,http://www.omynara.com/,
고운달 오크,고운달은 오미자를 원료로 한국와인의 새로운 지평을 연 위스키 마스터 블랜더 이종기 장인에 의해 탄생한 프리미엄 증류주이다. 오미자 브랜디 고운,52,"200ml, 500ml",오미자(문경산),,"잔잔한 초콜릿과 커피향, 그리고 마시고 난 다음에 느껴지는 기품 있는 오미자의 향. 부드럽게 넘어가는 목 넘김을 가지고 있다. 가벼운 안주류로",Y,오미나라,경북 문경시 문경읍 새재로 609,http://www.omynara.com/,2017 대한민국 우리술품평회 증류주 대상
세우리,"세우리는 제주도 한라산에서 자란 산양산삼과 하수오, 그리고 구기자를 넣어 만든 알콜도수가 45%인 증류주이다. 구기자의 붉은 색, 하수오의 담",45,700ml,"산양삼, 하수오, 구기자, 쌀",,유리병 안에 들어있는 산양산삼이 인상적이고 진한 호박색의 술로 인삼과 함께 여러 가지 약재의 향이 가득한 것이 특징이다. 도수가 높아 집에 두,Y,제주샘주,제주 제주시 애월읍 애언로 283,http://www.jejusaemju.co.kr,
The 찾을수록,"더찾을수록 시리즈는 한국애플리즈는 7년의 부단한 연구개발 끝에 2013년 사과와인을 베이스로한 사과소주 6종을 출시하였다. 복숭아, 청포도, ",14~16,360ml,"사과와인, 정제수, 정제주정 외 제품별 농축액 (복숭아, 포도, 사과, 감귤, 생강, 커피향 등)",2016 찾아가는 양조장,식중주보다는 가벼운 식후주로 스낵 등과 즐기기 좋다.,Y,㈜한국애플리즈,경북 의성군 단촌면 일직점곡로 755,http://www.applewine.co.kr/,
추사40,농업회사법인 예산사과와인에서 직접 재배한 사과를 증류하여 프랑스의 칼바도스와 동일하게 오크통 숙성한 사과증류주이다. 2010년부터 연구 개발하,40,500ml,"사과증류원액, 정제수",2014 찾아가는 양조장,"오크통에서 오랜 숙성으로 생긴 훈연 된 나무향과 달콤한 향이 코를 자극시키며, 알코올 도수에 비해 자극적이지 않고 입 안에서 부드럽게 퍼져나가",Y,예산사과와인,충남 예산군 고덕면 대몽로 107-25,http://www.chusawine.com,2019 대한민국 우리술품평회 증류주 대상
징기스칸,레드와인을 감압식 증류하여 38도로 만든 브랜디입니다. 미국 캘리포니아산 오크통에서 5년간 숙성하여 브랜디 마니아의 입맛에 맞추었다. 진한 스,40,375ml,레드와인,,굴 요리와 잘 어울립니다.,Y,고도리 와이너리,경북 영천시 고경면 고도리 494-3,http://고도리와인.com,
로아40 옐로우,"로아 40도 옐로우""는 국내산 쌀과 배를 원료로 사용하여 빚은 술을 상압동 증류기를 통해 증류하여 장기간 숙성한 제품입니다. ""흰 빌깔의 이슬",40,350ml,"쌀(국산), 배(국산)",,갈치젓 등 젓갈류,Y,배혜정도가,경기도 화성시 정남면 서봉로 835,http://www.baedoga.co.kr/,
오매락,국산 배증류원액과 구운매실(오매)로 빚어 향온 암실에서 숙성한 40도 고도주 오매락(烏梅樂)입니다. 입안 가득 퍼지는 매실의 맛과 향이 매력적,40,500ml,"배를 증류한 원액, 정제수, 설탕, 매실, 오매(구운 매실)",,"닭고기, 부침개",Y,배상면주가,경기도 포천시 화현면 화현리 512,http://www.sansawon.co.kr,
제주술익는집 고소리술,제주를 대표하는 &amp;quot;고소리술&amp;quot;은 &amp;quot;오메기술&amp;quot;이 등장하고 나서 수백 년의 세월이 ,40,400ml,"잡곡, 누룩, 정제수",대한민국 식품명인2018 찾아가는 양조장,기름기 많은 고등어 회,Y,제주고소리술익는집,제주도 서귀포시 표선면 중산간동로 4726,http://jejugosorisul.com/,
문배술 헤리티지 40도,문배술은 알콜도수 40%임에도 불구하고 부드러운 목넘김과 입속 가득한 향기를 느낄 수 있는 우리의 전통소주입니다. 문배술 헤리티지 40도 제품,40,200ml,"메조, 찰수수, 쌀",대한민국 식품명인,활어회,Y,문배주양조원,경기 김포 통진 검암2로15번길 27,www.moonbaesool.co.kr,
문배술 헤리티지 25도,문배술은 메조와 찰수수를 이용하여 빚어낸 순곡의 증류주임에도 문배나무의 과실 향기가 난다고 하여 문배술이라 말하고 있습니다. 문배술 헤리티지 ,25,375ml,"메조, 찰수수, 쌀",,복지리,Y,문배주양조원,경기 김포 통진 검암2로15번길 27,www.moonbaesool.co.kr,
명인 안동소주 22%,명인 안동소주는 전통식품명인 6호로 지정된 박재서 명인이 안동소주 본연의 맛을 예술의 경지까지 끌어올린 제품입니다. 안동지방 고지대 지하 암반,22,360ml,"쌀(국내산), 누룩, 정제수",대한민국 식품명인 제6호 박재서2015 찾아가는 양조장,간고등어 구이,Y,명인안동소주,경북 안동시 풍산읍 산업단지6길 6,http://www.adsoju.com,
명인 안동소주 하회탈,반남박씨 집안에서 500년 대대로 내려온 가양주로 현 대한민국식품명인 제 6호인 박재서명인이 직접 제조한 순곡 증류식 소주입니다. 100% 우,45,800ml,국내산 쌀 100%,대한민국 식품명인 제6호 박재서2015 찾아가는 양조장,"육회, 회, 갈비살",Y,명인안동소주,경북 안동시 풍산읍 산업단지6길 6,http://www.adsoju.com,
명인 안동소주,반남박씨 집안에서 500년 대대로 내려온 가양주로 현 대한민국식품명인 제 6호인 박재서명인이 직접 제조한 순곡 증류식 소주입니다. 100% 우,45,800ml,국내산 쌀 100%,대한민국 식품명인 제6호 박재서2015 찾아가는 양조장,"육회, 회, 갈비살",Y,명인안동소주,경북 안동시 풍산읍 산업단지6길 6,http://www.adsoju.com,
소호,직접 제작한 증류기로 내려 1년 여간 숙성한 증류소주입니다. 2번 증류한 36.5도와 3번 내린 56도 두 가지가 있습니다. 높은 도수에도 부,"36.5, 56","350ml, 750ml","평택 쌀(발아 현미, 백미), 누룩, 정제수, 대나무잎",,,Y,밝은세상영농조합,경기도 평택시 포승읍 충열길 37,http://www.tigercalyx.com/,
미르,효소제나 효모제 없이 직접 띠운 밀 누룩의 힘으로만 발효하고 고문헌에 기록된 우리 최초의 소주 제조법을 지켜 만드는 전통 증류소주입니다. 25,"25, 40, 54",375ml,"쌀, 정제수",2017 찾아가는 양조장,"중화요리, 김치찌개, 삼겹살",Y,술샘,경기도 용인시 처인구 양지면 죽양대로 2298-1,http://www.sulseam.com,2018 대한민국 우리술품평회 대통령상
두레앙22,와인을 감압증류한 명품 증류주의 35% 알코올을 22%로 낮춘 제품입니다.목넘김이 더욱 부드러우며 포도주 증류주의 향이 있어 일반 술로 품,22,375ml,"포도, 메타중아황산칼륨, 효모, 설탕, 정제수",,"향이 있는 명품 술로 삽겹살, 소고기, 생선 구이 등에 최적입니다.",Y,(주)두레양조,충남 천안시 서북구 입장면 율목길17-6,http://duraean.co.kr/index.html,"2009년 한국 전통주 품평회(증류식소주부문)은상 수상, 2011년 대한민국 우리술 품평회 (일반증류주부문)대상 수상, 2015몽드셀렉션(일반"
계룡백일주 40%,16도의 백일주를 증류시켜 만든 계룡백일주 40도는 목젖이 칼칼한 맛과 진한 감칠맛이 뛰어나 더욱 깊은 맛을 즐길수 있습니다 그 맛에 취해 자,40,600ml,"찹쌀, 백미, 누룩, 재래종국화꽃, 오미자, 진달래, 재래종 솔잎",,"갈비구이, 생선회",Y,계룡백일주,충남 공주시 봉정동 390,https://paegilju.modoo.at/,
안동소주,"전통식품명인 제20호 조옥화 명인이 빚은 안동소주는 안동의 맑고 깨끗한 물, 양질의 쌀과 누룩을 가지고 전승되어온 전통비법으로 빚어낸 증류식소",45,"400ml, 600ml, 800ml",국내산 쌀,대한민국 식품명인,"육포, 고등어구이  쇠고기육포와 고등어구이처럼 지방이 적고 담백한 음식과 함께 마시면 안동소주의 은은한 향과 맛이 길게 여운을 남긴다.",N,민속주안동소주,경북 안동시 강남로 71-1(수상동),www.andongsoju.com,
포항불로주,포항불로주는 천연미네랄이 풍부한 청정지하암반수와 쌀을 발효시켜 증류한 순곡주이다. 맑고 투명하며 맛이 부드럽고 마신 후 자극이 없으며 입안에서,"35, 45","35-750ml, 45-800ml",국내산 쌀,,소고기 육회고소하고 담백한 육회에 불로주를 한잔하면 입안에 감도는 향이 긴 여운을 남긴다.,Y,불로주,경북 포항시 북구 청하면 소동리 720-2,,2010 대한민국우리술품평회 우수상 (증류식소주 부문)
고소리술,,40,400-500ml,"백미, 차조, 입국, 누룩, 효모(팽창제), 정제효소, 스테비올배당체(감미료), 정제수",2014 찾아가는 양조장,"육류구이  독특한 향과 깔끔한 뒷맛의 증류식곡주는 입안을 깔끔하게 정리해주는 맛이라고 할 수 있는데, 안주로 고기를 씹으면서 고소한 풍미와 육",Y,제주샘주,제주 제주시 애월읍 애원로 283,http://www.jejusaemju.co.kr,"2011 대한민국우리술품평회 대상 (증류식소주 부문), 2012 대한민국우리술품평회 최우수상 (증류식소주 부문), 2013 대한민국우리술품평회"
추성주,"추성주는 고려시대 담양 연동사에서 스님이 밥에 약초를 섞어 발효시킨데서 유래되었으며 조선 선조때는 ‘신선주’, ‘제세팔선주’로도 불리기도 했다",25,350ml,"국내산 쌀, 국내산 한약재",대한민국 식품명인2014 찾아가는 양조장,"갈치조림, 죽순회무침  갈치는 살이 희고 부드러우며 감칠맛이 있는데 중간크기로 새벽과 아침녘에 잡힌것이 더 맛있다고 한다. 죽순회무침은 데친갑",Y,추성고을,전남 담양군 용면 추령로 29,http://www.chusungju.co.kr,
타미앙스,타미앙스는 담양을 불어식으로 명명한 것으로 추성주의 원주가 되는 술이다. 자연 대나무 숯으로 여과한 후 자연대나무통과 함께 숙성함으로써 불순물,40,400ml,"국내산 쌀, 국내산 한약재",전통식품명인 제22호 양대수,"떡갈비, 양곱창구이  떡갈비에 돔배젓, 토하젓, 진석화젓을 상추에 싸서 먹는다면 술안주로 금상첨화이다. 곱창은 담백하고 고소한 맛을 내어 예로",Y,추성고을,전남 담양군 용면 추령로 29,http://www.chusungju.co.kr,"2013 대한민국우리술품평회 대상 (일반증류주 부문), 2014 SWSC 금상2014 Monde-selection 금상"
로얄 안동소주,고려후기 일본정벌 때문에 안동에 주둔한 원나라군이 군사용으로 빚었던 소주가 민간에 전래되어 내려온 것이 안동소주의 기원이다. 로얄 안동소주는 ,45,"600ml, 800ml",국내산 쌀,,"삼겹살찜  통삼겹살을 된장, 청주, 재래간장, 마늘을 섞은 양념장에 하루정도 재워 숙성시킨 후 찜통에 쪄낸 삼겹살찜은 육질이 부드럽고 돼지고기",Y,(농)유토피아㈜,경북 안동시 남후면 큰광음길 107,http://www.sojumall.com/,"2012 대한민국우리술품평회 장려상 (증류식소주 부문), 2013 대한민국우리술품평회 최우수상 (증류식소주 부문), 2014 대한민국우리술품평"
"명인안동소주 35%, 45%",반남박씨 25대손인 전통식 품명인 제6호 박재서명인이 빚은 안동소주는 안동지방의 좋은 물과 쌀로 빚어 장기간 숙성시킨 순곡증류주로 은은한 향과,"22, 35, 45","22, 35-360ml, 45-400ml, 600ml, 800ml",국내산 쌀,전통식품명인 제6호 박재서2015 찾아가는 양조장,"소고기 육회, 생선회, 목살양념단호박찜  신선한 육회와 고추냉이간장을 찍은 생선회, 목살양념단호박찜이 잘 어울리는데 안동소주가 입안을 깔끔하게",N,명인안동소주,경북 안동시 풍산읍 산업단지6길 6,http://www.adsoju.com,"2010 대한민국우리술품평회 최우수상 (증류식소주 부문), 2011 대한민국우리술품평회 최우수상 (증류식소주 부문), 2012 대한민국우리술품"
금산인삼주 수삼 500,,43,500ml,"국내산 쌀, 국내산 인삼",대한민국 식품명인 제2호 김창수,"생선회  쫄깃한 식감과 고소한 맛의 생선회 한 점을 먹고 수삼500을 한모금하면 생선회의 비린 맛도 가시고, 인삼향이 오랫동안 입안에 머무른다",Y,㈜금산인삼주,충남 금산군 금성면 파초길 23,www.insamwine.com,2011 대한민국우리술품평회 장려상 (일반증류주 부문)
금휘,"양조장이 위치하는 제천 송한리는 조선시대부터 물 좋고 소나무가 번성하며, 한국약초의 본향으로 유명하다. 이 지역에는 황기를 비롯한 약초가 많이",35,500ml,"국내산 쌀, 황기, 금나노화된 황금물",,류산슬  류산슬은 육류와 각종해물을 걸쭉한 소스에 부드럽게 조린 음식으로 맛이 담백해 위에 부담을 주지 않는다. 금휘의 강한 맛을 부드럽게 감,Y,용두산조은술(영),충북 제천시 송학면 송한리 477-3번지,,2013 대한민국우리술품평회 우수상 (일반증류주 부문)
두레앙 일반증류주,"1996년 8월 정부의 포도가 공식품 수입개방선언으로 포도가격이 하락하여 수입개방대응의 일환으로 농가들이 출자하여 회사를 설립, 제품을 생산하",35,750ml,국내산 포도,,다양한 채소와 함께하는 고기류와 함께 차게해서 드시면 포도 향과 증류주의 깔끔함을 즐길 수 있습니다. 알코올 도수가 높아 거부감이 있다면 ,Y,,,,"2020 대한민국우리술품평회 최우수상 (일반증류주 부문), 2019 대한민국우리술품평회 최우수상 (일반증류주 부문), 2018 대한민국우리술품"
소나무와 학,충북 제천시 송학면의 상징인 소나무와 학(Pine&amp;Crane)은 전통증류주방식으로 제천 약초를 이용하여 농촌종합개발사업의 일환으로 탄생,43,700ml,"국내산 쌀, 황기",,"깐풍기  깐풍기는 고추와 마늘로 향을 내서 볶아내는 닭요리로 기름에 튀겨 느끼할 수 있는데, 소나무와 학의 깔끔함이 기름진 맛을 잡아주고 은은",Y,용두산조은술(영),충북 제천시 송학면 송한리 477-3번지,,"2011 대한민국우리술품평회 우수상 (일반증류주 부문), 2012 대한민국우리술품평회 우수상 (일반증류주 부문), 2016 대한민국 우리술품평"
송로주,송로주는 조선시대부터 양조되어 3대에 걸쳐 이어진 술로 소나무‘송(松)’에 이슬‘로(露)’자를 써서 붙여진 이름이다. 속리산 깊은 산골에서 채,48,700ml,"멥쌀, 솔옹이, 솔잎, 복령",시도무형문화재 충청북도 제3호,"표고버섯나물  표고버섯나물은 불에 달군 팬에 버섯을 볶다가 다진 마늘, 소금으로 간만하면 되는데 쫄깃한 식감에 표고향이 입안에 감돌아 솔향 가",Y,송로주,충북 보은군 속리산면 구병리 518번지,,
수삼단본 720,"금산인삼주는 인삼의 종주지인 금산에서 생산된 약효가 뛰어난 5년근 이상의 인삼, 쌀, 누룩 그리고 물탕골 천연암반수를 사용하여 전통적 방법으로",43,720ml,"국내산 쌀, 국내산 인삼",대한민국 식품명인 제2호 김창수,"생선회쫄깃한 식감과 고소한 맛의 생선회 한 점과 금산인삼주 한 모금하면 생선회의 비린 맛도 가시고, 인삼향의 깊고 강한 향이 오랫동안 입안에 ",Y,㈜금산인삼주,충남 금산군 금성면 파초길 23,www.insamwine.com,2014 대한민국우리술품평회 대상 (일반증류주 부문)
톡 한잔 소주,톡 한잔 소주는 보리로 누룩을 만들어 술을 빚고 15일 이상 저온 발효하여 예전옹기항아리모양의 고조리방식으로 내렸던 기술을 토대로 현대식증류기,30,500ml,"국내산 보리, 쌀",,"육류, 장어구이  담백한 육류 요리와 톡 한잔 소주만의 깔끔한 맛이 고유의 술맛을 잘 살려주며 장어구이에 함께 하면 장어만의 이취를 제거하여 ",Y,(농)(유)대마주조,전남 영광군 대마면 동삼로 699,,2014 대한민국우리술품평회 우수상 (증류식소주 부문)
병영설성사또,조선 태종17년(1417년)에 초대 병마절도사 마천목장군이 전라병영성을 축조하며 즐겨 마셨다는 술을 현대기술과 접목하여 재탄생시켰다. 우리 쌀,40,750ml,"국내산 쌀, 국내산 오디, 국내산 복분자",대한민국 식품명인,"삼겹살구이, 장어구이  장어에 많이 함유되어있는 비타민A는 신체저항력을 강화시키고 면역력을 높이는데 도움을 준다. 오디와 복분자향이 삼겹살과 ",Y,병영주조장,전남 강진군 병영면 성남리 140-3,http://byjujo.modoo.at/,"2012 대한민국우리술품평회 대상 (일반증류주 부문), 2013 SWSC 은상, 2013 IWSC 은상, 2013 NYWSC 금상"
남한산성소주,남한산성 소주의 유래는 남한산성을 축성한 조선14대왕 선조때부터 전해진다. 곡물로 빚은 순곡소주로 엿을 이용하여 발효조를 만들고 이를 증류하기,40,400ml,"쌀, 엿, 누룩",시도무형문화재 경기도 제13호,송이한우구이  한우구이는 육즙이 풍부하고 담백해서 남한산성소주의 부드럽고 긴 여운을 즐길 수 있는 음식이다.,Y,남한산성소주,경기도 광주시 곤지암읍 연곡리 51,,
"진도홍주, 만홍",고려시대부터 지초주라하여 임금님께 진상 되었던 고급술로 첨가물을 사용하지 않은 순곡증류주이다. 지초의 붉은색이 눈을 즐겁게 하고 목 넘김이 부,40,"400ml, 500ml","국내산 쌀, 국내산 지초",2015 찾아가는 양조장,"두부스테이크, 문어회  두부를 큼직하게 썰어 노릇하게 구워서먹으면 고도주인 진도홍주를 마시기에 부담이 없다. 문어회는 기호에 따라 초고추장이나",Y,대대로영농조합법인,전남 진도군 군내면 둔전리 98,http://www.e-hongju.co.kr,"2004 청와대 국가안전보장회의 기념주, 2005 한미우호의 밤 만찬주, 2013 대한민국우리술품평회 장려상 (38%, 일반증류주 부문), 2"
문배술,고려시대 신하들이 왕에게 좋은 술을 진상하여 벼슬을 얻게 되었는데 그 중 으뜸 가문의 술이 ‘문배술’이었다. 이후 고려중엽 후손들에 의해 널리,40,"500ml, 1000ml","국내산 찰수수, 국내산 메조","전통식품명인 제7호 이기춘, 중요무형문화재 제86-1호","평양식 녹두지짐, 참숭어회- 문배술은 평양식 녹두지짐과 찰떡궁합을 이룬다는 역사를 갖고 있다. 녹두지짐은 돼지비계를 올려 크고 푸짐하게 구웠던",Y,문배주양조원,경기 김포 통진 검암2로15번길 27,www.moonbaesool.co.kr,"1990 남북총리급회담 만찬주, , 2000 남북정상회담 만찬주, 2007 남북정상회담 만찬주, 2007 대한민국우리술품평회 금상 (증류식소주"
"진심홍삼인삼주 38%, 19%","우리나라의 기록에 인삼주가 처음 등장한 것은 &amp;lt;임원십육지&amp;gt;이다. 인삼주는 우리나라에서만 생산되는 고유의 전통주로, 고","19, 38","19-375ml, 38-750ml","국내산 쌀, 국내산 지초",,"구절판, 삼겹살구이  저녁 식사 때 삼겹살구이와 한잔하면 잘 어울린다. 구절판은 밀전병을 색깔별로 부쳐내고, 쇠고기, 버섯을 비롯한 갖가지재료",Y,(농)㈜태평주가,전북 진안군 진안읍 거북바위로3길 15-35,www.hongsamjumall.com,"2011 대한민국우리술품평회 최우수상 (38%, 일반증류주 부문), 2012 대한민국우리술품평회 장려상 (38%, 일반증류주 부문), , 20"
천지향 증류주,무농약 친환경 복분자로 빚은 복분자주를 5년의 연구를 거친 특허공법으로 증류해 만든 세계유일의 복분자 브랜디로 40도의 높은 도수임에도 혀끝을,40,500ml,국내산 복분자,,"삼겹살구이  천지향의 강한 첫맛을 삼겹살의 담백함이 부드럽게 해주며 또한 천지향이 노릇하게 구운 삼겹살구이의 고소한 맛은 살리고, 기름진 맛은",Y,함평천지복분자(영),전남 함평군 신광면 신광중앙길 146-54,www.redmountain.co.kr,2012 대한민국우리술품평회 최우수상 (일반증류주 부문)
"화요 41%, 25%, 17%","증류소주의 부흥과 발전을 위하여 출시된 화요는 국내산 쌀과 천연암반수를 사용하여 깨끗하고 다양한풍미를 즐길 수 있으며 옹기숙성, 감압증류방식,","41, 25, 17","375ml, 500ml, 750ml",국내산 쌀,,"41%돼지머리편육  돼지머리편육에 깻잎, 부추, 파를 넣고, 마늘소스를 올려먹으면 궁합이 잘맞아 증류식소주의 깔끔한 여운을 즐길 수 있어서 좋",Y,㈜화요,경기도 여주시 가남읍 경충대로 848,www.hwayo.com,"2007 IWSC 우수상 (41%, 25%), 2008 Monde-selection 금상 (41%, 25%), 2010 대한민국우리술품평회 대"
의림소주,독특한 향과 깨끗한 맛을 내기 위하여 100% 국내산 쌀을 발효시켜 최신공법인 감압증류방식으로 빚어냈다. 탄내를 제거시킨 향긋한 쌀향이 그윽하,40,700ml,국내산 쌀,,"제천 한우구이, 송어회  육류와 생선회는 증류주의 깔끔한 맛과 잘 어울리는 음식인데, 제천에서 생산된 음식과 술을 한자리에서 즐길 수 있다면 ",Y,제천한약(영),충북 제천시 봉양읍 원박리 276,www.jcmedi.com,2013 대한민국우리술품평회 장려상 (증류식소주 부문)
금산인삼백주,금산에서 자란 5년근 인삼으로 빚은 인삼백주로 은은한 인삼의 청향과 부드러운 맛과 풍미를 전통방법으로 계승한 고급전통주이다.,43,500ml,"국내산쌀 95.8%, 국내산 인삼 4.2%","대한민국 식품명인 제2호 김창수, 시도무형문화재 충청남도 제19호","문어회증류주는 술 자체만으로도 즐기기에 충분한 경우가 많은데, 문어회는 쫄깃한 씹는 맛도 있고, 향도 진하지 않아 금산인삼주의 술맛을 그대로 ",Y,㈜금산인삼주,충남 금산군 금성면 파초길 23,www.insamwine.com,
우도 땅콩 전통주,"연간 1,200만 명 이상의 관광객이 드나드는 제주도에 가면 빼놓을 수 없는 관광지인 우도, 우도는 섬이지만 땅이 비옥하여 어업보다는 농업이 ",6,750ml,"정제수, 전분당, 백미, 국, 땅콩분, 효모, 젖산 등",,"방앗간에서 깨소금을 볶았을 때 나는 고소한 향기를 가지고 있으며, 산미가 적고 단맛이 강하지만 목넘김은 매우 깔끔합니다. 입 안에 기름진 맛이",Y,조은술 세종,충북 청주시 청원구 사천로 18길 5-2,http://www.joeunsulsj.co.kr,
원매,"제조사 ""더한""에서 제조하는 매실주는 특별합니다. 국내의 다른 매실주는 5~6월경 수확되는 청매를 이용하는 반면, 매실원주는 보다 완숙한 상태",15,750ml,"매실원주액, 매실청, 꿀, 카라멜, 효소처리스테비아, 정제수",,"황매실을 이용해 맑은 호박색을 가지고 있으며, 매실의 신선한 향이 가득한 것이 특징입니다. 도수가 낮아 누구라도 편하게 즐길 수 있으며 처음 ",Y,더한주류,서울시 은평구 증산로7길 28-13,https://www.thehan.kr/,
오목대,"""오목대""는 검은 빛이 감돌아 전주 한옥마을의 기와지붕을 떠올리게 하는 술입니다. 구운 맥아를 사용하여 초콜릿 또는 커피와 같은 구수하고 달콤",5,"1,000ml","보리(국내산), 맥아(국내산), 말토텍스트린, 호프펠렛, 효모, 정제효소제, 정제수",,구워진 곡물 맛을 그대로 느낄 수 있는 발포주. 진한 에스프레소와 같은 향도 있습니다. 기존의 흑맥주와 다른 점은 마지막에서 느껴지는 맛에 지,Y,농업회사법인 동문거리양조장(주),전북 전주시 완산구 동문길99,http://www.moju.kr/,
어우야,"""어우야""는 제주바다의 해풍을 맞고 자란 야관문(비수리)을 재료로 3대째 내려오는 전통제조방식으로 45일간의 시간 동안 정성으로 만든 100%",16,365ml,"야관문(제주산), 정제수, 포도당, 효모",,&quot;어우야&quot; 네이밍의 느낌과 같이 야관문을 넣어 빚은 발효주입니다. 야관문의 독특한 맛이나 향 보다도 야관문이 가지고 있는 약,Y,왕지케양조장,제주특별자치도 제주시 한경면 고산로 2길 22-13,,
설궁,"제조사 솔래원의 설궁은 기타주류로 분류되며 강원도 자연산 송이버섯, 자연산 토종벌꿀, 산양산삼 등 천연 원재료를 침출, 숙성시켜서 프랑스산 브",30,700ml,"자연산 송이버섯, 산양산삼, 토종벌꿀",,은은하게 버섯향과 삼향이 올라오고 술을 입에 넣으면 알코올도수에 비해 도수가 낮아 보일 정도로 부드럽습니다. 인위적인 맛과 향은 있으나 거부감,Y,솔래원,강원도 양구군 방산면 칠전길 12-7,https://solraewon.modoo.at/,2017 대한민국 우리술품평회 최우수상
서울의 밤,"천매, 매실원주, 원매 프리미엄, 원매 등 매실주를 전문으로 생산하고 있는 ""더한주류""에서 2018년 새롭게 출시한 황매실을 원료로 증류주입니",25,375ml,"매실증류주원액, 벌꿀, 포도당, 노간주나무열매, 정제수",,"홍어삼합, 해산물찜 등 생선요리",Y,더한주류,서울특별시 은평구 증산로7길 28-13,http://www.thehan.kr,
산내울 사과애주,거창 사과 원예 농협에서 생산하는 ‘산내울 사과애주’는 해발 600m 이상에서 청정 지역에서 재배된 사과를 엄격한 생산과정과 품질관리를 거쳐 ,16,750ml,"사과, 설탕, 주정, 정제수, 과당",,여름에 얼음과 탄산수를 넣고 마시면 더할 나위 없이 시원한 술입니다.,Y,거창사과원예농협,경남 거창군 거창읍 거함대로 3452-41,http://kcapple.nonghyup.com,
산내울 복분자주,거창 사과 원예 농협에서 생산하는 ‘산내울 복분자주’는 해발 600m 이상에서 자란 청정 복분자를 원료로 한 리큐르주입니다. 복분자의 붉은 빛,16,750ml,"복분자, 설탕, 주정, 정제수, 과당",,여름에 얼음과 탄산수를 넣고 마시면 더할 나위 없이 시원한 술입니다.,Y,거창사과원예농협,경남 거창군 거창읍 거함대로 3452-41,http://kcapple.nonghyup.com,
바나나 주,"달콤하면서도 향긋한 바나나 냄새 때문에, 바나나 우유를 마시는 듯한 느낌을 받는 조은술 세종의 바나나 주. 국내산 쌀로 빚어 4%의 낮은 도수",4,750ml,"쌀, 국, 정제수, 바나나 농축액, 조제종국, 효모, 물엿",,산미가 적고 단맛이 강하고 마치 바나나 음료를 마시는 듯하다. 남녀노소 언제든 편하게 마실 수 있는 막걸리다. 열대과일과 잘 어울린다.,Y,조은술 세종,충북 청주시 청원구 사천로 18길 5-2,http://www.joeunsulsj.co.kr,
백운 복분자 와인,"백운 복분자 와인은 쌀을 찐 다음 누룩과 물, 높은 당도의 광양 토종 복분자 과즙을 넣어 저온에서 장기간 발효한 전통주이다. 특유의 저온발효와",11,360ml,"쌀, 토종 복분자과즙",,검붉은 색깔을 가지고 있으며 신선한 과실향이 올라온다. 단맛과 신맛의 조화가 잘 갖춰져 있으며 목넘김 또한 매우 가볍고 깔끔하다. 전체적으로 ,Y,백운주가,전라남도 광양시 옥룡면 신재로 946-18,,
메로니아,메로니아는 막걸리에 멜론특유의 달콤함을 담아 멜론 맛 아이스크림이 그대로 녹아 들어 있는 듯한 탁주이다. 일반적인 과일 막걸리는 살균을 통해 ,4,750ml,"쌀, 국, 효모, 젖산, 멜론 향, 물엿 등",,메론향이 첨가되어 기타주류로 분류되어 있으며 과일맛 막걸리에 맞게 매우 달콤하고 산미가 적으며 탄산에 의한 청량미가 강하다. 마치 메론으로 만,Y,배혜정도가,경기도 화성시 정남면 서봉로 835,http://www.baedoga.co.kr/,
르깔롱,"르깔롱은 추성주로 22대 대한민국 식명인에 지정된 양대수 명인이 출시한 젊은감각의 전통주이다. 담양대나무죽력과 멜론, 코코넛향 등 첨가물들의 ",16,500ml,"정제수, 주정, 고과당, 죽력, 메론후레바, 레이지라임, 코코넛향, 윌튼스카이아이싱칼라",대한민국 식품명인 제22호 양대수,맑은 에메랄드 빛깔을 가진 술로 멜론 향기가 진하게 올라온다. 도수가 높지만 단맛이 강해 목넘김이 매우 깔끔하고 입 안에 느껴지는 달콤한 코코,Y,추성고을,전남 담양군 용면 추령로 29,http://www.chusungju.co.kr,
동강더덕주,"&quot;동강더덕주&quot;는 천혜의 지역 강원도에서 채취한 더덕을 원료로 사용하고 몸에 좋은 대추, 오미자, 감초 등 부재료를 넣어 10",20,360ml,"더덕, 대추구기자, 감초, 원지",,연한 담갈색의 빛깔로 더덕의 향이 은은하게 입안에 감돈다. 집에서 담든 더덕주와는 달리 더덕향과 알코올 도수가 과하지 않게 적절하게 매치되어 ,Y,영월더덕영농조합법인,강원도 영월군 주천면 솔치로 633,https://shopping.naver.com/fresh/traditionalalcohol/stores/100112684,2012 대한민국우리술품평회 우수상 (리큐르 부문)
녹천 소곡화주 500ml,"한산소곡주는 백제 1500년의 오랜 역사와 전통을 고스란히 담아 전해 내려오는 전통주다. 찹쌀과 누룩을 주원료로 들국화, 메주콩, 생강, 홍 ",41,500ml,"찹쌀, 누룩, 백미, 정제수",,물처럼 맑고 투명하지만 상압증류기를 이용해 불에 그을린듯한 향이 강하게 올라온다. 알코올 도수에 비해 자극적이지는 않지만 술을 입에 넣으면 입,Y,녹천주조장,충남 서천군 한산면 한마로 105,https://shopping.naver.com/fresh/traditionalalcohol/stores/100113506,
녹천 소곡화주 480ml,"한산소곡주는 백제 1500년의 오랜 역사와 전통을 고스란히 담아 전해 내려오는 전통주다. 찹쌀과 누룩을 주원료로 들국화, 메주콩, 생강, 홍 ",41,480ml,"찹쌀, 누룩, 백미 , 정제수",,물처럼 맑고 투명하지만 상압증류기를 이용해 불에 그을린듯한 향이 강하게 올라온다. 알코올 도수에 비해 자극적이지는 않지만 술을 입에 넣으면 입,Y,녹천주조장,충남 서천군 한산면 한마로 105,https://shopping.naver.com/fresh/traditionalalcohol/stores/100113506,
녹고의 눈물,"녹고의 눈물은 5년 이상된 제주도의 섬오가피 뿌리만으로 순수 발효한 오가피 발효주이다. 물, 바람, 불이 만들어 낸 생명의 약초 섬오가피는 제",16,500ml,섬오가피,,투명한 갈색빛을 가지고 있으며 산뜻하면서도 고급스런 향기가 은은하게 올라온다. 입에 넣으면 처음에는 산미가 입 전체를 채우고 시간이 지나면서 ,Y,토향,제주 제주시 한경면 연명로 372,https://shopping.naver.com/fresh/traditionalalcohol/stores/100075514,
경기전,"""경기전""은 수줍은 붉은 빛이 매력적인 술로 국내산 보리 특유의 맛과 향이 그대로 배어 있다. 혀에 닿는 순간 고소한 비스킷의 맛, 그리고 입",5,1000ml,"국내산 보리, 맥아, 호프펠렛, 효모, 정제효소제, 정제수",,"홉의 향이 아로마틱하게 올라온다. IPA를 추구한 맛이란 것을 그대로 알 수 있다. 경쾌함이 있는 천연탄산이 있으며, 후미에서 느껴지는 홉의 ",Y,전주술로시티,전북 전주시 완산구 동문길 99,https://shopping.naver.com/fresh/traditionalalcohol/stores/100275247,
"동백꽃, 제주","화학적 색소없이 오직 동백꽃의 붉은 색으로 색을 낸 동백꽃, 제주는 제주 붉은 누룩으로 발효하여 만들었다. 3대째 내려오는 전통방식으로 주정을",16,365ml,"동백꽃잎, 정제수, 포도당 효모",,흑돼지 갈칫국,Y,제주본초협동조합 왕지케양조장,제주 제주시 한경면 고산로2길 22-13,https://jejucoop.modoo.at/?link=411ziq69,
괴산 세종 찰옥수수 전통주,"괴산 지역 특산물인 &quot;대학찰옥수수&quot;를 사용해 옥수수의 식이성 섬유질이 다량으로 함유되었다. 쌀, 찰옥수수 밀가루를 배합해 원",6,750ml,"정제수, 백미, 국, 옥수수분, 전분당, 조제종국, 효모, 조효소제, 치자색소,젖산, 아스파탐, 아세설팜칼륨,허브후레바E, 누룽지향, 구연산",2015 찾아가는 양조장,"연포탕, 해물찜",Y,조은술 세종,충북 청주시 청원구 사천로 18길 5-2,http://www.joeunsulsj.co.kr,
제주몬순커피주,제주 화산토에서 직접기른 그린빈과 제주 화산수로 담궜다. 한달 발효 후 화산송이와 함께 한달 간의 숙성과정을 거친다. 볶지 않은 생두 그대로를,11,200ml,"정제수, 설탕, 커피생두, 효모",,"흰살 생선, 초밥",Y,제주커피수목원,제주 서귀포시 안덕면 사계리 3136,http://www.coffeewine.kr,
금과 명주,경북 의성 사과와 옹기 항아리를 사용해 사과 브랜디의 깊은 맛과 향을 냈다. 사과의 단맛 속에 숨어있던 쌉싸름한 맛과 상큼함을 느낄 수 있으며,40,750ml,"사과증류주, 고과당, 사과향, 카라멜",,"다크초콜릿, 아이스크림",Y,㈜한국애플리즈,경북 의성군 단촌면 일직점곡로 755,http://www.applewine.co.kr/,
꿀샘 16,"천연 벌꿀을 넣어 만든 꿀 리큐르로, 적당한 단맛과 향긋한 벌꿀향이 난다. 생강을 침출해 넣어 맛의 단조로움을 없앴다. 도수에 비해 목넘김이 ",16,375ml,"정제수, 주정, 설탕, 천연꿀, 생강, 구연산",2017 찾아가는 양조장,"과일샐러드, 가래떡",Y,,,,
커피와인 톡시(중복-증류주),그린빈(커피생두)을 발효시켜 만든 커피와인이다. 제주 화산송이로 숙성하여 목넘김이 부드럽고 커피의 향과 와인맛을 동시에 느낄 수 있다.,11,200ml,커피생두 발효액,,"크래커, 치즈, 다크초콜렛",N,제주커피수목원,제주 서귀포시 안덕면 사계리 3136,http://www.coffeewine.kr,
아이엠더문,"리큐르 개발을 목표에 두고 새로운 경험을 할 수 있도록 섬세하게 기획하여, 과일향과 맛이 최대한 인공적으로 느껴지지 않도록 재료를 아끼지 않았",17,375ml / 750ml,"쌀증류식소주원액(유기농쌀100%), 주정, 정제수, 과실농축액(국내산-사과,포도,딸기,오렌지,망고) 등",2015 찾아가는 양조장,홈파티 술인 만큼 얼음과 같이 언더락으로 시원하게 즐겨도 좋다. 또 탄산수에 자몽과 같은 쌉쌀한 맛을 풍기는 과일즙을 넣고 칵테일로 즐겨도 좋,Y,조은술 세종,충북 청주시 청원구 사천로 18길 5-2,http://www.joeunsulsj.co.kr,
홍삼명주,홍삼명주는 대한민국 대표브랜드 홍삼을 발효시킨 건강한 뿌리 발효주입니다. 충북 괴산 지역특산주 홍삼명주는 4~5년동안 재배한 인삼을 3년 이상,14,"375ml, 500ml, 750ml",홍삼(국내산),,"참치, 삼겹살, 목살, 양꼬치, 장어, 백숙 등",Y,자연과 인삼,충북 괴산군 청천면 도경로 640,www.gswine.modoo.at,
티나(TINA),당도와 고품질딸기로 유명한 담양딸기를 주원료로 주류에 한해 첨가할 수 있도록 특허가 난 대나무죽력이 첨가된 리큐르주로서 딸기 특유의 달달한 맛,16,750ml,딸기(국내산),전통식품명인 제22호 양대수,,Y,추성고을,전남 담양군 용면 추령로 29,http://www.chusungju.co.kr,2019 우리술품평회 기타주류 부문 우수상
두레앙목통숙성주,거봉포도를 원료로 포도주를 만들어 감압식증류기로 증류한 후 프랑스산 오크통에 숙성시킨 제품이다. 입과 코를 통하여 한 모금 머금은 술은 초콜릿,35,500ml,목통숙성주원액,,"목통숙성의 참맛을 제대로 느끼려면 땅콩, 치즈 등 음식 자체의 맛이 강하지 않은게 좋습니다.가족 또는 친구들과 함께하는 파티의 상황에서는 ",Y,(주)두레양조,충남 천안시 서북구 입장면 율목길17-6,http://duraean.co.kr/index.html,
허니문,"인류 최초의 술, 미드는 당분 함량이 높고 알코올 발효가 가능한 벌꿀을 주재료로 만들어 먹던 발효주다. 신혼부부들은 다산과 행복을 기원하며 한",8,375ml,벌꿀(국내산),,"꿀 고유의 효능으로 한식, 양식, 일식, 중식을 비롯한 분식, 패스트푸드, 쿠키 등 각종 다양한 음식에 감칠맛을 더해준다.",Y,아이비영농조합법인,경기도 양평군 강하면 왕창부로길 110,https://ibee21.com/index.html,2018 우리술품평회 기타주류 부문 최우수상
허니비,"2009년경,벌꿀 풍년이 들어 양봉 농가 창고마다 꿀이 쌓여 있었다. 재고량이 어림잡아도 10,000드럼 이상.이 꿀을 다 어떻게 팔아야 ",8,500ml,벌꿀(국내산),,"꿀 고유의 효능으로 한식, 양식, 일식, 중식을 비롯한 분식, 패스트푸드, 쿠키 등 각종 다양한 음식에 감칠맛을 더해준다.",Y,아이비영농조합법인,경기도 양평군 강하면 왕창부로길 110,https://ibee21.com/index.html,2018 우리술품평회 기타주류 부문 대상
공주알밤 왕밤주,공주알밤 왕밤주는 공주 알밤을 볶아서 빚은 후 저온에서 발효했다. 순하고 부드러운 맛이 일품이며 구수한 알밤맛과 부드러운 목 넘김이 특징이다.,6,750ml,"공주밤(국내산), 백미(국내산), 아스파탐",,"잘 익은 밤에서 느껴지는 특유의 고소한 밤향이 특징이다. 구운 밤하고도 잘 어울리며, 지역의 유명 음식인 공주국밥하고도 좋은 매칭이다.",Y,사곡양조장,충남 공주시 사곡면 마곡사로 49,https://smartstore.naver.com/gongjubamsul,
한비 유자술,제천한약영농조합법인의 한비 유자술은 국내산 쌀과 오가피를 주재료로 빚는다. 전통기법으로 쌀을 발효시킨 후 증류한 곡주를 유자와 함께 숙성했다.,35,750ml,"쌀(국내산), 유자(국내산)",,,Y,제천한약(영),충북 제천시 봉양읍 원박리 276,www.jcmedi.com,
술샘19,술샘19는 투명하면서 아름다운 레몬 빛깔로 눈을 즐겁게 하며 한 모금 마셨을 때 입안에 가득 퍼지는 강황의 향과 맛이 일품이다. 국내산 강황을,19,375ml,"주정, 증류식소주, 정백당, 생강, 강황(국내산)",,,Y,술샘,경기도 용인시 처인구 양지면 죽양대로 2298-1,http://www.sulseam.com,
술샘16,"술샘16은 국내산 오미자 100%를 증류주에 침출하여 향이 살아있게 만든 술이다. 오미자 특유의 5가지(단맛, 신맛, 쓴맛, 매운맛, 짠맛) ",16,375ml,"쌀(국내산), 오미자(국내산), 주정, 정백당",,"파티음식, 샐러드, 육류 및 치즈, 해산물과 잘 어울린다.",Y,술샘,경기도 용인시 처인구 양지면 죽양대로 2298-1,http://www.sulseam.com,
호담 300ml,"""호담 300ml""은 경기도 청정지역의 5년근 산양산삼으로 제조하여 1뿌리가 통째로 들어있는 프리미엄 리큐르이다. ""대농바이오 우리산삼""의 5",20,300ml,"산양산삼, 정제수, 주정",,닭백숙,Y,대농바이오우리산삼,경기도 광주시 퇴촌면 천진암로 684,http://www.woorisansam.com,
진쾌남,"""진쾌남""은 공주산 밤에 국내산 백미로 빚은 국내에서 최초로 생산된 밤 증류주이다. 오미자, 산수유, 오가피, 구기자, 동충하초, 토사자, 벌",25,330ml,"국내산 쌀, 밤, 누룩, 구기자, 오미자, 산수유, 오가피, 동충하초, 정제수",,삼계탕 등 보양음식,Y,사곡양조장,충남 공주시 사곡면 마곡사로 49,www.bamsul.com,
한비 무병장수술,"""한비 무병장수술""은 국내산 쌀을 발효하여 흑삼, 인삼, 오가피, 오미자, 구기자, 복분자, 차전자, 토사자, 산수유를 첨가하여 숙성시킨 전통",35,"375ml, 750ml","국내산쌀, 흑삼, 인삼, 오가피, 오미자, 구기자, 복분자, 차전자, 토사자, 산수유",,"증류주에 복분자, 오미자 등 다양한 약재가 들어가 짙은 호박색을 가지고 있으며 복잡한 약재의 향이 매우 풍만하게 올라온다. 도수에 비해 매우 ",Y,제천한약(영),충북 제천시 봉양읍 원박리 276,www.jcmedi.com,
한비 동충하초술,"""한비 동충하초술""은 국내산 쌀을 발효하여 증류한 후 10년생 친환경 가시오가피 뿌리와 동충하초와 감초를 함께 숙성시킨 전통주이다. 재료로 쓰",35,"375ml, 750ml","국내산 쌀, 누룩, 가시오가피 뿌리, 동충하초, 정제수",,"증류주와 동충하초가 잘 어우러진 리큐르로 연한 호박색을 가지고 있으며, 향은 산뜻하면서도 오크통에 숙성된 훈연 된 나무 향이 매력적이다. 입 ",Y,제천한약(영),충북 제천시 봉양읍 원박리 276,www.jcmedi.com,
애피소드호프,&quot;애피소드 호프&quot;는 한국애플리즈에서 2030대 젊은 층을 위해 출시한 LTD 제품이다. 애플사이다에 맥주의 풍미를 느낄 수 ,3.5,500ml,"사과과즙, 보리, 쌀, 홉",2016 찾아가는 양조장,사과가 주는 청량함과 홉이 주는 향긋함이 그대로 살아있는 경쾌함이 살아 있는 애플 사이다이다. 홉이 주는 아로마와 탄산이 주는 청량감으로 치킨,Y,㈜한국애플리즈,경북 의성군 단촌면 일직점곡로 755,http://www.applewine.co.kr/,
과하주23,400여 년 전 임진왜란(1592년)때 명나라의 원병장 이여송이 김천을 지날 때 그 샘물 맛을 보고 중국 금릉의 과하천의 물맛과 같다고 칭송하,23,"400ml, 700ml, 1000ml",쌀 100%,"전통식품명인 제17호 송강호, 시도무형문화재 경상북도 제11호",매운탕,Y,김천과하주,경북 김천시 대항면 향천리 79101,http://gwahaju.farmmoa.com/,
매아랑,"매아랑은 경남 하동군의 지리산 자락, 해발 400m청정지역에서 황매실을 발효시켜 만들었다. 당분 및 매실향이 최고조인 황매실로 방부제를 첨가하",10.7,750ml,국내산 매실,,"오징어, 조갯살 등을 넣은 해물파전과 함께 마시면 매실와인의 산뜻한 맛이 돋보인다.",Y,하동매실 영농조합법인,경남 하동군 옥종면 궁항길 286-105,,2013 대한민국우리술품평회 장려상 (기타주류 부문)
제주감귤주 귤로만,"감귤로 착색, 착향시켜 만든 과실주가 아닌 오로지 감귤만을 이용하여 술을 빚은 과실주로 ‘귤로만’이란 이름을 붙였다. 자연이 준 제주의 맑은 ",7,750ml,감귤원액(제주),,"제주 감귤주를 마실 때 삼겹살을 노릇노릇 구워 같이 먹으면, 감귤의 진한향이 고기의 냄새를 없애주고, 상큼한 맛이 삼겹살의 느끼함도 사라지게 ",Y,제주와이너리,제주 제주시 애월읍 용흥7길 23 제주와이너리,https://smartstore.naver.com/jejuwinery,"2011 대한민국우리술품평회 대상 (기타주류), 2012 대한민국우리술품평회 장려상 (기타주류)"
산내울 오미자주,거창 산내울 오미자주는 해발 600ｍ 이상 고지대에서 자란 청정 오미자를 원료로 사용한다. 고지대로 병충해가 거의 없어 농약을 치지 않고 재배,16,750ml,"오미자, 설탕, 주정, 정제수, 과당",2014 찾아가는 양조장,"색이 아름다운 산내울 오미자주는 생선 회, 편육 냉채 등과 잘 어울린다.",Y,예산사과와인,충남 예산군 고덕면 대몽로 107-25,http://www.chusawine.com,
백운복분자주,"복분자는 본초강목, 동의보감 등 문헌에 기운을 돕고 피로를 풀어 몸을 가볍게 한다고 되어 있다. 쌀을 찐 다음 누룩과 물, 복분자과즙을 넣고 ",13,360ml,"국내산 쌀, 국내산 복분자",,"낙지볶음, 해물찜낙지는 쓰러진 소에게 먹이면 벌떡 일어난다는 옛말처럼 보양 음식으로 좋다. 기운을 돕고 피로를 풀어주는 복분자주에 해산물 요리",Y,백운주가,전남 광양시 옥룡면 죽천리 715-1,https://bwsool.modoo.at/,"2012 대한민국우리술품평회 우수상 (기타주류 부문), 2013 대한민국우리술품평회 최우수상 (기타주류 부문), 2014 SIWC 은상, 20"
주몽복분자주,"1995년 국세청 기술연구소 제조방법 특허를 이용 순수발효방법으로 참 복분자주를 개발하였고, 2006년 8월 맛과 주질을 향상시켜 주몽복분자주",16,375ml,"국내산 쌀, 국내산 복분자",,"육류소금구이  양념에 재우지 않은 생고기를 달군 불판에 바로 익혀 먹으면 육류의 담백한 맛을 느낄 수 있어서 좋은데, 고기 육즙에서 배어나오는",Y,농업회사법인(유)술소리,전북 남원시 시묘길 130(오암동),https://sulsori.modoo.at/,"2010 대한민국우리술품평회 최우수상 (기타주류 부문), 2011 대한민국우리술품평회 우수상 (기타주류 부문), 2014 대한민국우리술품평회 "
매실탁테일,"탁주(막걸리)와 과실을 이용한 칵테일,제품명 탁테일은 2011년 식품 트렌드에 맞춰 소재(매실)와 색상(초록색)을 중심으로 한 제품의 하나이다",7,375ml,"국내산 백미, 매실천연과즙",,"연어샐러드  연어샐러드는 가벼운 와인안주로 많이 선호하는 음식인데, 연어에 신선한 채소를 곁들인 연어샐러드는 천연과실탁주인 매실탁테일의 깔끔한",Y,배혜정도가,경기도 화성시 정남면 서봉로 835,http://www.baedoga.co.kr/,2011 대한민국우리술품평회 최우수상 (기타주류 부문)
이담,"이담(梨 )은 국내산 쌀과 배를 이용하여 정성스레 담가 증류하여 장기간 숙성한 55도의 고도주이다. 배의 향과 맛을 느낄 수 있으며, 자칫 날",55,700ml,"국내산 쌀, 국내산 배",,꽃등심구이고기의 결이 부드럽고 연한 꽃등심구이는 맛이 담백하고 고소한데 고도주인 이담의 날카로운 첫맛을 부드럽게 해주고 음식에 양념이 없으므로,Y,배혜정도가,경기도 화성시 정남면 서봉로 835,http://www.baedoga.co.kr/,"2012 대한민국우리술품평회 최우수상 (기타주류 부문), 2013 대한민국우리술품평회 우수상 (기타주류 부문)"
허니와인,"북유럽과 그리스 신화의 신들은 영생의 음료로 꿀을 발효시켜 빚은 허니와인 미드를 마셨다고 한다. 허니와인 미드는 최음효과와 정력, 다산력을 증",8,500ml,국내산 벌꿀,,"해물파스타, 베이컨 버섯말이  각종 해물과 다양한야채로 만드는 해물파스타는 허니와인의 맛을 살려주는 술안주로 제격이다. 베이컨위에 버섯을 올려",N,아이비영농조합법인,경기도 양평군 강하면 왕창부로길 110,https://ibee21.com/index.html,"2012 대한민국우리술품평회 대상 (기타주류 부문), 2013 대한민국우리술품평회 대상 (기타주류 부문), 2013 NYWSC 동상, 2014"
SSOA-포도,포도주를 이용한 특유한 스파클링와인으로서 우수한 포천포도를 와인으로 제조하여 뛰어난 맛과 향을 느낄 수 있으며 탄산의 시원함을 동시에 느낄 수,5,355ml,국내산 포도,,"피자, 치킨남녀노소 누구나 할 것 없이 좋아하는 대표음식인 피자와 치킨에 SSOA-포도를 겸하면 톡 쏘는 탄산과 스파클링의 조화가 아주 잘 어",Y,㈜포천조술당,경기 포천시 화현면 화동로 432번길 12,,2014 대한민국우리술품평회 대상 (기타주류 부문)
나 와인,"나와인은 비타민E가 풍부해서 항산화작용이 있으며 국내산찹쌀 100%와 지하암반수를 사용하여 무살균, 무첨가, 무방부로 제조한다. 찹쌀의 영양소",10,500ml,국내산 찹쌀 100%,,주꾸미 참나물무침  끓는 물에 데친 주꾸미와 참나물을 새콤달콤하게 무치면 향긋하고 쌉싸름한 주꾸미참나물무침이 된다. 나물의 고유한 맛도 살리고,Y,영농법인에스비케이조합,경북 문경시 영순면 영순로 645,,2010 대한민국우리술품평회 우수상 (기타주류 부문)
라이코펜 토마토와인,"대구시 달성군은 예로부터 토마토생산지로 유명하며 토마토는 장기보관이 어려워 홍수출하로 가격이 폭락하여 농민들이 큰 피해를 보는 경우가 많은데,",12,"350ml, 500ml",국내산 토마토,,"골뱅이의 쫄깃한 식감과 매콤새콤한 맛이 토마토와인의풍미를올려주며,토마토고유의진한향이길게여운을남겨입안을깔끔하게해준다.",Y,토마토와인주식회사,,,2011 대한민국우리술품평회 장려상 (기타주류 부문)
불소곡주,"백제의 1500년 전통이 깃든 한산소곡주는 찹쌀과 누룩을 주원료로 들국화, 메주콩, 생강, 홍고추 등의 웰빙원료의 오묘한 조화 속에 100일간",43,700ml,"찹쌀, 국내산 멥쌀",전통식품명인 제19호 우희열2014 찾아가는 양조장,"수육  삶은 돼지고기는 기름기가 빠져 담백하게 먹을 수 있고, 소곡주의 깊은 맛의 여운을 즐기기에 좋다",Y,한산소곡주,충남 서천군 한산면 충절로 1118,http://www.sogokju.co.kr,"2013 대한민국우리술품평회 최우수상 (리큐르 부문), 2014 IWSC 동상, 2014 Monde-selection 금상"
한비오가피술골드,전통방법으로 국내산 쌀 100%를 발효시켜 감압증류방식으로 증류·탈취·탈색·여과하고 GAP인증을 받은 국내산 오가피를 침출시켜 리큐르주를 만들,35,500ml,"국내산 쌀, 국내산 오가피",,참치회 새싹채소무침  참치회를 새싹채소와 함께 초고추장에 버무려 새콤달콤하게 만들어 먹으면 오가피술골드의 순하고 부드러운 맛을 한층 돋보이게 ,Y,제천한약(영),충북 제천시 봉양읍 원박리 276,www.jcmedi.com,2013 대한민국우리술품평회 장려상 (리큐르 부문)
송화백일주,"솔향이 풍부하며 입안에 풍미가 뛰어나고, 여운이 은은하게 오래도록 유지된다. 송화, 솔잎, 산수유, 오미자, 구기자 등의 천연재료를 사용하여 ",38,700ml,"송화, 솔잎, 산수유, 오미자, 구기자","전통식품명인 제1호 조영귀, 시도무형문화재 전라북도 제 6-4호",취나물  취나물은 알칼리성식품으로 나트륨을 배출하는 작용을 하여 몸속에 나트륨을 조절해주는 역할도 한다. 입안에 은은하게 퍼지는 송화백일주 한,Y,송화양조원,전북 완주군 구이면 구이로 1096,http://www.songhwa.co.kr/default/,
"진도홍주 아라리35%, 루비콘40%","홍국으로 제조된 원나라의 홍주가 우리나라에 전해진 이후 고려시대 말부터 국내에서 제조되어 홍노라고 했으며, 홍국대신 지초를 사용한 홍색가향약용","35, 40","375ml, 500ml, 700ml","국내산 쌀, 국내산 지초",2015 찾아가는 양조장,"채소스틱, 돼지고기 샤브샤브  채소는 된장에 땅콩버터와 마요네즈, 올리고당을 넣어 만든 소스에 찍어 먹으면 의외로 잘 어울린다. 돼지고기 샤브",Y,대대로영농조합법인,전남 진도군 군내면 둔전리 98,http://www.e-hongju.co.kr,"2007 남북정상회담 만찬주 (40%), 2010 대한민국우리술품평회 우수상 (40%, 리큐르 부문), 2011 대한민국우리술품평회 장려상 ("
담솔,조선시대 성리학의 대가이며 동방오현의 하나인 문헌공 일두 정여창선생의 집안에서 530여 년 동안 내려오는 사대부집안의 전통명주로서 그동안 문중,40,"500ml, 750ml","백미(함양산) 90%, 솔잎·송순(함양산) 10%",전통식품명인 제27호 박흥선2015 찾아가는 양조장,"삼겹살 구이, 돼지양념 단호박찜  돼지양념단호박찜은 양념한 돼지고기를 익힌 후 속을 파낸 단호박에 넣고 찜솥에서 찌는 음식인데 삼겹살구이 등 ",Y,솔송주(명가원),경남 함양군 지곡면 지곡창촌길3,https://shopping.naver.com/fresh/traditionalalcohol/stores/100074038,"2010 대한민국우리술품평회 최우수상 (리큐르 부문), 2011 대한민국우리술품평회 최우수상 (리큐르 부문), 2012 대한민국우리술품평회 최"
매실원주 허니,한씨 집안에서 선대로부터 내려오는 황매실에 천연꿀을 가미하여 담근 전통매실주로 매실원주는 보다 완숙한 상태에서 7월경 수확되는 황매를 이용한다,"13, 15, 20",300ml,"국내산 황매  80%, 청매20%",,수육  매실원주 허니 특유의 매실향이 강하고 깔끔해 수육의 누린내를 제거해주며 매실이 수육의 소화를 돕기 때문에 서로 잘 어울린다.,Y,더한주류,서울시 은평구 증산로7길 28-13,www.thehan.kr,"2012 Monde-selection 금상, 2013 Monde-selection 금상, 2013 대한민국우리술품평회 대상 (리큐르 부문), "
산삼가득 명술,경기도 농업기술원과 대농바이오영농조합법인(우리산삼)이 공동 개발한 술로 5년근 국내산산양산삼을 그대로 숙성시켜 잎과 뿌리가 달린 한 채가 통째,20,375ml,"국내산 주정, 국내산 산양산삼 5년근",,생선전  산삼가득주를 마실 때 생선회를 자극성이 강한 야채와 함께 쌈으로 먹는 것이 아니라 고추냉이와 함께 깔끔하게 먹으면 그윽한 산삼의 향과,Y,대농바이오우리산삼,경기도 광주시 퇴촌면 천진암로 684,http://www.woorisansam.com,"2012 대한민국우리술품평회 장려상 (리큐르 부문), 2014 대한민국우리술품평회 장려상 (리큐르 부문)"
오매락퍽,‘오매락’은 매실을 뜻하는 ‘오매’와 증류주를 의미하는 ‘아락’의 합성어다. 최고의 맛과 품질을 위해 꿀배로 유명한 전라남도 나주배 증류원액과,40,500ml,국내산 배증류원액,,"닭고기  오매락퍽속에 함유된 매실은 다양한 유기산을 함유해 닭고기와 같은 고단백, 고열량음식과 먹으면 배탈을 예방하고 소화에도 도움이 된다.",Y,배상면주가,경기도 포천시 화현면 화현리 512,http://www.sansawon.co.kr,"2012 대한민국우리술품평회 장려상 (리큐르 부문), 2014 대한민국우리술품평회 장려상 (리큐르 부문)"
원매 프리미엄,원매프리미엄은 보다 완숙한 상태에서 7월경 수확되는 황매 100%를 이용한다. 황매는 청매에 비하여 고가인 단점이 있으나 향미가 뛰어나 최상의,20,700ml,국내산 황매실,,"생선회, 초밥  생선회는 단백질식품이므로 전분식품보다 술에 취하는 정도를 완화시키고 다음날 숙취를 줄이는 효과가 있다. 매실본연의 향과 진한풍",Y,더한주류,서울시 은평구 증산로7길 28-13,www.thehan.kr,
장수홍삼주,"홍국으로 제조된 원나라의 홍주가 우리나라에 전해진 이후 고려시대 말부터 국내에서 제조되어 홍노라고 했으며, 홍국대 신지초를 사용하여 홍색가향약",25,750ml,국내산 인삼,,"갈비찜, 양곱창전골  갈비찜은 장수홍삼주의 알싸한 맛과 향에 잘 어울린다. 진한홍삼의 맛은 육류를 이용한 우리나라 전통음식과 잘 어울리는데 양",Y,경원리큐르,,,
백이주,높은 도수임에도 불구하고 부드러운 목 넘김이 일품입니다.. 깔끔한 뒷맛과 입에 남는 은은한 향이 청주를 생각나게 합니다. 술 자체에서 풍기,35%,800ml,"쌀(국산), 홍마늘액(국산), 감초(국산), 개량누룩(국산), 효모, 정제효소제, 정제수, 밀함유",,"해산물, 육고기, 과일, 견과류 등",Y,농업회사법인(주)세찬,경북 영천시 포은로 842-50,se-chan.kr,
당당하리,"인위적이 당도가 아닌 은은한 과실 그대로의 향만 담았다. 복분자와 마늘의 합이 잘 어우러지며 신맛은 거의 없으며, 마신 후 입안의 텁텁함이 없",15%,375ml,"쌀(국산), 홍마늘(국산), 감초(국산), 효모, 개량누룩, 정제효소제, 정제수, 복분자(국산), 설탕, 올리고당, DL-사과산, 구연산, 무수이황산",,"장어, 육고기와 페어링하기 좋다.",Y,농업회사법인(주)세찬,경북 영천시 포은로 842-50,se-chan.kr,
"코이버펑크, 카베르네 소비뇽 2019","구조감과 밸런스가 뛰어나 와인만 즐겨도 충분히 그 진가를 발휘하지만, 다양한 아시아 음식과 즐기기에 최적화된 와인이다. 루비색을 띠며 다양한 ",12.5,750ml,카베르네 소비뇽 포도품종 100% (경북 영천),"한국 와인 최초의 해외 수출 와인, 한국 1대 여성와인메이커가 양조하는 와인, 유기농 와인, 홍콩 미슐랭스타 한식구 와인 페어링으로 사용된 와",한식 / 중식 / 동남아 음식 등 다양하게 페어링하기 좋다.,Y,코이버펑크,경상북도 영천시 봉계길 52,www.koyberpunk.com,
"코이버펑크, 머스캣 베일리 에이 2017","구조감과 밸런스가 뛰어나 와인만 즐겨도 충분히 그 진가를 발휘하지만, 다양한 아시아 음식과 즐기기에 최적화된 와인이다. 블랙체리, 레드 체리,",12.5,750ml,머스캣 벨일리 베이 포도품종 100% (경북 영천),"한국 와인 최초의 해외 수출 와인, 한국 1대 여성와인메이커가 양조하는 와인, 유기농 와인, 홍콩 미슐랭스타 한식구 와인 페어링으로 사용된 와","전체적으로 무겁지 않은 타닌감이 구조를 잘 이룬다. 고추장, 된장 등 한국 장 요리와 잘 어울리는 약간의 단맛의 여운이 길게 이어지는 특징이 ",Y,코이버펑크,경상북도 영천시 봉계길 52,www.koyberpunk.com,
"코이버펑크, 샤르도네 세미용 2018",구조감과 밸런스가 뛰어나 와인만 즐겨도 충분히 그 진가를 발휘하지만 다양한 아시아 음식과 즐기기에 최적화된 와인이다. 처음 입 안에서는 섬세한,11.5,750ml,"샤르도네 포도품종, 세미용 포도품종, 실바너 포도품종","한국 와인 최초의 해외 수출 와인, 한국 1대 여성와인메이커가 양조하는 와인, 유기농 와인, 홍콩 미슐랭스타 한식구 와인 페어링으로 사용된 와",한식 요리와 잘 어울린다.,Y,코이버펑크,경상북도 영천시 봉계길 52,www.koyberpunk.com,
모월 로,깊은 향을 가진 증류주입니다.,25,500ml,"쌀(국내산), 누룩, 정제수",,,Y,모월,강원 원주시 판부면 판부신촌길 84,http://www.mowall.co.kr/,
모월로미니,,25,150ml,"쌀(국내산), 누룩, 정제수",,,Y,,,,
모월인미니,,41%,150ml,"쌀(국내산), 누룩, 정제수",,,Y,,,,
산머루와인 깊은맛 드라이,타닌의 떫은 맛과 깊은 과일 향기가 조화를 이루며 입안에 오래도록 여운을 주는 와인이다. 풍부한 바디감도 느껴진다.,12,750ml,산머루,,스테이크나 바비큐 등 고기와 함께 먹으면 깔끔하게 즐길 수 있다.,Y,하미앙 와인밸리,경남 함양군 함양읍 삼봉로 442-14,https://www.sanmuru.com,
산머루와인 달콤한 스위트,머루의 새콤달콤한 단맛과 산미가 잘 어우러진 부드럽고 순한 맛으로 술이 약한 분들도 즐기기 좋다.,10.5,750ml,산머루,,"쿠키나 치즈와 함께 디저트용으로, 또는 뱅쇼를 만들 때나 양파 와인을 만들 때 추천한다.",Y,하미앙 와인밸리,경남 함양군 함양읍 삼봉로 442-14,https://www.sanmuru.com,
오크와인,"탄닌의 떫은 맛과 풍성한 토스트향, 부케향으로 산미가 잘 어우러진 와인이다. 전체적인 맛과 향이 밸런스가 균형있다. 와인 중에 상등액만 골라 ",12,750ml,산머루,,프리미엄 와인으로 특별한 날 스테이크나 바비큐와 함께 먹으면 좋다.,Y,하미앙 와인밸리,경남 함양군 함양읍 삼봉로 442-14,https://www.sanmuru.com,
경산대추약주 추,"경산의 특산품인 대추의 효능을 살려 정성껏 빚어낸 경산의 대표 전통주입니다. 청아하고 은은한 색과 은은한 질감, 감미로운 맛, 그윽한 향과 함",16,375ml,"찹쌀, 맵쌀 , 누룩, 대추 (국내산100%)","우리술품질 나형 인증, 전통주 체험 및 교육, 전통주 컨설팅","전채요리, 타파스, 맑은 국물요리, 한식",Y,미송주가,경북 경산시 진량읍 대학로 967-4,https://smartstore.naver.com/misongbrewery/products/5161443003,2020 iTQi 국제우수미각상
맑은내일 운암1945,"우리 전통주를 화이트 와인처럼 특별하게, 맑은내일의 새로운 도전 운암1945입니다. “현대의 다양한 식문화와 가장 잘 어울리는 우리 술을 만들",12,750ml,"정제수, 쌀, 누룩, 효소제",,"한치, 새우와 같은 해산물 / 알리오올리오 파스타 / 파마산치즈, 체다치즈",Y,우포의아침,경상남도 창녕군 대지면 대지농공단지길 40,www.good-tomorrow.co.kr,
맑은내일 스파클링 막걸리,맑은내일 스파클링 막걸리는 자연탄산으로 제조일로부터 15일 전과 후에 다른 매력을 느낄 수 있다는 것이 가장 큰 특징이다. 제조일로부터 15일,5,750ml,"정제수, 멥쌀(수입산), 누룩, 정제효소, 아스파탐(감미료/페닐알라닌 함유), 밀함유",,"어느 음식과 마셔도 잘 어울리지만 특히 해물파전, 김치전, 피자, 떡볶이 처럼 느끼하거나 매콤한 음식과 함께 드시는 것을 추천한다.",Y,우포의아침,경상남도 창녕군 대지면 대지농공단지길 40,www.good-tomorrow.co.kr,
은자골 생 탁배기,"은척 양조장의 생 탁배기는 상주지역 햇 상주삼백쌀과 전통누룩을 원료로 하여 빚은 막걸리로, 쌀 막걸리 특유의 부드러운 목넘김을 가지고 있으며 ",5%,750ml,"백미, 소맥분, 정제수, 전분당, 국, 누룩, 효소, 아스파탐",2016 찾아가는 양조장,원료인 밀가루에서 나오는 연한 쓴맛과 텁텁함이 있으며 먹고 난 뒤에 은은한 뒷맛이 음식을 부르게 한다. 파전과 잘 어울린다.,Y,은척양조장,경북 상주시 은척면 봉중2길 16-4,https://takbaeki.modoo.at/,2016 대한민국 우리술품평회 생막걸리 대상
G12 골디락스,싱그러운 과일향과 부드러운 목 넘김으로 마시기 딱 좋은 막걸리다. Ice 공법으로 차갑게 발효하고 더 차갑게 숙성했다. 담백한 맛의 멥쌀과 감,12,500ml,"정제수, 멥쌀(국내산), 찹쌀(국내산), 누룩, 종국, 효모, 밀함유",,"닭백숙, 오리백숙, 편육, 새우젓, 겉절이와 어울린다.",Y,청산녹수,전라남도 장성군 장섭읍 남양촌길 19,http://www.bluegreenkorea.co.kr,
과천미주,맑은 샘물처럼 감미로운 우리 쌀 술. 지게미를 최소화하여 귀하게 빚었다. 하루의 피로를 씻어주고 몸의 평화를 회복하는 홈술로 추천한다. 맑고 ,9,500ml,"정제수, 경기미햅쌀(국내산 멥쌀), 국, 효모 (밀함유)",,"신선한 제철 해산물, 육전, 소꼬리찜, 잡해 등 기름진 명절 요리, 치즈와 견과류 등 간단한 안주와도 좋은 궁합이다.",Y,과천도가,"경기도 과천시 남태령옛길 65, 1층",www.soolbyeol.com,
관악산생막걸리,"어떤 첨가물이나 감미료 없이 경기미 햅쌀로 빚어 달지 않고 담백하며 언제 어니서나 편안히 즐길 수 있다. 처음에는 풋사과, 청포도 향이 싱그럽",6,1000ml,"정제수, 멥쌀(국내산), 국, 효모, 밀함유",,"제육두부 김치 등 매콤한 음식과 먹으면 매운 맛을 달래준다. 디저트류, 과일류와도 잘 어울린다.",Y,별네트웍스 과천도가,경기 과천시 남태령옛길 65 1층,https://www.instagram.com/gwacheondoga/,
금풍양조,강화도 지역 친환경 무농약 쌀을 사용하고 무감미료 수제 프리미엄 막걸리다. 100년 전통의 양조장에서 빚은 막걸리답게 뛰어난 밸런스의 맛과 부,6.9,750ml,"정제수, 쌀(강화도), 국, 효모, 밀함유",,"강화도의 젓굴갈비, 해산물 요리, 돼지갈비 등과의 조합이 좋다.",Y,금풍양조장,인천광역시 강화군 길상면 삼랑성길 8,https://www.instagram.com/on_sul/,
냥이탁주 9도,고양시 최초의 프리미엄 지역특산주. 인공감미료 없이 고양시에서만 생산되는 품질 좋은 가와지쌀을 주재료로 만든 막걸리. 고양시의 대표 캐릭터 고,9,350ml / 500ml,"정제수, 쌀(국내산), 찰보리(국내산), 찰수수(국내산), 벌꿀(국내산), 오미자(국내산), 송순(국내산), 누룩, 개량누룩, 밀함유",,"떡갈비, 불고기와 잘 어울린다.",Y,행주산성주가,"경기도 고양시 덕양구 충장로 122, 블레스타운 202호",https://smartstore.naver.com/hjssjuga,
냥이탁주 fresh,고양시 최초의 프리미엄 지역특산주. 인공감미료 없이 고양시에서만 생산되는 품질 좋은 가와지쌀을 주재료로 만든 막걸리. 고양시의 대표 캐릭터 고,5,350ml,"정제수, 쌀(국내산), 찰보리(국내산), 찰수수(국내산), 벌꿀(국내산), 오미자(국내산), 송순(국내산), 누룩, 개량누룩, 밀함유",,"리코타 치즈 샐러드, 훈제연어와 페어링하기 좋다.",Y,행주산성주가,"경기도 고양시 덕양구 충장로 122, 블레스타운 202호",https://smartstore.naver.com/hjssjuga,
님 그리다,"인공 감미료, 첨가물을 넣지 않고 가야양조장의 발표, 숙성기술로 혼신을 다해 빚어 맛이 진하고 부드러우며 천연의 과일향이 나는 프리미엄 막걸리",6,750ml,"찹쌀, 멥쌀, 누룩(밀)",,"해물탕, 누룽지탕처럼 맑은탕 종류와 잘 어울린다.",Y,가야양조장,경상남도 김해시 한림면 한림로46번길 79-1,https://smartstore.naver.com/gayabrewery,
말이야 막걸리야,무감미료 무첨가 곡성의 쌀과 토란만을 고집하여 만든 프리미엄생막걸리로 음용성이 좋다. 부드럽고 은은한 요쿠르트 산미의 깔끔한 라이트버젼과 청량,6,200ml / 3000ml,"건조토란(국내산), 쌀(국내산), 정제수, 젖산(산도조절제), 효모",,"치킨, 피자와 잘 어울린다.",Y,시향가,전라남도 곡성군 곡성읍 낙동원로 20,https://smartstore.naver.com/sihyangga,
백수환동주,국내산 쌀과 직접디딘 누룩을 이용하여 빚은 탁주로 누룩으로는 쌀과 녹두가 들어간 백수환동곡이 사용되었다. 술을 빚을 당시 따로 물이 첨가되지 ,12,375ml,"쌀, 정제수, 누룩",,"메로구이, 녹두전, 삼겹살과 페어링해여 즐기기 좋다.",Y,봇뜰,경기도 남양주시 진접읍 팔야로 91-41,http://bot-ttle.co.kr/,
봇뜰 막걸리 10도,국내산 쌀과 직접디딘 누룩(백곡-밀가루+쌀가루)과 물만을 이용하여 빚은 탁주이다. 두 번 빚은 이양주이며 약간의 산미와 함께 단맛이 특징은 술,10,750ml,"쌀, 정제수, 누룩, 밀 함유",,"똠냥꿍, 토마토 해물 스파게티와 잘 어울린다.",Y,봇뜰,경기도 남양주시 진접읍 팔야로 91-41,http://bot-ttle.co.kr/,
북극곰 막걸리,POSCO 용광로에서 나오는 규소로 만든 규산질비료를 쓴 유기농쌀로 빚은 막걸리이다. 규산질비료 경작시 메탄가스가 현저히 줄어 북극곰 살리기에,6,750ml,"정제수, 쌀(국내산_포항유기농쌀), 물엿, 효모, 국, 정제효소제, 아스파탐(합성감미료, 페닐알라닌함유), 아세설팜칼륨(합성감미료), 젖산(산도조절제), 밀 함유",,"김치전, 해물 파전 등의 전 종류와 매우 잘 어울린다.",Y,동해명주,경상북도 포항시 남구 동해면 일월로 51-1,https://yangjo.com/,
아임프리6.0,100% 쌀로 빚고 오미자로 맛과 향을 낸 프리미엄 막걸리이다. 밀 누룩이나 별도의 효소제가 첨가되지 않아 누구나 편하게 즐길 수 있는 프리미,6,500ml,"정제수, 쌀(국내산, 경기미), 국(쌀누룩 국내산), 오미자, 효모",,"츄러스, 자장면, 고르곤졸라 피자와 페어링하기 좋다.",Y,술샘,경기도 용인시 처인구 양지면 죽양대로 2298-1,http://www.sulseam.com,
양조학당 뜰,고문헌 향약집서방의 용호주 탁주 양조법을 그대로 재현하여 발효한 우리술이다. 화학 첨가물을 일체 사용하지 않고 양조학당에서 직접 선벼한 가장 ,12,500ml,"멥쌀, 찹쌀, 백국, 효모, 솔잎, 쑥, 정제수",,"도다리쑥국, 돼지김치찌게와 잘 어우러진다.",Y,양조학당,경기도 광명시 하안로 60 광명테크노파크 E동 812호,https://yangjohakdang.com/,
일엽편주,"일엽편주는 깨끗한 물, 깨끗한 공기, 깨끗한 쌀, 전통누룩 자체만으로 자연발효해 쌀 본연의 아름답고 깊은 향을 가진 살아있는 술이다. 온도와 ",12,750ml,"찹쌀, 멥쌀(국내산), 누룩, 정제수, 밀 함유",,"육전, 너비아니구이와 잘 어울린다.",Y,농암종택 전통주,경상북도 안동시 도산면 가송길 162-176,http://www.ellyeoppyunjoo.com/,
지란지교 무화과 탁주,100일 발표 90일 숙성으로 깊고 부드러운 맛과 순창에서 재배한 고품질 무화과와 햅찹쌀 100%를 사용해 무화과의 향긋함과 찹쌀의 달달한 맛,12,500ml,"찹쌀, 멥쌀(국내산), 전통누룩(국내산 밀), 정제수, 무화과청, 레드비트분말, 밀함유",,"갈치조림, 고등어무조림, 무화과타르트",Y,(유)친구들의술지란지교,전라북도 순창군 순창읍 순창7길 5-1,https://smartstore.naver.com/limsugzu,
청주신선주탁주,"식품첨가물 일체 없이 생지황, 숙지황, 인삼, 당귀, 감국, 구기자, 육계, 맥문동, 하수오, 우슬 등 10가지 약재를 사용한다. 국내산 쌀과",10,500ml,"청원생명쌀(청주산), 정제수, 찹쌀(국내산), 전통누룩(국내산)(밀함유), 약재(국화, 쇠무릅, 당귀, 하수오, 구기자, 맥문동, 인삼, 육계(계피), 숙지황, 생지황)",,"대나무 연잎밥, 산채비빔밥과 잘 어울린다.",Y,농업회사법인㈜신선,충북 청주시 상당구 것대로 5 1층,https://smartstore.naver.com/sinseon,
팔팔막걸리,"팔팔막걸리는 특 등급의 김포금쌀만을 사용해서 빚으며 감미료 없이 만들어졌다. 발효곡주 고유의 부드러움, 은은한 단맛, 산미가 어우러져 시트러스",6,750ml,"정제수, 쌀(김포산, 김포금쌀), 국, 산도조절제, 효모, 밀함유",,"살라미 크래커, 매콤한 오리 주물럭이나 제육볶음, 두루치기와 잘 어울린다.",Y,팔팔양조장,경기도 김포시 김포대로1216번길 84-74,https://smartstore.naver.com/88yangjojang,
하얀까마귀,오산의 시조인 까마귀를 모티브로 고두밥을 세번 쪄내어 덧술한 제조 방식인 삼양주로 빚은 고급 탁주이다. G마크 인증을 받은 오산지역 특산품인 ,8,850ml,"물, 쌀(국내산), 국, 효모 (밀 함유)",2022 찾아가는 양조장,"모듬전이나 홍어무침, 매콤한 쭈꾸미, 낙지, 오징어 볶음 등과 함께 마시면 좋다. 가볍게 즐기고 싶다면 담백한 크래커나 치즈도 잘 어울린다.",Y,오산양조,경기도 오산시 시장길 63,https://www.osansool.com/,
고흥유자주 12,"고흥유자주는 100% 고흥유자, 고흥쌀로 빚은 살균 약주로 고흥지역 특산주로, 유자 특유의 상큼함과 달콤함이 느껴지는 &#039;고유&#039",12,500ml,"쌀(고흥산), 입국(쌀), 유자(고흥산), 누룩, 정제효소, 효모, 정제수, 원당",,"해산물, 생선회, 비스킷, 크림빵",Y,어떤하루,전라남도 고흥군 도양읍 목넘가는길 52-5,www.eotteonharu.com,
매화깊은밤,국산 쌀과 국산 매실로 빚은 과실약주이다. 백제명가주조가 새롭게 선보이는 &#039;밤&#039; 시리즈의 첫번째 술이다. 한겨울의 매서운 추,8,375ml,"쌀(국산), 매실(국산), 누룩(국산)밀〮함유, 정제효소제, 효모, 설탕, 조제종국, 정제수",,"불고기 쌈밥, 보쌈",Y,백제명가주조,충청남도 서천군 한산면 충절로 1133,https://smartstore.naver.com/baekje2012,
보리수헤는밤,국산 쌀과 국산 보리수로 빚은 과실약주이다. 홍국쌀로 붉은색 누룩곰팡이를 발효시켜 만든 홍국이 들어갔다. 백제명가주조가 새롭게 선보이는 &#0,8,375ml,"쌀(국산), 보리수(국산), 매실(국산), 홍국쌀, 누룩(국산)밀〮함유, 정제효소제, 효모, 설탕, 조제종국, 정제수",,"양념불고기, 양념치킨",Y,백제명가주조,충청남도 서천군 한산면 충절로 1133,https://smartstore.naver.com/baekje2012,
복단지,깔끔한 복분자전통주로 복분자 열매를 갓 딴듯한 싱그러움과 부드러운 맛이 인상적이다. 국내산 싱싱한 복분자를 넣었으며 복분자의 달달함과 약주 특,14,350ml,"쌀(경기미), 정제수, 복분자(국내산), 누룩(국내산 밀 함유)",2021 찾아가는 양조장,"장어, 돼지갈비찜, 통닭, 샐러드",Y,술아원,경기 여주 점봉길 93-12,http://soolawon.co.kr/,
오 마이 갓,전통주 삼양춘 브랜를 빚는 송도향 전통주조의 제조 기술과 미슐랭 1스타 에빗 레스토랑의 조셉&amp;대니얼 셰프의 레시피로 빚어난 첫 번째 프,14,500ml,"정제수, 쌀(국내산), 입국, 전통누룩(밀), 백설탕, 백목련꽃잎, 효모",,"닭 백숙, 들깨 수제비",Y,삼양춘,"인천광역시 남동구 호구포로 50, 8층 819-1호",http://samyangchoon.com/index.html,
일엽편주,꽃술에 들어간 꽃은 시들거나 다치지 않게 하나 하나 손으로 수술을 정리해 세척한 뒤 빚은 술이다. 꽃술은 혀끝에서는 꿀 향이 코끝에서는 아카시,15,375ml,"찹쌀, 멥쌀(국내산), 누룩, 정제수, 밀 함유",,"목이 모르파세, 삼색전",Y,농암종택 전통주,경상북도 안동시 도산면 가송길 162-176,http://www.ellyeoppyunjoo.com/,
일지춘,약주의 달콤함과 풍미를 느낄 수 있는 감칠맛 일지춘과 상큼한 맛이 입안을 휘감아 신선함을 즐길 수 있는 상큼한 맛 일지춘 두가지가 있으나 지금,15,375ml / 500ml,"철원오대쌀(국내산), 찹쌀(국내산), 누룩(국내산 밀), 정제수",,"족발, 한치회, 도미찜",Y,노금주가,강원도 철원군 동송읍 금학로 31-72 동송농공단지,https://smartstore.naver.com/woochang2016,
주교주,주교주는 살균처리를 하지 않은 술이며 누룩향이 살아있고 단맛과 신맛의 밸런스가 잘 잡혀있는 생약주이다. 배다리도가에서 함께 보내드린 &#039,16,500ml,"쌀(국내산), 누룩, 정제수, 정제효소, 효모",,"닭갈비, 사천 탕수육",Y,배다리도가,경기도 고양시 덕양구 화신로 168 (행신동) 햇빛마을 21단지,https://www.baedaridistillery.com/,
지란지교 약주,"순창 지란지교 프리미엄 약주는 순창에서 재배되는 순창 햅찹쌀을 사용해 생산되는 순창의 지역특산주이며 무감미료, 무첨가 프리미엄 약주이다.",17,375ml / 500ml,"찹쌀멥〮쌀(국내산), 전통누룩(국내산 밀), 정제수, 밀함유",,"오징어초무침, 고등어김치찜, 연어포케",Y,(유)친구들의술지란지교,전라북도 순창군 순창읍 순창7길 5-1,https://smartstore.naver.com/limsugzu,
루드베리,로컬 딸기로 시작하여 상큼한 바질로 마무리되는 탄산 톡톡 Strawberry Cider. 로컬 사과와 달콤한 딸기에 더해진 스파클링의 경쾌함을,4.5,750ml,"사과즙(국산), 정제수, 딸기퓌레(국산), 건조레몬그라스(국산), 탄산가스, 동결건조딸기분말(국산), 바질잎, 사과산(산도조절제), 효모, 메타중아황산칼륨(산화방지제), 아황산류함유",,"너무 달지 않은 호두파이, 사과파이, 딸기파이와 마시기 좋은 술이다.",Y,댄싱사이더 컴퍼니,충청북도 충주시 중앙탑면 인담길 35-1,https://www.dancingcider.com/,
52C,오이처럼 cool 하게 즐기는 싱싱한 오이 증류주. 예전에 유행했던 소주에 오이를 넣어 마시는 오이소주를 떠올리며 만든 술이다. 오이를 소주에,17.5,500ml,"정제수, 주정, 증류식소주원액, 오이",,곱창구이,Y,,,,
각시탈,국내산 쌀 100%로 만든 700년 전통의 증류식 안동소주로 부드럽고 깔끔하여 숙취가 적다. 화학첨가물이 전혀 들어가지 않아 안심하고 먹을 수,45,200ml,"쌀증류원액(쌀: 국내산), 정제수, 발효주정",,,Y,명품안동소주,경상북도 안동시 풍산읍 유통단지길 124-34,https://andongsojump.com/,
금설,금가루가 술과 섞여 금싸라기 눈이 내리는 듯 온화하고 따뜻한 순수 100% 증류주이다. 거친맛을 내는 상압증류 방식에 비해 첫 맛은 부드럽고 ,35,375ml,"쌀(국내산)증류원액, 금박(순도97%), 기타과당",,"닭도리탕, 해물찌게",Y,금산인삼주양조장,충청남도 금산군 금성면 파초길 23 (금산인삼주) 1층,https://www.insamwine.com/shop/main/index.php,
달홀진주25,전통방식증류의 무감비 순수 증류주. 레몬이나 라임을 띄워 얼음과 함께 칵테일 해서 마시면 더욱 좋다.,25,375ml,"정제수 증류원액(쌀: 국내산), 국, 효모, 정제효소제",,"민물매운탕, 한우",Y,농업회사법인 달홀주조,강원도 고성군 간성북로 42번길 5,http://dalholju.com/,
달홀진주40,전통방식증류의 무감비 순수 증류주. 레몬이나 라임을 띄워 얼음과 함께 칵테일 해서 마시면 더욱 좋다.,40,375ml,"정제수 증류원액(쌀: 국내산), 국, 효모, 정제효소제",,"양꼬치, 곱창",Y,농업회사법인 달홀주조,강원도 고성군 간성북로 42번길 5,http://dalholju.com/,
로아19레드,로아를 만드는 한방울 한방울의 시간은 한국적인 정성스러움을 로아의 맑고 투명함은 비움과 여유 그리고 풍류를 의미합니다. 사과를 사용하여 술의 ,19,350ml,"사과소주원액(사과(국내산), 설탕, 효모, 메타중아황산칼륨(산화방지제), 셀룰라아제), 정제수",,,Y,배혜정도가,경기도 화성시 정남면 서봉로 835,http://www.baedoga.co.kr/,
로아19옐로우,로아 19도 옐로우는 국내산 쌀과 배를 원료로 사용하여 빚은 술을 상압동 증류기를 통해 증류하여 장기간 숙성한 제품입니다. 흰 빌깔의 이슬이라,19,350ml,"배소주원액(배(국내산), 쌀(국내산), 물, 효모, 국, 젖산), 물",,"오돌뼈, 숯불 닭발, 훈제오리",Y,,,,
로아40퍼플,로아를 만드는 한방울 한방울의 시간은 한국적인 정성스러움을 로아의 맑고 투명함은 비움과 여유 그리고 풍류를 의미합니다. 포도를 사용하여 고도주,40,350ml,"포도소주원액(포도(국내산), 효모, 설탕, 메타중아황산칼륨(산화방지제), 정제수",,,Y,,,,
로아19화이트,로아를 만드는 한방울 한방울의 시간은 한국적인 정성스러움을 로아의 맑고 투명함은 비움과 여유 그리고 풍류를 의미합니다. 쌀을 사용하여 고도주의,19,350ml,"물, 쌀소주원액(쌀(국내산), 국, 효모, 젖산, 물), 주정, 벌꿀(국내산, 천연), 아카시아향(합성착향료)",,"연포탕, 조개탕",Y,,,,
로아40화이트,로아를 만드는 한방울 한방울의 시간은 한국적인 정성스러움을 로아의 맑고 투명함은 비움과 여유 그리고 풍류를 의미합니다. 쌀을 사용하여 고도주의,40,350ml,"쌀소주원액(쌀(국내산), 물, 국, 효모, 젖산), 물, 주정, 벌꿀(국내산, 천연), 아카시아향(합성착향료)",,"허브솔트 삼겹살, 스테이크, 곱창, 육사시미",Y,,,,
선비 진,부드러운 단맛을 위해 맵쌀이 아닌 100% 찹쌀을 사용하여 조선시대 때의 방식으로 찹쌀가루를 내서 범벅으로 덧술을 빚어서 만든 술이다. 찹쌀이,48,375ml,"진증류원액, 찹쌀(국내산), 감귤(국내산)",,,Y,농업회사법인 토끼소주,충청북도 충주시 엄정면 신만리 105-3,https://tokkisoju.com/,
소여강 25%,프리미엄 술들이 선택한 단식증류방식으로 2번 내린 증류주. 추연당만의 여과기법과 숙성을 통해 저도수 증류주에서 느낄 수 없는 탁월한 밸런스를 ,25,375ml,"쌀증류주원액(국내 여주쌀), 정제수",,"양념갈비, 미나리삼겹살",Y,추연당,경기도 여주시 가남읍 금당리길 1-111,https://smartstore.naver.com/chuyondang,
아리아리,,40,500ml,"정제수, 과실주증류주원액(정제수, 오가피열매: 정선산, 설탕, 효모)",,"복어 지리, 도다리쑥국",Y,정선명주,강원도 정선군 북평면 송석길 146-7,https://ararisool.modoo.at/,
엄청주,맑은술 엄나무주 엄청주는 자연친화적이며 양기의 상징인 대표적인 술로 3개월 이상을 숙성시켜 만들었다. 담금주 치고는 비교적 알코올 도수가 낮지,18,360ml,"엄나무(국내산), 천일염, 토종꿀(국내산), 정제수",,"돼지김치찌게, 해물 버섯 전골",Y,삼오식품,대구광역시 달서구 성서서로48길 24 1층,https://smartstore.naver.com/chamwoori,
유기농 이도 32,친환경 유기농 쌀로 빚은 술로 젊은 세종대왕 이도가 32년간 재위함을 기린 전통 소주이다. 최초의 유기가공인증 증류주로 말걸리형 전통주이며 끝,32,375ml,"물, 증류원액(유기농 쌀, 국내산)",,"복지리탕, 우수육, 어복쟁반",Y,조은술 세종,충북 청주시 청원구 사천로 18길 5-2,http://www.joeunsulsj.co.kr,
일엽편주,상압증류 후 무여과 병입하였으며 고소함과 감미가 풍부하며 부드러운 맛과 향이 난다. 시간이 지날수록 깊이와 기품있는 향이 더해지는 술이다.,38,375ml,"찹쌀, 멥쌀(국내산), 누룩, 정제수, 밀 함유",,,Y,농암종택 전통주,경상북도 안동시 도산면 가송길 162-176,http://www.ellyeoppyunjoo.com/,
죽향41,담양의 친환경쌀을 우리 전통의 소주 제조기법으로 1~3년 저온숙성을 통해 만든 41도의 프리미엄 증류소주. 특유의 향과 깔끔한 맛이 특징이다.,41,375ml,"정제수, 쌀(국내산), 벌꿀, 조제종국, 정제효소, 젖산",,"홍합탕, 오뎅탕",Y,죽향도가,전라남도 담양군 담양읍 외다길 30,http://jhdg.co.kr/,
추사백25,사과를 발효하여 진공저온 증류한 소주형태의 사과증류주이다. 증류 후 일체의 주정이나 감미료를 넣지 않아 사과의 은은한 풍미가 느껴지며 증류 과,25,350ml,"증류원액(사과증류원액, 사과: 국내산), 정제수",,"생갈비, 지리탕",Y,예산사과와인,충남 예산군 고덕면 대몽로 107-25,http://www.chusawine.com,
필,"여주에서 난 고구마를 손질해 발효시킨 뒤, 발효가 끝나면 술지게미를 걸러 통 증류기를 이용해 상압식으로 추출해 오랜 숙성을 거치면 고구마증류주",25,375ml,"고구마증류원액(고구마여주산), 정제수",,"홍합탕, 오뎅탕",N,술아원,경기 여주 점봉길 93-12,http://soolawon.co.kr/,
배도가 심플리 애플,소주 특유의 향미에 신선한 사과즙의 싱싱함과 상큼함을 벌꿀의 달콤함으로 감싸 안은 제품으로 고도주의 소주가 부담스러운 분들도 편안하게 즐기실 ,12,350ml,"정제수, 사과즙(국산), 쌀(국산), 벌꿀(국산), 천연향료(사과향), 구연산, 국, 효모, 비타민C, 밀함유",,"광어회, 냉채족발, 참소라",Y,,,,
타락40,국내 최초 우유 증류주. 타락은 우유(소나 양 등의 동물의 젖 또는 이것을 정련해서 만든 음식)를 의미한다. 우유를 원료로 만든 술이라는 의미,40,200ml / 375ml,"증류원액(국내산 우유), 정제수",,"살라미, 똠양꿍, 그린커리",Y,우유로 만든 증류주 타락,경기도 고양시 일산동구 백마로 195 (엠시티타워&amp;엠시티오피스텔) 상가동 지하1층 B1156호,https://smartstore.naver.com/corevest,
서설,최고의 경기미인 용인 백옥쌀을 사용하고 국내에서 평지고도가 가장 높은 분수령의 지하 120m의 약알칼리성 청정수를 이용하여 맛이 부드럽다. 눈,13,375ml,"쌀(국내산 경기미), 쌀누룩(국내산 경기미 조제종국)주정, 설탕, 구연산, 효모, 정제수",,,Y,술샘,경기도 용인시 처인구 양지면 죽양대로 2298-1,http://www.sulseam.com,
한강의설레임,"한강하구 김포평야에서 생산된 5천년 전통 김포쌀이 들어간 술로 인공첨가물이 전혀 없는 쌀, 물, 누룩, 효모만으로 무증자, 생쌀발효기법으로 만",11,600ml,"쌀(김포산), 개량누룩, 효모, 정제수",,진하고 부드러워 매콤한 안주와 잘 어울린다.,Y,김포도가두두,경기 김포시 양촌읍 김포대로1759번길 33-41,https://smartstore.naver.com/dogadudu,
매화마름,매화마름 맛술은 멸종위기 식물 매화마름을 보존하는 한국 내셔널 트러스트의 &amp;#039;매화마름쌀&amp;#039;로 빚는 술이다. 세계 ,14,375ml,"물, 유기농 갈색설탕(필리핀산), 유기농쌀(국내삼), 국, 효모, 산도조절제, 잔탄검(밀함유)",,,Y,배혜정도가,경기도 화성시 정남면 서봉로 835,http://www.baedoga.co.kr/,
곤드레생막걸리,국내산 쌀과 메밀로 빚은 생막걸리로 메밀쌀로 빚어 메밀향이 그대로 살아있다. 산나물 자생에 최적지인 강원도 정선의 대표 나물인 곤드레를 첨가한,6,750ml,"백미(국내산), 감자(정선산), 곤드레(정선산)",,곤드레나물을 안주로 즐기기 좋다.,Y,정선명주,강원도 정선군 북평면 송석길 146-7,https://ararisool.modoo.at/,
도구막걸리,도구 막걸리는 1955년 도구양조장이 설립되면서 처음으로 만들어진 막걸리이다. 양조장이 위치한 포항시 남구 동해면이 옛 지명으로는 도구리라서 ,6,750ml,"밀(외국산), 쌀(국내산, 외국산), 물엿, 효모, 조제종국, 정제효소제, 아스파탐, 젖산",,적절한 단맛과 산미를 가지고 있어 양념이 많이 된 생선 조림과 잘 어울린다.,Y,동해명주,경상북도 포항시 남구 동해면 일월로 51-1,https://yangjo.com/,
달 1614 스위트와인,"달1614는 덕유산 자락에서 달과 함께 맛있게 익어가는 머루와 포도를 보며 덕유산 밤, 달빛과 함께 사랑하는 연인과 또는 동반자와 함께 와인을",12,750ml,"머루(국내산), 포도(국내산), 설탕, 메타중아황산칼륨(산화방지제), 효모",,"과일, 치즈와 함께 먹으면 머루와인의 풍미를 더욱 잘 느낄 수 있다.",Y,,,,
베리와인1168 스위트와인,베리와인은 영동의 캠벨포도로 빚은 와인이다. 도수는 13도로 그리 낮지 않지만 알코올의 탁 치는 맛보다 포도의 달콤새콤한 맛과 향이 강해 부담,13,500ml,포도 87%,,삽겹살과 치즈와 어울린다.,Y,블루컴퍼니,충청북도 영동군 양산면 호탄길 53-23,http://www.블루와인.kr,
베베마루 설레임 로제 스위트와인,"아주 투명한 가넷 보석과 같은 붉은 컬러에 체리, 딸기 등의 과실 향이 느껴진다. 장미 등의 꽃잎 향도 느낄 수 있고 포도를 탁 터트린 듯한 ",12,375ml / 750ml,포도(캠벨얼리 100%),,"달콤한 디저트류(케이크, 마카롱, 크래커 등)와 어울린다.",Y,월류원 오드린,충청북도 영동군 황간면 남성동3길 4-14,https://eaudelune.modoo.at/,2016 우리술품평회 과실주부문 우수상
샤토미소 아이스와인,"도란원만의 독창적인 고농축, 아이스 제조기법으로 포도의 당을 동결, 추출, 발효하여 포도의 풍부한 향과 꿀맛같은 달콤함을 그대로 함축시킨 긴 ",12,375ml,"포도(국내산100%), 메타중아황산칼륨, 소르빈산칼륨, 효모",2019 찾아가는 양조장,디저트류 단맛의 의외로 없어서 식중주로 활용되기 좋다. 다만 탄닌감은 적어서 기름진 스테이크 및 육류보다는 더덕구이나 버섯구이 등 좋은 향을 ,Y,도란원,충청북도 영동군 매곡면 옥전리 825-1,http://xn--hg3b13gpoq4muubvz4a.kr/,
샤토미소 웨딩 자두와인,"저온 발효 숙성으로 살며시 은은하게 자두의 향을 녹이고 연한 오렌지 색상과 자두 특유의 새콤, 달콤, 상큼 향미가 좋은 와인으로 청량감과 산미",12,375ml / 750ml,"자두(국내산100%), 메타중아황산칼륨, 소르빈산칼륨, 설탕, 효모",2019 찾아가는 양조장,"디저트 , 간이 쎄지 않은 음식과 함께 먹는 걸 추천한다.",Y,도란원,충청북도 영동군 매곡면 옥전리 825-1,http://xn--hg3b13gpoq4muubvz4a.kr/,
세인트하우스 모과와인,친환경 농법으로 재배한 모과로만 만든 최상의 와인으로서 그 맛과 향이 우수하다. 탄산은 없으며 적절한 당도와 바디감이 느껴진다.,12,500ml,모과 80%,,"스테이크 등 양식류, 치즈 등 간단한 안주류와 어울린다.",Y,해미읍성딸기와인,충청남도 서산시 고북면 산직마을길 85,https://smartstore.naver.com/strawberrywine,
세인트하우스 살구와인,살구 80%의 함량을 자랑하는 살구와인은 달콤하고 향긋하게 입안에 퍼진다. 살구 또한 친환경 농법으로 직접 재배하여 사용하며 충분히 달콤하다가,12,500ml,살구 80%,,각 재료의 과실의 맛이 살아있어 디저트와인으로도 손색이 없지만 육즙이 흐르는 스테이크와도 좋다. 기름진 음식을 과일 맛으로 깔끔하게 씻어주며 ,Y,해미읍성딸기와인,충청남도 서산시 고북면 산직마을길 85,https://smartstore.naver.com/strawberrywine,
소계리 595 스위트 레드와인,충청북도 영동지역에서 직접 재배한 당도 높은 포도로 와인을 만들어 고유의 향과 맛이 뛰어나다. 와인을 잘 드시지 않거나 쓴맛이 싫으신 분들도 ,12,750ml,"포도(국내산), 설탕, 효모, 메타중아황산칼륨",,"부드럽고 당도가 과하지 않아 치킨, 스테이크, 돈까스 등 다양한 육류와 잘 어울린다.",Y,소계리 와이너리,충청북도 영동군 추풍령면 은편길26,https://smartstore.naver.com/sokyeriwine,
P.S 화이트 스파클링,충청북도 옥천 포도연구소와 농촌진흥청에서 육종개발한 화이트 와인 양조용 포도 품종인 청수를 원료로 만든 화이트 스파클링 와인이다. 청포도의 싱,5,750ml,국산포도(영동포도),,"과하지 않은 단맛과 산미가 맛의 축을 담당하고 있으며, 알코올 도수가 5도로 낮은 만큼 좋은 맥주 대용으로 즐기기에도 좋은 와인이다. 청량감 ",Y,시나브로 와이너리,충청북도 영동군 심천면 약목2길 23,,
멜론서리,멜론을 갓 짜내 마시듯 자연스러운 달콤함을 맛볼 수 있는 미디엄 스윗 사이더이다. 첫 맛은 멜론의 달콤함이 맞이하고 끝 맛은 민트의 상쾌함으로,5,330ml,"사과즙(국산), 멜론과즙(국산), 정제수, 건조녹차(국산), 탄산가스, 페퍼민트티, 사과산(산도조절제), 구연산(산도조절제), 효모, 메타중아황산칼륨, 멜론항아황산류함유",,"식전주, 후식주 혹은 야식과 어울린다.",Y,댄싱사이더 컴퍼니,충청북도 충주시 중앙탑면 인담길 35-1,https://www.dancingcider.com/,
신애유자,지역산 꿀과 생강즙에 로즈마리 향과 신안군 천일염으로 마무리되는 밸런스가 일품인 미디움 드라이 사이더이다. 상큼한 유자의 첫맛이 지나고 나면 ,5,330ml / 750ml,"사과즙(국산), 정제수, 벌꿀(국산), 생강즙(국산), 유자과즙(국산), 탄산가스, 로즈마리티, 사과산(산도조절제), 구연산(산도조절제), 천일염, 메타중아황산칼륨, 효모아황산류",,"떡볶이, 양념치킨와 페어링하기 좋다.",Y,댄싱사이더 컴퍼니,충청북도 충주시 중앙탑면 인담길 35-1,https://www.dancingcider.com/,
포엠 로제와인,"옅은 핑크빛이 도는 스위트 와인으로, 장미향이 은은하게 나는 달콤한 디저트와인이다. 당도와 산도의 밸런스가 좋아 깔끔하고 뒷맛이 좋은 와인이다",12,750ml,"포도, 설탕, 효모, 메타중아황산나트륨, 소르빈산칼륨",,"단맛이 많은 만큼 식중주보다는 식전 주나 식후 주를 추천하고 싶으며, 드레싱 없이 생야채만 함께 즐긴다면 이 와인의 특징을 느낄 수 있을 것이",Y,갈기산농업회사,충북 영동군 학산면 모리1길 4,https://smartstore.naver.com/galgisanwine,2019 우리술 품평회 과실주부문 우수상
포엠 화이트와인,"청수와 나아이가라를 블랜딩하여 만든 세미 스위트와인으로, 청포도의 새콤하면서도 깔끔한 맛과 향이 부드럽고 달콤하며 균형감이 좋다. 옐로 다이아",12,750ml,"포도, 백설탕, 효모",,"와인 맛을 잘 느끼고자 담백한 요리를 추천한다. 주로 바닷가 요리와 잘 어울릴 수 있으며, 담백한 광어, 우럭 및 조개찜 등과도 좋은 조합을 ",Y,갈기산농업회사,충북 영동군 학산면 모리1길 4,https://smartstore.naver.com/galgisanwine,
끌로너와 스위트와인,"끌로너와 와인은 너와마을 주민이 직접 재배한 유기농, 무농약 머루로 정성스럽게 빚은 고급 와인이다. 강하게 밀려오는 향기와 진하고 순수한머루에",12,750ml,머루,,"가볍고 스윗한 와인으로 부드러운 맛이 특징이라 테이블 와인, 디저트 와인으로 적합하다. 가볍게 치즈나 스낵과 함께 즐기기 좋다.",Y,너와마을영동조합,강원도 삼척시 도계읍 문의재로 1274,https://smartstore.naver.com/neowavillage,
고도리 로제와인,"화사한 핑크빛 색감이 예쁜 로제 와인으로, GAP인증을 받은 거봉 포도를 10월 중순에 수확하여 포도 껍질을 2일 동안 주스에 침용하였다가 껍",12,375ml / 750ml,거봉 포도,2018 찾아가는 양조장,연한 핑크빛을 띄어 여성들이 선호하며 많이 달지 않아 어느 음식에나 어울린다.,Y,고도리 와이너리,경북 영천시 고경면 고도리 494-3,http://고도리와인.com,
고도리 아이스와인(아이스 375),"화려하고 풍부한 단맛의 디저트용 와인으로, 포도 알갱이가 얼어불을 때까지 기다렸다가 와인을 만들기 때문에 다른 와인에 비해 아이스와인은 들어가",12,375ml,,2018 찾아가는 양조장,"과일 케이크, 애플파이 등 디저트와 어울린다.",Y,고도리 와이너리,경북 영천시 고경면 고도리 494-3,http://고도리와인.com,
미르아토 청수 스위트 (화이트)와인,미르아토 청수 스위트 화이트 와인은 국산포도 청수를 직접 초생재배하여 청수만이 가진 상큼함과 향기로움을 최대화 시키고있다. 화려하고 매력적이며,12,750ml,,,"샐러드, 파스타, 생선회와 파전 등과 어울린다.",Y,금용농산,충청북도 영동군 용산면 법화길 5-4,https://smartstore.naver.com/miratto,
미르아토 로제와인,미르아토 로제 스위트는 부드러운 향과 달콤함이 최상인 제품이다. 샤인머스켓을 첨가하여 쓰지 않고 달콤하며 특유의 알코올 냄새가 없어 호불호가 ,12,750ml,켐벨포도 등,,"구운야채, 베이커리, 소시지, 해산물, 닭고기와 페어링하기 좋다.",Y,금용농산,충청북도 영동군 용산면 법화길 5-4,https://smartstore.naver.com/miratto,
볼빨간미자,아름다운 붉은 빛깔로 한 모금 마셨을때 퍼지는 오미자향과 맛이 일품이다. 5가지 맛의 국내산 오미자를 그대로 담아낸 프리미엄 리큐르이다.,16,375ml,"물, 주정, 정백당, 오미자(국내산)",,,Y,,,,
인어교주해적술,"신선한 포도의 새콤한 신맛과 달달함이 톡! 쏘는 탄산과 어우러져 바다의 청량함을 느낄 수 있는 리큐르주이다. 홈술이나 홈파티, 홈바로 가볍게 ",15,360ml,"정제수, 증류원액(쌀, 국내산), 포도당, 포도과육(국내산), 효소처리스테비아, 포도향(합성향료), 구연산(산도조절제), 진주빛색소, 식용색소청색 제 1호(착색료), 이산화탄소",,"가벼운 안주류(치즈,견과류, 샐러드 등), 기름진 음식(피자, 파스타, 스테이크 등)",Y,영덕주조,경북 영덕군 강구면 소월1길 16-10,https://smartstore.naver.com/yeongdeok,
느린마을 약주,"쌀로 발효한 라이스 와인으로, 첫 입에 신선한 산미와 뒤이어 은은하게 퍼지는 단맛이 밸런스가 좋고, 쌀의 깊은 풍미가 메워 기분 좋은 여운을 ",12,700ml,"정제수, 쌀(국내산), 기타과당, 설탕, 국[곡자(밀), 조효소제(밀), 정제효소제], 젖산, 건조효모",2014 찾아가는 양조장,육회 궁합이 좋으며 한식과 잘 어울린다.,Y,배상면주가,경기도 포천시 화현면 화현리 512,https://www.soolsool.co.kr/,
오디여라,"국내산 유기농 오디와 국내 기술로 분리해 낸 토종 베리효모를 사용하여 저온 발효, 오크통 숙성으로 부드럽고 풍부한 오크향을 부여한 술이다.",25,375ml,"오디증류원액(오디:국내산), 정제수, 올리고당",,"육류 및 치즈, 해산물 등.",Y,전주이강주,전북 완주군 소양면 신지송광로 619-12,https://smartstore.naver.com/leegangju,
추사백40 사과 증류식 소주,추사백은 사과를 세척하여 착즙 후 알코올 도수를 높이기 위해 약 8% 당분을 가당하여 30일 동안 발효하여 감압 방식 증류기로 저온 증류한 술,40,500ml,,,,Y,예산사과와인,충남 예산군 고덕면 대몽로 107-25,http://www.chusawine.com,
고도리 징기스칸 브랜디,잘 숙성된 레드와인을 증류시켜 오크통에서 1년간 숙성을 거친 뒤 병입한 제품으로 향긋한 과일향과 깊은 오크향이 조화를 이루어 초주와 말주를 제,40,375ml,,2018 찾아가는 양조장,굴요리 등,Y,고도리 와이너리,경북 영천시 고경면 고도리 494-3,http://고도리와인.com,
산막와이너리 증류주 환희,"산막와이너리의 와인 화몽을 동증류기로 증류, 오랜 시간에 걸쳐 최대한 천천히 증류주를 뽑아내어 맛과 향이 풍부함.",40,375ml,국내산 캠벨얼리 100%,,,Y,산막 와이너리,충청북도 영동군 영동읍 산막골길 31-45,http://www.sanmacwine.com/web/main/,
선비 보드카,,40,750ml,"정제수, 주정, 쌀증류식소주원액",,"장어구이, 맑은 탕",Y,농업회사법인 토끼소주,충청북도 충주시 엄정면 신만리 105-3,https://tokkisoju.com/,
사십오도,두 번 증류한 증류주로 지초가 들어가 깔끔한 맛의 술이다.,45,250ml,"쌀, 효모, 젖산, 옥분, 억새어린순, 지초뿌리, 정제수",,육류 및 생선회,Y,술빚는전가네,경기도 포천시 영북면 산정호수로 322길 28,https://smartstore.naver.com/sooldoga,
육십일도,환갑을 축하하는 의미를 가지고 있는 두 번 증류한 증류주이다.,61,250ml,"쌀, 효모, 젖산, 옥분, 억새어린순, 지초뿌리, 정제수",,육류 및 생선회,Y,술빚는전가네,경기도 포천시 영북면 산정호수로 322길 28,https://smartstore.naver.com/sooldoga,
대관람차,스피어민트 같은 상쾌하고 시원하면서도 참외와 바닐라가 떠오르는 달콤한 풍미를 갖고 있다. 적당한 바디감에 탄산이 없으며 부드러운 질감과 목 넘,12,500ml,,,"골뱅이 소면, 치즈 맛 팝콘, 오렌지 타르트와 잘 어울린다.",Y,두루미양조장 / 구름아양조장,강원도 철원군 동송읍 금학로 31-72 동송농공단지,http://www.doorumi.cafe24.com/index.html,
빨간쌀막걸리,"매력적인 붉은색을 띄면서 복순도가 손막걸리만의 탄산이 그대로 살아있는 홍국쌀 막걸리이다. 울주쌀에 홍국균을 흩뿌려 7일동안 한 번, 복순도가 ",6.5,935ml,,복순도가 X 한율 한정판 막걸리,족발과 잘 어울린다.,Y,복순도가,울산광역시 울주군 상북면 향산리 439,http://www.boksoon.com/,
시향가 미니캔막걸리,"언제 어디서나(여행, 캠핑, 차박, 골프,낚시 등) 가볍게 즐길 수 있는 200ml 캔 막걸리로, 발효를 위한 시간을 계획하여 일정량만 직접 ",8,200ml,"물, 쌀, 건조토란, 젖산, 누룩, 효모, 정제효소제",,,Y,시향가주식회사,전라남도 곡성군 곡성읍 낙동원로 20,https://smartstore.naver.com/sihyangga,
악양생막걸리,지리산 청정수와 국내산 햅쌀 그리고 우리밀 누룩으로 저온숙성하여 빚어낸 다양한 유익균이 살아 숨쉬는 전통주이자 경남 하동의 지역특산주이다.,6,750ml,"정제수, 백미(국내산), 입국(국내산), 누룩(국내산), 조효소제(밀), 젖산(산도조절제), 혼합제제(효모, 덱스트린, 유당), 혼합제제(스테비올 배당체, 덱스트린), 혼합제제(효소:아밀라아제, 효소:글루코아밀라아제, 탄산칼슘, 황산칼슘)",,전류와 육회와 어울린다.,Y,악양주조,경남 하동군 악양면 악양서로 363,https://smartstore.naver.com/akyangjujo,
정감생막걸리,깊은 산골 청정수와 신토불이 하동산 쌀과 찹쌀 그리고 우리밀 누룩으로 장기 저온에서 발효숙성하여 장인의 정성이 빚어낸 한 잔에 오미를 담아 달,6,750ml,"정제수, 백미(국내산), 찹쌀(국내산), 입국(국내산), 누룩(국내산), 조효소제(밀), 미강(쌀겨), 젖산(산도조절제), 혼합제제(효모, 덱스트린, 유당), 혼합제제(스테비올 배당체, 덱스트린), 혼합제제(효소:아밀라아제, 효소:글루코아밀라아제, 탄산칼슘, 황산칼슘)",,,Y,악양주조,경남 하동군 악양면 악양서로 363,https://smartstore.naver.com/akyangjujo,
주홍춘,흑미찹쌀로 빚은 달달하고 향긋한 탁주이다.,10,350ml,"포천쌀, 흑미찹쌀, 전가네이화곡, 연잎, 정제수",,매콤한 요리 및 간단한 안주류,Y,,,,
소백산(샤토소백) 스위트 레드와인,"다른 떼루아 다른 맛과 향기, 소백산자연을 그대로 담은 명품 한국와인이다. 우리나라 캠벨포도 본연의 달콤한 맛과 향 그리고 부드러운 목넘김이 ",12,750ml,국내산포도 100%,,제철과일을 넣은 샹그리아를 만들어 마시면 달콤새콤하게 즐길 수 있다.,Y,산내들 와이너리,경북 영주시 단산면 영단로601번길 64,https://smartstore.naver.com/sobaekwine,
고도리 샤인머스캣 화이트와인,직접 농사지어 GAP인증받은 포도로 10월 중순 포도가 잘 익었을때 수확하여 당일 수확한 포도를 재경파쇄를 거쳐 발효 및 숙성시켜 만든 와인으,10.5,375ml / 750ml,"샤인머스캣99%(국내산), 설탕, 효모, 소브산칼륨, 메타중아황산칼륨",,"망고와 같은 향이나 망고포도로 불리우는 포도로 깔끔하고 상큼한 와인으로 흰살생선, 샐러드, 각종 안주류, 핑거푸드, 기타 육류와 어울린다.",Y,고도리 와이너리,경북 영천시 고경면 고도리 494-3,http://고도리와인.com,
맑은내일 Winery 단감명작,원물 그대로 발효하여 본래의 맛을 최대로 살리며 영양성분 또한 최대로 추출한다. 부담 없이 즐길 수 있는 알코올 도수 7도에 질감도 맛도 가볍,7%,750ml,"단감, 정제수, 설탕, 효소제, 무수구연산, 효모, 무수아황산(산화방지제), 소브산(보존료)",,"식전주로 추천드리며 샐러드와 해산물처럼 가벼운 음식과 추천한다. 케이크, 마카롱과 같은 디저트 등과 함께 드시는 것도 좋다.",Y,농업회사법인 우포의아침 주식회사,경상남도 창녕군 대지면 대지농공단지길 40,http://www.good-tomorrow.co.kr,
삼양춘 스파클링,"삼양춘 약주에 스파클링을 가미하여 향긋한 과실향과 꿀향, 곡물향이 어우러져 조화를 이룬다. 탄산이 주는 청량한 산미 끝에 바닐라향이 맴돈다.",13,500ml,"정제수, 쌀(국내산), 전통누룩(밀), 탄산가스, 효모, 정제효소제",,"카프레제 샐러드, 카나페, 감바스 알 아히요, 디저트",Y,삼양춘,"인천광역시 남동구 호구포로 50, 8층 819-1호 (엘아이지식산업센터)",http://samyangchoon.com/,
에델 미디움 스위트와인,"순수하고 깔끔한 맛과 풍부한 매화향을 느낄 수 있는, 첨가물이 없는 매실와인이다. 맑고 투명한 황금빛의 찬란함을 먼저 눈으로 맛볼 수 있다. ",13,375ml,"매실(100%), 정제수, 정제당, 효모",,순수하고 깔끔한 맛에 더해진 풍부한 매화향을 가진 와인으로 소화에도 좋은 매실이기에 조금 무거운 스테이크 및 소고기와 잘 어울린다.,Y,에델농원,충청북도 단양군 영춘면 별방창원로 896,http://www.wineedel.com/skin_mw1/,
에델 스위트와인,"순수하고 깔끔한 맛과 풍부한 매화향을 느낄 수 있는, 첨가물이 없는 매실와인이다. 술에 약하신 분들에게 추천하는 것으로 단맛을 강하게 느낄 수",13,375ml,"매실(100%), 정제수, 정제당, 효모",,샐러드와 버섯요리와 페어링하기 좋다.,Y,에델농원,충청북도 단양군 영춘면 별방창원로 896,http://www.wineedel.com/skin_mw1/,
아우내,두레앙 고객의 대중화를 위해 출시된 제품으로 포도주 증류주의 향을 보유하면서 알콜도수를 낮추어 보다 부드러운 맛과 알코올의 맛을 내어 누구나 ,20,360ml,"포도주 증류원액, 주정",,"육류, 생선",Y,(주)두레양조,충남 천안시 서북구 입장면 율목길17-6,http://duraean.co.kr/index.html,
오계리 아이스와인,경북 영천에서 직접 재배한 포도로 만든 오계리 와인은 풍부한 과실향과 아름다운 빛을 띄는 프리미엄 와인이다. 초겨울 언 상태의 포도로 만든 아,14,375,영천포도,,"디저트 요리 까나페, 케이크, 아이스크림과 잘 어울린다.",Y,오계리 와이너리,경상북도 영천시 금호읍 오계2리 542-4,https://smartstore.naver.com/ogyeri/,
꽃 와인,"이육사 시인 고장 마을 주민들이 직접 키운 청포도로 생산한 와인으로, 원료로 쓰이는 품종인 &amp;#039;청수&amp;#039;는 국내에서",11.5,"375ml, 750ml",포도(92%(안동 청수 100%)),,"해산물류, 피자, 파스타류와 페어링하기 괜찮다.",Y,264청포도 와이너리,경상북도 안동시 도산면 백운로 157,http://264wine.kr/htm/main.htm,
위 (we)레드 (2018)와인,씨엘 위 레드 와인 2018은 오크향이 베인 나무향과 붉은 과일 맛의 균형감이 좋은 와인이다. 강한 바디감과 함께 당도가 높지 안고 산미와 탄,12,750ml,국내산포도 100%,,고기류와 조화롭게 어울린다.,Y,위 와이너리,경상북도 영천시 금호옵 금호로 386-21,https://smartstore.naver.com/8510770,
인사이더 블루베리,"블루베리가 들어간 애플사이더로, 은은한 블루베리와 사과향을 즐길 수 있다. 눈과 입을 모두 만족시킬 수 있는 은은한 노란빛의 맑고 투명한 사이",3,330ml,"사과, 정제수, 효모, 설탕, 블루베리, 구연산(산도조절제), 합성향료(블루베리향),베리류색소,이산화탄소",,"샌드위치, 치즈와 크래커, 핑거푸드, 해산물 요리 등 다양하게 어울린다.",Y,가나다라브루어리,경상북도 문경시 문경대로 625-1 (유곡동),http://www.ganadara.co.kr/index.php,
딸링 막걸리,다도참주가에서는 개량된 입국의 단조로움을 보완하고 전통누룩의 풍부함을 이끌어내기 위해  손수 입국을 직접 만들어 사용한다. 딸링은 딸기를 듬뿍,5.5,650ml,"물, 쌀, 올리고당, 딸기, 누룩, 조제종국, 효모, 아스파탐(감미료, 페닐알라닌 함유)",,특별한 날 케이크와 같이 새콤달콤하게 즐기기 좋다.,Y,다도참주가,전남 나주시 다도면 신동리 426-6번지,https://smartstore.naver.com/chamjuga/products/5938288887,
"산막와이너리, 초련",산막와이너리의 초련은 산머루와 캠벨의 이상적인 조화로 탄생한 블렌디드 레드와인이다. 독특한 향미와 세련된 밸런스가 돋보이는 와인이다. 스테인레,20,500ml,"포도, 아황산칼륨, 백설탕, 증류주",,"와인만 드시기에도 부담 없으며, 고기 등 육류와 서양음식, 한식과도 잘 어울리는 와인이다.",Y,산막 와이너리,충청북도 영동군 영동읍 산막골길 31-45,http://www.sanmacwine.com/web/main/,"International Wine Challenge 심사위원추천상 수상, London Wine Competition 브론즈상 수상, 대한민국주"
미르아토 증류주 tears of god,"미르아토 증류주 와인은 포도 와인을 증류하여 도수를 높인 증류주로써, 포도의 향과 황금빛 컬러를 강조한 증류주입니다.",40,200ml,포도 등,,,Y,금용농산,충청북도 영동군 용산면 법화길 5-4,https://smartstore.naver.com/miratto/products/5296468532?NaPm=ct%3Dkvruxdq0%7Cci%3D4020622687644b3df2e9374867eee141898d268f%7Ctr%3Dslsl%7Csn%3D730439%7Chk%3D593d255c839837a0a24cd14e58ed37ddefd11547,
김수한무,"김수한무는 한국고량주의 첫 브랜드로 한국인의 무병장수를 기원하는 의미로 만들었다. 한국사람이 한국에서 한국의 수수로 만든 고량주로, 누가, 어",39,375ml,"수수(국내산), 누룩(국내산), 효모(국내산), 정제수",,,Y,한국고량주 농업회사법인,충청북도 영동군 황간면 독점길 13,https://smartstore.naver.com/kokao,
별산오디 스파클링 막걸리,우수한 품질의 양주쌀과 국내산 오디 100%로 만든 막걸리로 짜릿한 천연탄산의 청량감과 상큼한 오디 맛의 조화가 어우러지는 술이다.,6,800ml,"정제수, 쌀(국내산), 당류가공품(원당, 올리고), 오디(국내산), 종국, 효모",,"한식, 양식 등 다양한 요리와 잘 어울린다.",Y,양주도가,경기도 양주시 광적면 부흥로 21번길 60,https://smartstore.naver.com/yangjudoga,
맑은내일 발효막걸리 Signature,프리미엄 막걸리 맑은내일 발효막걸리 Signature 는 한국 전통 누룩으로 빚어 걸쭉하면서 진하고 누룩 함량이 높아 부드럽고 깊은 향이 일품,6.5,930ml,"정제수, 백미(국내산), 누룩, 정제효소, 아스파탐(합성감미료/페닐알라닌함유), 밀함유",5°~10°C의 온도에서 즐기시면 다채로운 풍미를 즐길 수 있다.,"해물파전, 두부김치 또는 떡볶이, 김치전처럼 매콤한 음식과 잘 어울린다.",Y,농업회사법인 우포의아침 주식회사,경상남도 창녕군 대지면 대지농공단지길 40,www.good-tomorrow.co.kr,2022 국제주류대상 탁주-생막걸리 부문 “대상” 수상작
맑은내일 스파클링막걸리 Signature,전체적으로 산뜻한 과일이 떠오르는 풍부한 향과 청량한 느낌의 풍미가 좋다. 맑고 청량한 탄산감이 입안을 상쾌하게 해주며 쌀에서 오는 자연스러운,6,970ml,"정제수, 맵쌀(국내산), 누룩, 정제효소, 아스파탐(합성감미료 / 페닐알라닌함유), 밀함유",2022 찾아가는 양조장,"어느 음식과 마셔도 잘 어울리지만 특히 밀푀유나베나 닭발, 김치전 등 매콤한 음식과 함께 즐기는 것을 추천한다. 치즈 등의 발효식품 및 기름기",Y,농업회사법인 우포의아침 주식회사,경상남도 창녕군 대지면 대지농공단지길 40,www.good-tomorrow.co.kr,
맑은내일 유자,맑은내일 유자는 해풍을 맞고 자란 황금빛 거제도 유자와 국내산 쌀로 빚어 만든 프리미엄 약주이다. 합성 착향료나 인공첨가물을 넣지 않고 최적의,7,735ml,"정제수, 쌀, 입국[쌀], 주정, 유자과즙, 기타과당, 누룩[밀], 효모, 아밀라아제",2022 찾아가는 양조장,"가볍게는 견과류, 디저트류와도 잘 어울리고, 알리오올리오, 연어 샐러드 등에 곁들이는 것을 추천한다.",Y,농업회사법인 맑은내일 주식회사,경상남도 창원시 성산구 삼귀로 411-8  맑은내일,www.good-tomorrow.co.kr,
원소주,원소주는 대한민국 화폐단위인 원과 동전을 메인 모티브로 대한민국 국기인 태극기의 건곤감리를 원안에 배치하여 대한민국 대표 소주가 되고자 하는 ,22,375ml,"물, 쌀(국내산)",,한식과 양식 어떤 음식과도 잘 어울린다.,Y,원스피리츠 농업법인 주식회사,강원도 원주시 지정면 월송석화로 288 나동 1층,https://wonsoju.com/,
한영석 하향주,동의보감에 ‘하향주는 맛이 달고 열을 제거하고 피로와 갈증을 치유한다’고 기록되어 있다. 청량하면서도 깔끔한 맛이 고기의 고소한 맛을 더욱 강,13.8,375ml,"찹쌀, 정제수, 한영석 누룩(향미주국)",,"드레싱을 뿌린 샐러드, 불고기, 붉은살 생선류, 견과류, 약간의 산미와 풍미가 있는 디저트와도 잘 어울린다.",Y,한영석의발효연구소,전북 정읍시 답곡길 66,,
경기백주,우유처럼 흰 술이라는 뜻으로 백주라고 불리기도 하는 막걸리입니다. 맑고 하얀빛깔을 내는 과천도가 경기백주는 멥쌀을 익히지 않고 생쌀 그대로 빚,14,500ml,"정제수, 경기미 햅쌀, 국, 효모",,"명절음식, 치킨 등 기름진 음식과 궁합이 좋습니다.",Y,우리술별처럼 과천도가,경기 과천시 남태령옛길 65 1층,https://soolbyeol.com/,
백구막걸리,"백구, 109 막걸리는 눈처럼 하얀 빛깔과 독특한 향기를 가진 누룩 설향곡으로 빚어진 막걸리다. 수익 중 1.9%를 유기견 보호에 후원하고 있",8,330ml,"쌀. 설향곡(누룩), 시나몬(스리랑카), 벌꿀, 둥글레, 감초",,"두부김치, 육회, 김치삼겹살, 골뱅이, 김치찌개, 오징어볶음, 알리오 올리오 파스타, 햄버거, 피자 와 잘 어울린다.",Y,한통술양조장,경기 동두천시 쇠목길 325-2 한통술 B/D 전관,http://www.hantongsool.com/,
자작막걸리,자작막걸리는 누룩으로 빚은 삼양주 원주에 자작나무 수액을 넣어서 2달 숙성시켜 빚어진 탁주다. 자작나무 수액이 더해져 담백하면서도 깊은 맛의 ,12,500ml,"자작나무 수액, 누룩으로 빚은 삼양주 원주",,잘 삶은 문어숙회와 어울린다.,Y,양온소온양조장,강원도 횡성군 갑천면 청정로매일2길 31 1층,https://www.instagram.com/ricewine_on/,
메들리손막걸리,"쌀과 누룩으로 발효하여 꾸밈없이 수수한 맛을 냈다. 상큼한 향을 따라 고슬한 밥의 향이 은은하게 피어오르며, 진피가 느껴지는 새금하고 쌉쌀한 ",8,375ml,"쌀, 누룩",,"고등어와 전갱이 가타은 기름이 많은 생선과 잘 어울리고, 육전이나 감자전과도 궁합이 좋다.",Y,메들리 주식회사,"경기도 김포시 태장로 741, 361호(장기동)",https://www.ourmedley.com/,
메들리아카시아,"꿀과 물, 효모 만으로 발효하여 순수하고 은은한 풍미가 즐겁습니다. 하얀 꽃, 여린 풀의 상쾌함을 시작으로 청포도, 배의 과즙과 꿀의 단맛이 ",7,375ml,"꿀, 물, 효모",,"오일파스타, 프링글스, 치즈나 살라미, 편육 등과 잘 어울립니다.",Y,메들리 주식회사,"경기도 김포시 태장로 741, 361호(장기동)",https://www.ourmedley.com/,
크라테 자두와인,1년이란 긴 시간동안 숙성기간을 거처 만드는 크라테((kraté)는 와인 매이커의 철학과 고집이 담긴 유기농 빈티지와인이다.크라테 자두와인은 ,8.5,375ml,"자두(국내산) 95.97%, 효모, 설탕, 메타중아황산칼륨(산화방지제)",,"광어 세비체, 토마토 카르파초, 문어 숙회, 지중해 음식과 곁들이는 것을 추천한다.",Y,수도산와이너리,경상북도 김천시 증산면 금곡리 226-1번지,https://smartstore.naver.com/sdsmeru/profile,
고도리 프룬와인,서양자두 프룬으로 만들어진 고도리 프룬와인은 100% 프룬용액을 발효시켜 만들었습니다. -5도에서 냉동시킨 프룬을 압착기를 이용해 씨를 빼낸 ,11.5,375ml,"자두 99.585%, 설탕 0.4%, 효모 0.005%, 메타중아황산칼륨 0.005%, 솔빈산칼륨 0.005%",,음식의 느끼함을 잡아주기 때문에 크림파스타처럼 크림 계열의 음식과 페어링 하기 좋습니다.,Y,,,,
가와지탁주,"가와지탁주만의 묵직한 텍스쳐 속 바나나, 배, 포도껍질, 멜론 등 산뜻한 과일 향까지 느낄수 있다. 특히나 삼양주의 특징을 극대화한 새콤한 사",7.5,500ml,"효모, 입국, 가와지쌀",,파전과 잘어울리며 기름진 음식과 궁합이 좋다.,Y,배다리도가,경기 고양시 일산서구 가좌로 14 201호 배다리도가,https://www.baedaridistillery.com/,
골목막걸리 프리미엄 12,골목막걸리는 SBS 백종원의 골목식당을 인연으로 외식전문가 백종원 대표와 양조연구가 박유덕 사장이 콜라보레이션하여 만들어낸 프리미엄 막걸리이다,12,350ml,"정제수, 쌀(국내산), 국, 효모",,"밸런스 있는 맛에 은은한 단맛과 산미로 어떤 음식과 함께해도 잘 어울리며, 고기와 페어링 하면 좋다.",Y,골목양조장,충청남도 예산군 예산읍 형제고개로 967 다동 3~8호,https://backstreetbrewery.modoo.at/?NaPm=ct%3Dl8ecli9t%7Cci%3Dcheckout%7Ctr%3Dds%7Ctrx%3D%7Chk%3D1b1a6c6712d2cee4ffbf9972c84e2a4cf74daa1e,
김유정역,‘예술’은 전통누룩을 사용해서 빚은 전통주를 만드는 양조장이다. 이번에 예술에서 새롭게 출시한 김유정역은 김유정 소설에서 나온 ‘들병이’의 이,6,300ml,"쌀, 정제수, 밀누룩",,"오리불고기, 파전과 같은 한식과 잘 어울린다.",Y,농업회사법인 예술,강원 춘천시 신동면 풍류1길 6-3,http://ye-sul.com/,
꽃빛서리,"꽃빛서리는 국내산 백미와 국화, 산수유, 매화 등 20가지 생화를 넣어 양조한 밑술을 증류해 만들어진 소주이다. ‘꽃의 향기와 맛이 서리처럼 ",17.2,360ml,"증류원액(백미, 생화20가지, 효모), 정제수, 주정, 결정과당, 구연산, L-아스파라긴산, 효소처리스테비아",,"중국음식처럼 너무 강한 안주와는 어울리지 않으며, 싱싱한 해산물과 페어링하면 좋다.",Y,고창서해안복분자주,전북 고창군 신림면 전봉준로 414-30 고창서해안복분자주,http://www.bokbunjajuwine.co.kr/,
남산둘레길,"남산둘레길 막걸리는 선선한 이른 아침, 이슬 맺힌 소나무 사이로 남산둘레길을 산책하듯 은은한 솔 향이 맴도는 탁주입니다. 감미료를 넣지 않은 ",7.6,750ml,"물, 쌀(국산), 국(밀함유), 솔잎(국산)",,전과 함께 페어링하면 그 맛을 더 잘 느낄 수 있습니다.,Y,이대앞양조장,서울 서대문구 연세로2마길 12 1F,https://www.instagram.com/edaeap.brewery,
너브내스파클링사과와인,"전통방식 그대로 첨가물없이 쌀, 누룩, 물 3가지 재료만 사용하는 눈내린여름밤 막걸리는 찹쌀 로스팅 과정을 통해 곡물의 구수함, 견과류의 고소",8.5,375ml,"사과, 배, 효모, 설탕, 아황산, 수크랄로스, 자일리톨",,"육류와도 잘 어울리고 쿠키, 케이크 같은 디저트와 페어링해도 좋다.",Y,너브내와이너리,강원 홍천군 서면 팔봉산로 811-28 너브내와이너리,http://www.neobeunaewine.com/,
담진주,"담 진주는 백하주 제법을 바탕으로 탄생했다. 멥쌀과 찹쌀을 사용하여 삼양주로 빚고, 5주간의 발효 기간과 4주간의 숙성 기간을 거쳐 톡 쏘는 ",9,500ml,"경기미, 정제수, 우리밀누룩",,"은은한 사과향과 배향, 시트러스향이 잘 어우러지는 술이며 슴슴한 양념의 음식과 잘 어울린다. 특히 옥돔이나 민어 같은 담백한 생선구이, 또는 ",Y,내올담 양조장,경기 성남시 중원구 갈마치로 314,https://smartstore.naver.com/naeoldarm,
담골드,"담 골드는 멥쌀로만 빚고, 5주간의 발효 기간과 10주간의 숙성 기간을 거쳐 완성한다. 드라이하면서 깔끔하고 산뜻한 산미가 어우러져 아름다운 ",12,"경기미, 정제수, 우리밀누룩",500ml,,"단맛이 적어 식사 시간 내내 음식과 함께 즐기기 좋다. 특히 진한 양념의 갈비찜, 신선한 육회나 고소하고 짭짤한 곶감 치즈말이와 잘 어울린다.",Y,내올담 양조장,경기 성남시 중원구 갈마치로 314,https://smartstore.naver.com/naeoldarm,
눈내린여름밤,"전통방식 그대로 첨가물없이 쌀, 누룩, 물 3가지 재료만 사용하는 눈내린여름밤 막걸리는 찹쌀 로스팅 과정을 통해 곡물의 구수함, 견과류의 고소",12,375ml,"쌀, 누룩, 물",,"육류와도 잘 어울리고 쿠키, 케이크 같은 디저트와 페어링해도 좋다.",Y,이대앞양조장,서울 서대문구 연세로2마길 12 1F,https://www.instagram.com/edaeap.brewery,
독도소주,"도소주의 라벨에는 40240이라는 숫자가 적혀 있는데, 이 특별한 숫자는 다름 아닌 독도의 우편번호이다. 이 번호를 통해 동해와 독도가 한국 ",17.3,375ml,"쌀 증류주 원액, 해양심층수, 주정, 에리스리톨, 결정과당, 고과당, 효소처리스테비아",,"뒷맛이 깔끔해서 모든 음식에 잘 어울리지만, 해산물과 함께하면 독도의 푸른 바다를 더욱 잘 느낄 수 있다.",Y,설악프로방스배꽃마을,강원 속초시 이목로 104-49,,
동해소주,2018년 출시된 바다한잔-동해는 맑은 동해의 해양심층수와 국내산 생쌀을 감압증류 하여 전통주의 향미 발효와 여과 기술로 빚어낸 전통주다. ‘,17.5,360ml,"쌀 증류주, 해양 심층수, 주정, 에리스리톨, 결정과당, 고과당, 효소처리스테비아",,"동해는 육회나 소고기구이, 숙성 회와 잘 어울린다.​",Y,설악프로방스배꽃마을,강원 속초시 이목로 104-49,,
바텐더의막걸리,"바텐더의 막걸리는 칵테일을 만들기에 좋은 막걸리다. 막걸리의 특징은 잃지 않는 동시에, 다른 재료들의 특징까지 포용할 수 있는 술이다. 흔히 ",14,500ml,"정제수, 멥쌀, 국, 효모, 기타과당, 물엿, 구연산, 아스파탐",,요거트와 과일 등을 활용해 칵테일을 만들어 드시면 좋다.,Y,술담화,"서울특별시 서초구 강남대로 527, 10층(브랜드칸타워, 술담화)",https://www.sooldamhwa.com/,
뱁새,"프리미엄 소주 ‘뱁새’는 이쁜꽃양조장과 옥순가 양조장이 함께 만든, 기존 출시했던 16도 약주 ‘황새’를 증류한 하이볼 전용 소주다. 입안을 ",23,375ml,"쌀, 찹쌀, 모싯잎, 생강, 구절초",,고기와 기름진 음식과 잘 어울린다.,Y,이쁜꽃양조장,서울시 중구 퇴계로197 충무빌딩 206호,https://www.instagram.com/official.epkkot/,
보석막걸리,"크래프트 막걸리를 만드는 도심 속 양조장 보석양조 막걸리 입니다.고소한 향이 나며, 끝 맛이 깔끔합니다.",12,500ml,"정제수, 쌀(국내산), 국, 효모",,"어떤 음식에도 잘 어울리지만, 양갈비, 문어숙회 등 고기나 해산물과 함께 하면 좋습니다.",Y,보석양조장,서울 성북구 보문로 44 1층,https://www.instagram.com/bosuk_brewery/,
행복한 상상 쵸코맛,"전통주에서 흠히 느껴보실 수 있는 과실주와는 달리 지금까지 느껴본적없는 초코의맛이 나는 전통주, 달달하면서 부드러운 맛에 초코라는 호불호 없는",15,300ml,"정제수, 정수, 사과(국내산), 복숭아(국내산), 포도과육,(국내산), 카카오",,"케이크, 스무디 같은 달달한 디져트와 곁들으면 잘 어울린다.",Y,영덕주조,경북 영덕군 강구면 소월1길 16-10,https://ydjujo.co.kr/new/,
붉은진주머루와인,서양에서는 오래전부터 포도와인을 마셨듯이 우리나라에서는 신라시대 때부터 산에서 자라는 야생 포도인 머루를 발효하여 머루주를 마셨다고 한다. 우,12,750ml,"머루, 정백당, 아황산칼륨, 소르빈산칼륨",,단맛과 신맛의 균형이 좋은 붉은진주 머루와인은 옅은 타닌에 의한 떫은맛 때문에 스테이크와 잘 어울린다.,Y,붉은진주,전북 무주군 안성면 덕유산로 482 머루와인공장,http://www.mujuwine.co.kr/,
빡치주,빡치주는 토종 OTT 왓챠가 ‘좋좋소’ 콘텐츠 속 제품을 구현하여 출시한 전통주다. 전통주 전문 기업 술샘 양조장과 함께 선보인 빡치주와 개빡,25,375ml,"증류원액(쌀 국내산 100%), 정제수",,목 넘김이 부드러운 빡치주는 감칠맛 있는 한식은 물론 중식과 잘 어울린다.,Y,술샘,경기도 용인시 처인구 양지면 죽양대로 2298-1,http://www.sulseam.com,
아홉쌀,"알코올 9%,  일곱쌀보다는 바디감이 더 생기고 살짝 달콤한 맛이 둥글게 지나간다. 크리미하면서도 경쾌한 질감이 느껴지며 쌀 본연의 향이 더 ",9,500ml,"정제수, 멥쌀(국내산), 국, 효모",,"감자탕, 돼지불백, 삼겹살, 김치볶음, 코다리찜 등 맛이 강한 음식과도 잘 어울린다. 또한 견과류, 나물 반찬, 젓갈, 샤퀴테리, 크림치즈 등",Y,한아양조,서울 서초구 동광로1길 95 팔팔빌딩 101호,https://hanayangjo.com/,
연희유자,‘연희유자’는 알코올 도수가 높고 강한 쓴맛과 아로마 향이 특징인 IPA 맥주를 재해석했다. 연희유자는 찹쌀과 멥쌀로 두 번 빚는 호산춘 제조,10,375ml,"멥쌀, 찹쌀, 유자",,기름지거나 비린 음식과 페어링하면 막걸리의 맛을 더욱 잘 느낄 수 있다.,Y,같이양조장,서울 마포구 양화진4길 17,https://www.instagram.com/togetherbrewery/,
마크홀리 오리지널 6.0,마크홀리 오리지널 6.0은 누룩을 쓰지 않고 만든 것이 특징으로 낮은 단백질 함량 뿐만 아니라 은은한 쌀 향을 가지고 있다. 막걸리 특유의 탁,6,650ml,"정제수, 살(김포산), 국, 산도조절제, 효모",,파전과 잘어울리며 기름진 음식과 궁합이 좋다.,Y,어메이징브루잉컴퍼니,서울 성동구 성수일로 39,https://www.amazingbrewing.co.kr/,
열대야,서울 문래동의 작은 양조장 ‘날씨양조장’에서는 다양한 날씨에 맞는 막걸리를 생산한다. 쌀을 기본으로 하면서 부재료인 제철 과일 맛과 향이 돋보,9,750ml,"쌀. 찹쌀, 누룩, 망고, 레몬, 정제수, 밀함유",,산미가 있는 만큼 가벼운 안주와 페어링하면 좋다.,Y,날씨양조장,서울 영등포구 도림로125가길 4-4 골목길 파란대문,https://www.instagram.com/weather_brewery/,
옹근달 본막걸리,"강화섬 쌀 100%, 물, 누룩만을 사용하여 밑술과 덧술을 다섯번 반복하는 오양주 기법으로 정성스럽게 빚었다. 크림을 가득 머금은 듯한 질감과",15,375ml,"쌀(강화섬 쌀), 정제수, 누룩",,닭볶음탕과 함께 했을 때 텁텁하게 느껴질 수 있는 닭 살코기의 부분을 깨끗하게 잡아주어 잘 어울린다.,Y,옹근달양조장,인천 남동구 백범로 176 3층(엄에스빌딩),https://www.instagram.com/onggendal/,
청혼골드,"청혼 골드는 제이앤제이 브루어리에서 만드는 청혼 시리즈 4종중 과하주이다. 풍부한 과일향, 부드러운 산미, 과하지 않은 단맛, 묵직한 바디감,",19.5,375ml,"경기미(용인백옥쌀), 밀누룩, 국, 효모, 증류소주",,"호박죽, 호두말이 곶감 등 단 음식이나 양념 맛이 세지 않은 육류, 생선류와 잘 어울린다.",Y,제이앤제이브루어리,경기 용인시 처인구 양지면 남평로 114,http://jjbrewery.co.kr,
치키피치,국산 사과를 착즙한 후 발효시켜 만든 사과 발효주인 ‘애플사이더’를 기반으로 국산 복숭아즙을 더해 인위적이지 않고 자연스러운 복숭아 향을 느낄,4.6,330ml,"사과즙, 정제수, 복숭아즙, 벌꿀, 복숭아티, 사과산, 구연산, 효모, 메타중아황산칼륨, 아황산류 함유",,콤한 디저트 외에도 가벼운 바디감에 치키피치는 초밥을 만났을 때 생선 특유의 풍부한 질감과 감칠맛을 더해줍니다.,Y,댄싱사이더컴퍼니,충북 충주시 중앙탑면 인담길 35-1,https://dancingcider.com/,
탁112클래식,"탁112 클래식은 인천 지역을 기반으로 강화도 쌀과 물로 빚은 단양주이다. 감미료가 들어가지않아 쌀 본연의 단맛을 살리고, 막걸리 특유의 산뜻",12,750ml,"정제수, 찹쌀, 국, 효모, 밀함유",,밸런스가 좋은 탁112 클래식은 소고기 야채 볶음 등 볶음요리와 페어링하면 좋다.,Y,탁브루,,https://www.instagram.com/taak_brew/,
호호막걸리,드시는 모든 분들이 항상 ‘하하호호’ 행복하기를 바라는 마음을 담은 호호는 4대째 술을 빚고 있는 ‘중원당’의 단호박 막걸리이다. 밑술은 구멍,9,375ml,"정제수, 찹쌀(국내산), 멥쌀(국내산), 단호박(국내산), 누룩(국내산), 밀함유",,전과 두부 등 간이 약한 음식과 함께 곁들여 먹으면 잘 어울린다.,Y,중원당,충북 충주시 가금면 창동리 243,http://www.청명주.com/,
강냉이 막걸리,"용두산 조은술 양조장은 충북 제천에서 100년의 시간 동안 술을 빚었다. 긴 시간동안 쌓아온 노하우를 막걸리, 약주 등 전 주종 제품에 적용하",6,"1,000ml","정제수, 쌀, 소맥분, 옥분, 입국, 올리고당, 치자분말, 정제효소제, 효모, 아스파탐, 아세설팜칼륨, 밀함유",,단맛이 진한 강냉이 막걸리는 매운 음식과 페어링하면 좋다.,Y,용두산 조은술,충북 제천시 송학주천로 647,https://smartstore.naver.com/woorisool,
낙천 옥수수 생동동주,"낙천 탁주 제조장은 막걸리의 맛과 영양학적 우수성을 높이고자 지장수를 활용하여 술을 제조한다. 또한, 주조에 들어가는 쌀을 모두 국내산으로 활",5,1700ml,"정제수, 쌀, 옥수수분말, 치자, 입국, 효모, 올리고당, 정제효소, 아스파탐, 사카린나트륨, 밀함유",,옥수수 생동동주는 시골막걸리 맛과 비슷합니다. 전통 음식인 전과 페어링하면 좋다.,Y,낙천 탁주제조장,강원도 동해시,,
미나리싱싱주,"전통 청주 제조 비법을 기반으로 좋은 채소를 오롯이 담아낸 술을 개발하고자, 오랜 연구 끝에 미나리 싱싱주가 탄생하게 되었다. 국내 최초로 채",14.5,300ml,"쌀(유기농,국내산), 찹쌀(유기농, 국내산), 미나리(친환경, 국내산), 국(유기농쌀,국내산), 종국, 효모, 과당, 아스파탐",2015 찾아가는 양조장,"미나리를 넣은 부대찌개, 미나리전 등도 좋고, 육류, 해산물이나 기름지고 강한 맛을 가진 음식과 궁합이 좋다.",Y,조은술세종,충북 청주시 청원구 사천로18번길 5-2,http://www.sejongricewine.com/,
연희장미,"새콤달콤한 맛으로 입이 즐겁고, 분홍빛 아름다운 비주얼로 눈이 즐겁고, 향긋한 장미향으로 코까지 즐거운 1석 3조의 연희장미입니다. 연희장미에",10,375ml,"정제수, 멥쌀, 찹쌀, 누룩, 장미",,중국음식과 페이렁하기 좋은 막걸리 입니다.,Y,같이양조장,서울 마포구 양화진4길 17,https://www.instagram.com/togetherbrewery/,
생 옥수수 동동주,배혜정도가 생 옥수수 동동주는 쌀을 찌지 않고 생쌀을 갈아 담금하는 방식인 100% 생쌀 발효제법으로 빚었다. 우리쌀과 옥수수로 빚어 풍미와 ,6,750ml,"쌀, 옥수수분말, 물엿, 국, 효모, 젖산, 치자분말추출물, 아스파탐, 구연산, 효소처리 스테미아 밀함유",,전통적인 음식인 김치전과 함께 페어링하면 좋다.,Y,배혜정도가,경기도 화성시 정남면 서봉로 835,http://www.baedoga.co.kr/,
연희매화,연희 매화는 봄꽃이 흐드러지게 핀 연희동의 모습을 생각하며 만든 탁주입니다. 봄의 생동감과 싱그러움을 담은 만큼 신맛이 강한 체리 향이 나는 ,12,375ml,"찹쌀, 누룩, 정제수, 매화",,곁들일 메뉴로는 훈제연어와 치즈 플레이트를 추천한다.,Y,같이양조장,서울 마포구 양화진4길 17,https://www.instagram.com/togetherbrewery/,
연희민트,연희민트는 산뜻한 민트의 향이 올라와 청량감을 느낄 수 있는 민트 맛 막걸리다. 언희민트는 동동주의 레시피를 기본으로 민트를 첨가한 술이다. ,9,375ml,"정제수, 멥쌀, 찹쌀, 누룩(밀함유), 민트",,패어링하기 좋은 음식은 파스타와 크림 리조또가 있다. 청량하고 상큼한 민트의 맛이 싱그러운 4월과 잘 어울리는 전통주다.,Y,같이양조장,서울 마포구 양화진4길 17,https://www.instagram.com/togetherbrewery/,
쑥크레,쑥크레는 향기로운 쑥 향과 단맛의 밸런스가 좋은 탁주다. 쑥 특유의 향긋함이 코끝에 퍼지며 부드럽고 달콤한 맛을 느낄 수 있다. 쑥크레는 프랑,10,375ml,"쌀, 누룩, 쑥, 물",,"쑥크레는 향긋한 미나리 전, 수육과 같은 한식과 잘 어울린다.",Y,주방장양조장,대전 유성구 노은서로76번길 75-15,https://www.instagram.com/jubangjang_brewery/,
청량주,청량주는 고두밥에 종국을 뿌려 입국을 만드는 과정을 포함하여 대부분 전통방식으로 술을 직접 빚고 있다.,6,750ml,"백미, 누룩, 종국, 효모",,한식과 페어링하면 좋다.,Y,법전양조장,경북 봉화군 법전면 법전로 87,https://cheongryangju.modoo.at/,
오마이갓스파클링,미슐랭 1스타 에빗 레스토랑의 조셉 리저우드 셰프와 콜라보하여 빚은 봄꽃 향 가득한 술로 탄산을 가미해 더욱 청량하고 산뜻하다.,9,500ml,"정제수, 목련발효청, 쌀, 입국, 쌀보리, 고구마, 탄산가스, 누룩, 효모, 정제효소",,"매콤한 음식, 그릴 고기나 생선와 페어링하기 좋다.",Y,농업회사법인송도향 유한회사,"인천시 남동구 호구포로 50, 엘아이센터 8층 819-1호",https://www.samyangchoon.com/,
대대포9,요플레의 상큼하고 달큼한 향기가 느껴지고 달달한 바나나 향이 느껴지는 탁주다. 한 모금 마시면 은근한 바디감과 깔끔하고 고소한 맛이 전체적인 ,9,600ml,"정제수, 쌀, 정제효소, 젖산, 종국, 효모, 물엿, 은행나무견과, 우유함유",,"모든 한식과 잘 어울리지만 특히, 새콤하고 바삭한 김치전과 궁합이 좋다.",Y,죽향도가,전남 담양군 담양읍 외다길 30,https://jhdg.co.kr/,
PS 애플시드르,"시나브로 와이너리는 농가형 와이너리로, 우리나라에서는 처음으로 온 가족이 국제소믈리에협회 인증 소믈리에 자격을 획득하였다. ‘나도 모르는 사이",5,750ml,"사과, 정제수, 백설탕, 탄산가스, 효모, 메타중아황산칼륨, 소브산칼륨, 아황산함유",,"새콤달콤한 맛과 향이 가득하여 식전주로 마시기 좋으며, 치즈와 크래커 등과 함께하면 좋다.",Y,시나브로 와이너리,충청북도 영동군 심천면 약목2길 23,https://bhwinery.com/,
로제사이더 오미한잔,"새콤달콤하고 풍미가 깊은 오미한잔은 문경사과로 만든 애플사이더가 베이스고, 여기에 오미자를 추가하여 만들었다. 사과즙, 오미자, 효모만 들어가",4.5,500ml,"사과즙(국내산),건조오미자(국내산), 이산화탄소, 효모, 소브산칼륨, 메타중아황산칼륨",,"치킨을 먹을 때 맥주 대신 함께해도 좋고, 간식과 간단하게 먹어도 좋다.",Y,가나다라브루어리,경상북도 문경시 문경대로 625-1,http://www.ganadara.co.kr/,
우주멜론미 스파클링 막걸리,"막걸리와 멜론, 우주멜론미 스파클링 막걸리는 곡성의 자랑이다. 당도 높은 머스크멜론을 넣은 진짜 멜론 막걸리다. 멜론뿐만 아니라 찹쌀, 신동진",5,300ml,"정제수, 멥쌀, 찹쌀, 멜론과즙, 누룩, 설탕, 밀함유",,"가벼운 스파클링 막걸리라 어떤 음식과도 잘 어울리지만 순대볶음, 치킨 등과 함께하면 청량함이 느끼함을 잘 잡아준다. 차갑게 드시면 더욱 맛있게",Y,농업회사법인 시향가,전남 곡성군 곡성읍 낙동원로 20,https://www.sihyangga.co.kr/,
오롯이 복숭아,오롯이 복숭아는 세종시 마을기업 ‘솔티마을’에서 만든 100% 핸드메이드 스파클링 와인이다. 지역 내에서 재배되는 복숭아 중 살짝 흠집이 생겨,9,375ml,"복숭아(국내산) 68%, 설탕, 효모, 이산화탄소, 구연산",,복숭아 음료수 같은 달콤한 맛과 탄산감을 잘 느낄 수 있는 술인만큼 달콤한 디저트와 잘 어울린다. 특히 빵과 함께 드시면 빵에 복숭아 잼을 발,Y,농업회사법인 솔티마을,세종 전동면 송성리 682-1번지,https://www.soltitown.com/,
김천대학교 자두사랑 자두와인,경북 김천은 전국에서 가장 많은 자두를 재배하고 있는 자두 특구인데요. 김천의 품질 좋은 자두와 김천대학교의 양조기술이 결합하여 자두와인이 탄,12,750ml,피자두 (레드) / 후무사 (화이트),,"자두와인 레드는 부드럽고 끝 맛의 균형도 잘 잡혀 있다. 처음부터 마무리까지 깔끔한 맛이 특징이며 각종 파스타 및 스테이크, 삼겹살, 치즈나 ",Y,김천대학교 자두사랑,경상북도 김천시 대학로 214,https://jadusarang.modoo.at/?link=ahmcs6ry,
과하주 온,조선시대 선조들은 여름에도 쉽게 변질되지 않는 술을 빚고자 주정강화를 통해 도수를 높이는 지혜를 발휘했다. 강원도 횡성 호수길에 위치한 작은 ,18.5,500ml,"찹쌀, 정제수, 누룩, 더덕, 주정",,"한국의 포트와인이라는 별명답게 달콤 쌉싸름한 디저트에도 잘 어울리며, 취향에 따라 매콤한 주꾸미볶음과 페어링 해도 좋다.",Y,양온소 온,강원 횡성군 갑천면 청정로매일2길 31 1층,https://www.instagram.com/ricewine_on/,
복순도가 과하주,쌀이 주는 단맛과 진한 누룩의 향은 풋내가 가득한 과실 향과 달콤한 배의 맛으로 변하며 재료 본연의 신선한 맛과 향을 전달해 줍니다.,15,750ml,"쌀(국산), 곡자(밀), 정제수",,입맛을 돋우는 산미도 맛있게 올라오기 때문에 기름진 방어나 신선한 석화와 같이 겨울철 해산물과도 잘 어울립니다.,Y,,,,
냥이탁주 화이트,세 번 빚어서 만든 삼양주로 단맛과 신맛이 잘 어우러져 있고 부드러운 목넘김이 일품으로 프리미엄 막걸리의 품격을 느끼실 수 있다.,10.5,350ml,"정제수, 쌀, 누룩, 밀함유",,한식과 페어링하면 좋다.,Y,농업회사법인 행주산성주가,"경기도 고양시 덕양구 충장로 122, 블레스타운 202호",https://www.instagram.com/sanglkh.khl/,
하늘,"새 희망을 노래하며 청량한 하늘을 닮아가는 보리가 담긴 내국동주 하늘 보리밭 사잇길에 서있는듯 희망의 봄 냄새가 코끝을 찌르고 나면, 초록물결",45,375ml,"보리, 증류식소주원액, 조제종국, 정제수, 젖산, 효모, 구연산, 오크칩",,약간 따뜻하게 또는 차게 드셔도 좋으며 모든 음식에 조화를 이루고 샌성회나 해산물과 같이 즐기면 입안에서 도는 향미가 더 개운하게 느껴진다.,Y,내국양조,충청남도 논산시 연무읍 마봉로 361,https://naekook.modoo.at/,
바람,어머님 밥짓는 마음으로 올라오는 연기와 오랜시간 뜸 들인 시골집 밥 내음을 담았다. 술잔을 기울여 고향에서 불어오는 바람을 소중한 사람들과 함,20,375ml,"쌀, 증류식소주원액,정제주정, 정제수, 구연산",,약간 따뜻하게 또는 차게 드셔도 좋으며 모든 음식에 조화를 이루고 생선회나 해산물과 같이 즐기면 입 안에서 도는 향미가 더 개운하게 느껴진다.,Y,내국양조,충청남도 논산시 연무읍 마봉로 361,https://naekook.modoo.at/,
소백산생막걸리,"청와대 만찬주로 잘 알려져 있다. 쌀과 밀가루를 모두 사용한 옛날식 막걸리로 드라이하지 않고 단맛이 감돌며, 걸쭉하지 않고 가볍게 청량하게 계",6,750ml,"정제수, 쌀, 소맥분, 평화미",,"곡물의 발효향이 강하고 단맛과 신맛의 균형이 잘 갖춰져 있으며, 원료인 밀가루에서 나오는 입 안의 텁텁함이 있지만 목넘김이 깔끔해 버섯전골과 ",Y,용두산조은술,충북 제천시 송학면 송학주천로 647,https://smartstore.naver.com/woorisool,
별,어릴적 호주머니에 늘어지도록 담고 다니다 한움큼 입안에 털어넣고 열심히 침으로 불려먹던 그 고소함을 있는 그대로 담았다.,20,375ml,"올벼찹쌀, 누룩, 효모, 젖산, 정제수",,약간 따뜻하게 또는 차게 드셔도 좋으며 모든 음식에 조화를 이루고 생선회나 해산물과 같이 즐기면 입안에서 도는 향미가 더 개운하게 느껴진다.,Y,내국양조,충청남도 논산시 연무읍 마봉로 361,https://naekook.modoo.at/,
시,눈꽃속에 피어난 논산 딸기향을 오롯이 담아낸 내국동주시 꽃향기 가득한날 사랑하는 사람을 만나러가는 설레이는 순간처럼 달콤함과 싱그러움을 담았다,13,375ml,"딸기, 설탕 효모, 구연산, 포도당, 오크칩",,약간 따뜻하게 또는 차게 드셔도 좋으며 모든 음식에 조화를 이루고 생선회나 해산물과 같이 즐기면 입안에서 도는 향미가 더 개운하게 느껴진다.,Y,내국양조,충청남도 논산시 연무읍 마봉로 361,https://naekook.modoo.at/,
화백,화백 25는 우리 전통의 가치를 지키며 저도주를 선호하는 현대인의 기호에 맞춰 고도의 &#039;火(불)소주&#039;를 리브랜딩한 저도(25,25,500ml,"멥쌀(국내산), 찹쌀(국내산), 누룩(국내산 밀함유), 효모, 정제수",,"서천에서 만들어지는 술인 만큼 서천의 명물인 쭈꾸미 볶음, 매운탕 등이 잘 어울린다. 또는 당근을 편으로 썰어 식초에 절인 호라복제와 함께 하",Y,,,,
백송,"백송 16은 우리 전통의 가치를 지키며 변화하는 시대적 흐름에 맞춰 강산주조만의 감성으로 리브랜딩 한 우리나라 대표 고급 전통술, 한산소곡주이",16,500ml,"멥쌀(국내산), 찹쌀(국내산), 누룩(국내산 밀함유), 효모, 정제수",,"서천에서 만들어지는 술인 만큼 서천의 명물인 아귀찜, 회 등이 잘 어울리며, 얼음이나 차가운 탄산수를 넣어 즐기는 것도 추천한다. 또는 살짝 ",Y,한산소곡주,충남 서천군 한산면 충절로 1118,http://www.sogokju.co.kr,
서울골드,까다롭게 선별한 누룩에 다섯 번 빚어 100일 저온 숙성해서 만들며 연간 연간 생산량은 대략 1200병 정도로 희소성이 더해졌다.,15,500ml,"멥쌀, 찹쌀, 누룩, 정제수",,육회와 먹으면 잘 어울린다.,Y,서울양조장,서울 서초구 효령로34길 7 402-A호,https://www.instagram.com/seoulartbrewery/,
밀담40,국내 청정지역에서 재배한 국내산 단수수대를 착즙하여 발효 및 세 번 증류 등의 공정을 거쳐 탄생한 단수수 증류주이다. 단수수 특유의 단향은 은,40,360ml,"단수수(국내산)증류원액, 정제수",,"육류 등 기름진 음식과 강한 양념을 사용한 음식에 더해 마시면 강한 양념과 기름을 깔끔하게 씻겨주어 궁합이 좋다. 가볍게는 초콜릿, 마카롱 등",Y,농업회사법인 ㈜착한농부,경북 예천군 용문면 복천길 16-8,http://www.macatto.co.kr/,2021 대한민국주류대상 우리 술 증류주부문 대상 수상
도래하,배혜정도가에서 새롭게 출시한 도래하는 기존의 술과 다른 새로운 맛과 신선한 충격을 가져다준다. 제품명은 넓은 강을 건너는데 필요한 인내의 시간,19,350ml,"정제수, 주정, 쌀소주원액(정제수, 쌀(국내산), 국, 효모, 젖산), 합성함료(진향, 감초향), 구연산, 천연향료(고수향), 아스파탐(감미료, 페닐알라닌 함유)",,고도주의 알코올향을 감싸줄 감칠맛 나는 음식인 보쌈과 함께 하시면 잘 어울린다.,Y,(주)배혜정농업회사법인,경기도 화성시 정남면 서봉로 835,https://www.baedg.com/,
진안블랙,진안블랙은 병의 외관인 라벨에서부터 신비로운 마이산의 당당한 기세와 검은보리를 담았다. 청정 자연에서 재배한 쌀과 검은 보리로 빚은 증류주는 ,40,500ml,"팽화미, 블랙보리, 누룩, 수삼, 홍삼농축액, 보리침출 주정(이상 국내산), 효모, 정제수",,진심 홍삼주와 인삼주는 맛에서나 효능에서나 삼계탕과 좋은 궁합을 자랑한다.,Y,농업회사법인㈜태평주가,전북 진안군 진안읍 거북바위로3길 15-35,http://www.juga.co.kr/,
불소주,火(불)소주는 1500년의 전통재래비법으로 빚은 한산소곡주를 그대로 증류하여 한 방울 한 방울 정성을 담아 모아 만든 증류식 소주로 그윽한 향,41,500ml,"멥쌀(국내산), 찹쌀(국내산), 누룩(국내산 밀함유), 효모, 정제수",,"서천에서 만들어지는 술인 만큼 서천의 명물인 쭈꾸미 볶음, 매운탕 등이 잘 어울린다.",Y,한산소곡주,충남 서천군 한산면 충절로 1118,http://www.sogokju.co.kr,
송도막걸리,레몬과 고구마가 첨가된 새콤달콤한 스파클링 막걸리다. 막걸리가 일반적으로 가지는 누룩향을 덜어내고 은은하게 퍼지는 레몬향이기분 좋은 산뜻함이 ,6,700ml,"정제수, 쌀(국내산), 쌀보리(국내산), 고구마(국내산), 레몬, 자일리톨, 종국, 효모, 정제효소",,기름지고 고소한 삼겹살과 탁주는 최고의 궁합을 자랑한다.,Y,농업회사법인송도향(유),"인천시 남동구 호구포로 50, 엘아이센터 8층 819-1호",https://www.samyangchoon.com/index.html,
사화정미소,맑은내일 사화정미소는 인공감미료 및 어떠한 당도 들어가지 않고 쌀 본연의 맛과 풍미에 집중한 무첨가 프리미엄 살균 막걸리다. 일반 막걸리보다 ,12,480ml,"정제수, 찹쌀(국내산), 맵쌀(국내산), 쌀입국, 누룩, 효모, 정제효소, 밀함유",,"뽀얀 베이지 빛깔을 띠며 부드럽고 걸쭉한 질감이다. 찹쌀 고유의 달달함과 다채로운 과일향이 느껴져 전류, 두부김치, 전통 한식 요리와 잘 어울",Y,농업회사법인 우포의아침 주식회사,경남 창원시 대지면 대지농공단지길 40,https://www.good-tomorrow.co.kr/,
김천 배금도가,배금이라는 이름에는 비단처럼 아름다운 술 빛깔이라는 뜻이 담겨있다. 뽀얗고 보드라운 막걸리 빛깔이 진정 비단과 같다. 감미료를 넣지 않아 찹쌀,12,500ml,"찹쌀, 멥쌀, 누룩",,배금도가 막걸리는 간이 센 음식과도 궁합이 좋으며 시원하게 칼칼한 탕과 함께해도 좋다.,Y,배금도가,경북 김천시 구성면 부항로 2156,http://begum.co.kr/,
한청,"한국청주 한청. 한청은 독자적인 기술을 개발했다. 일본 사케와 다르게 쌀을 도정하지 않고 규조토를 사용하지 않았다. 새콤달콤한 맛에 깊은 향,",15,300ml,"정제수, 철원오대미, 정제효소제, 효모, 정제주정, 기타과당, 젖산",,차례주로도 좋은 술이라 명절 음식과도 잘 어울리고 김치가 들어간 모든 한식과도 잘 어우러진다.,Y,주식회사 초가,강원도 철원군 김화읍 외골길 33-12,https://choga.co.kr/hancheong/,
여유25,"양촌 여유 소주는 1956년, 양촌양조장에서 ‘송광소주’으로 출시했던 전통 방식의 소주를 시대에 맞게 복원한 프리미엄 증류식 전통 소주이다. ",25,375ml,"증류원액(쌀 국내산 100%), 정제수",2017 찾아가는 양조장,"다양한 육류 및 해산물과의 조합도 잘 어울리겠지만, 강경과 가까운 지역인 만큼 다양한 젓갈류가 잘 어울린다.",Y,농업회사법인 유한회사 양촌양조,충남 논산시 양촌면 매죽헌로 1665번길 14-7,https://yangchon.co.kr/products,
황금보리 증류주 17,"황금보리소주는 일반 희석식 소주와는 다른 증류식 소주로, 향과 바디감이 좋고 그 맛이 깔끔하다. 보리로 술을 빚으면 피질에 많은 단백질이 아미",17,375ml,"보리(국내산) 39.9%, 누룩(국내산)3.3%, 효소(액화효소), 효모(향미증진제), 정제수, 과당, 구연산(산도조절제)",,"누룩의 독특한 향이 구수한 맛의 육포, 찜 등과 같이 한식과 드시면 더욱 잘 어울린다.",Y,황금보리(유)농업회사법인,충남 홍성군 서부면 서부로 696,http://www.xn--jj0bu4t8rc0w2b.com/,
얼떨결에 퍼플,"얼떨결에 퍼플은 국내산 햅쌀, 영월산 켐벨포도, 영월산 유기농찰보리쌀로 만들어지며 저온발효로 12일 이상 발효, 숙성과정을 거치며 이양주로 제",6,935ml,"쌀(국내산), 찰보리쌀(국내산), 포도즙(국내산), 정제수, 정제효소, 효모, 젖산(산도조절제), 기타과당, 곡자(밀), 밀함유",,"매운 음식 중에는 복음류나 탕, 느끼한 음식 중에는 피자나 치킨, 삼겹살 등과 함께 드시면 더욱 맛있게 먹을 수 있다.",Y,동강주조,강원도 영월군 영월읍 덕포하리5길 33번지,https://www.instagram.com/eastriver_brewery/,
명가원 산머루주,"명가원 산머루주는 덕유산 자락에서 난 머루만을 고집하여 정성으로 빚은 과실주이다. 입에 머금는 순간 머루 특유의 상큼함과 깨끗함, 고유의 향기",16,750ml,"머루(국내산)49.22%, 정제수, 주정(45%), 설탕, 액상과당, 효모, 구연산, 호박산",,전통 한식과의 조합이 좋으며 단백한 생선회 또는 육류요리와 잘 어울린다.,Y,농업회사법인㈜솔송주,경남 함양군 지곡면 지곡창촌길 3,https://www.solsongju.com/,
진도 백주,높은 도수의 술이지만 순곡주 특유의 깨끗하고 깔끔함이 어디에나 잘 어울리는 도화지 같은 느낌으로 목넘김이 자연스러우며 기분 좋은 끝 맛이 입에,38,375ml,"쌀(국내산)100%, 정제수, 조제종국, 효모, 지초(국내산), 올리고당, 구연산, 알라닌",,"생선회나 기름진 전류, 산적이나 쇠고기 구이 등 다양한 한식 메뉴들과 두루 잘 어울린다.",Y,대대로영농조합법인,전남 진도군 군내면 명량대첩로 288-23,http://www.xn--o55bn7v.kr/,
겨울소주45,"겨울소주는 다양한 첨가물로 인위적인 맛을 내는 일반 희석식 소주와는 달리 100일동안 숙성한 깊은 향을 간직한 발효원주를 감압으로 증류하여, ",45,360ml,"증류원액[쌀(국내산), 국, 효모, 효소] 100%",,"육류나, 생선요리, 부각 튀김 등과 잘 어울리는 편이다.",Y,농업회사법인 아리랑주조㈜,충남 청양군 대치면 방죽골길 46-19,https://smartstore.naver.com/arirangjujo?NaPm=ct%3Dla9c5lzi%7Cci%3Dcheckout%7Ctr%3Dds%7Ctrx%3D%7Chk%3De2db2b8588bdb5460c3dd344d32183d509f4211f,
황금보리 증류주 25,"황금보리소주는 일반 희석식 소주와는 다른 증류식 소주로, 향과 바디감이 좋고 그 맛이 깔끔하다. 보리로 술을 빚으면 피질에 많은 단백질이 아미",25,375ml,"정제수, 보리(국내산) 40.05%, 누룩, 효소(액화효소), 효모, 과당, 구연산(산도조절제)",,"누룩의 독특한 향이 구수한 맛의 육포, 찜 등과 같이 한식과 드시면 더욱 잘 어울린다.",Y,황금보리(유)농업회사법인,충남 홍성군 서부면 서부로 696,http://www.xn--jj0bu4t8rc0w2b.com/,
황금보리 증류주 40,"황금보리소주는 일반 희석식 소주와는 다른 증류식 소주로, 향과 바디감이 좋고 그 맛이 깔끔하다. 보리로 술을 빚으면 피질에 많은 단백질이 아미",40,375ml,"보리(국내산) 40.27%, 누룩, 효소(액화효소), 효모(향미증진제), 정제수, 과당, 구연산(산도조절제)",,"누룩의 독특한 향이 구수한 맛의 육포, 찜 등과 같이 한식과 드시면 더욱 잘 어울린다.",Y,황금보리(유)농업회사법인,충남 홍성군 서부면 서부로 696,http://www.xn--jj0bu4t8rc0w2b.com/,
하타,"하타&amp;#039;는 백제인으로, 일본에 술 만드는 기술을 전해주고 주신으로 모셔지고 있다고 한다. 그 이름을 딴 신탄진주조의 하타 또한 ",16,500ml,"쌀, 쌀입국, 효모, 정제수",,"담백한 생선회나 배추전과 함께하면 좋다. 또한, 맑은 탕이나 국 종류 보다는 진하게 졸이고 구운 육류에 곁들이기 좋다.",Y,농업회사법인 신탄진주조㈜,대전시 대덕구 신탄진로 738번길 128(신탄진동),http://www.stjjujo.co.kr/index.html,
참주가 솔 막걸리,국내산 전통재료와 솔잎을 직접 손질하여 발효시킨 한국형 쌀와인으로 은은한 솔향기와 기분좋은 산뜻함이 더해졌다. 솔잎에  함유된 성분이 발효를 ,5.5,650ml,"물, 쌀(국내산), 솔잎(국내산), 당귀(국내산), 한라봉(국내산), 누룩, 올리고당, 아스파탐(감미료, 페닐알라닌함유), 조제종국, 효모 밀,우유함유",,다도참주가의 막걸리는 깔끔한 끝맺음을 기본으로 하여 안주없이 마셔도 좋은 막걸리로 일상 식사에 곁들이기 좋다.,Y,다도참주가,전라남도 나주시 다도면 신촌2길 9,http://chamjuga.com/,
라봉,막걸리에 나주산 한라봉이 더해 상큼함을 가득 담았다. 잔에 딸르면 시트러스 향이 퍼지며 청량감을 선사한다. 적당한 산미가 깔끔한 마무리를 더해,5.5,650ml,"물, 쌀(국내산), 한라봉(국내산), 올리고당, 누룩, 아스파탐(감미료, 페닐알라닌함유),",,"산뜻한 산미로 느끼한 음식과도 잘 어울린다. 특히, 짜장면, 크림 파스타, 피자와 페이링하기 좋다.",Y,다도참주가,전라남도 나주시 다도면 신촌2길 9,http://chamjuga.com/,
고타다이브,"한국의 술 막걸리, 이 시대의 젊은 술로 다시 태어났다. 강원도의 햅쌀을 사용해 부드럽지만 상쾌한 6도, 자연스럽고 기분 좋게 지금을 즐기는 ",6,730ml,"물, 쌀(국내산), 국, 효모 밀함유",,파전이나 두부김치와 같은 한식과 잘 어울린다.,Y,농업회사법인 두루㈜,강원도 홍천군 내촌면 용포길 31-25,https://smartstore.naver.com/yongsoju,
솜솜 막걸리,"솜솜막걸리는 뭉게 구름을 머금은 듯한 부드러움과 적당한 단맛, 산미의 조화가 특징이다. 감미료를 일체 넣지 않고 오직 쌀, 물, 전통누룩만으로",8,375ml,"쌀, 누룩, 물",,"감자전, 보쌈, 돼지갈비찜, 떡볶이, 쭈꾸미볶음 등 기름지거나 양념된 음식 또는 매콤한 음식과 잘 어울린다.",Y,마깨주,강원도 춘천시 퇴계로 89 강원전문건설회관,https://smartstore.naver.com/makkaejoo_market?,
고리진,고리진은 열가지 한약재를 활용하여 풍미 가득한 수제진을 만들었다. 고리진의 맛은 상큼한 유자와 쥬니퍼 베리 향으로 시작한다. 이후 인삼과 우엉,47,500ml,"노간주열매, 유자, 복분자, 오미자, 구기자, 인삼, 우엉, 생강, 감초, 산초",,상큼한 과일과 기름진 한식과 궁합이 좋다.,Y,㈜하우스오브헤리티지,경기도 용인시 기흥구 백남준로 28-9,https://www.houseofheritage.kr/1/?idx=10,
문앞에봄,싱그러운 첫맛과 바질로 마무리되는 끝 맛이 조화로운 문앞에 봄은 긴 겨울 끝 어느새 성큼 다가오는 따스한 봄처럼 상큼한 사이더이다. 깔끔하고 ,4.5,750ml,"사과산,바질잎,동결건조딸기분말,이산화탄소,사과즙,정제수,딸기퓌레,설탕,건조레몬그라스,효모,메타중아황산칼륨",,"제철 샐러드, 샌드위치 등 에피타이저나 생크림 케이크, 팬케이크 등 디저트와 잘 어울린다.",Y,댄싱사이더컴퍼니,충북 충주시 중앙탑면 인담길 35-1,https://dancingcider.com/,
패치배치 만다린,패치배치 아일랜드는 밭 한 조각(패치)가 술 한 독(배치)가 된다는 의미를 담아 제주도의 비상품 농산물을 활용하여 술을 빚는 양조장이다. ‘패,8,600ml,"멥쌀, 감귤, 감귤과피, 당유자과피, 귤꽃",,"​감귤의 산미가 입맛을 돋우어 식전주로 좋으며, 은근하게 뒤따라오는 귤꽃 향이 매력적이다. 시트러스 향이 술 맛을 가볍고 산뜻하게 해주어 맵고",Y,제주곶밭,제주 제주시 제주대학로 102 제주대학교,,
대천바다 금빛,대천 간척지에서 재배한 찹쌀과 우리 밀 누룩으로 배일 동안의 1차 발효과정을 거치고 오십여일 동안의 2차 발효 숙성시킨 삼양주 기법으로 빚은 ,16,300ml,"찹쌀, 밀, 누룩",,해산물과 생선요리와 잘 어울린다.,Y,명주도가,충청남도 보령시 주교면 고인돌길 55,https://xn--o39a70mg2fhxq.com/,
아치23,"진득하게 발효한 감와인은 감 특유의 떫은 맛이 매우 강하다. 떫은 맛을 내는  감의 탄닌, 폴리페놀 성분들은 증류를 통해 특유의 단맛과 산뜻한",23,375ml,"감 발효증류주, 정제수",,"감자튀김, 전, 스낵, 마른반찬, 육포와 어울린다.",Y,,,,
남한산성소주 21,투명한 잔에 따르고 흔들면 진득한 점도가 육안으로도 확인된다. 그리고 이내 구수하면서 묵직한 단맛이 풍겨 한 모금 마시면 조청이 자아내는 단맛,21,375ml,"쌀증류식소주원액{맵쌀백미(국내산), 쌀}, 조청{쌀(국내산), 엿기름(보리, 국내산), 누룩, 정제수}, 정재수",,"얼음이나 토니워터와 함께 마셔도 좋다. 삼겹살 또는 육회 등 소고기, 생선회와 잘 어울린다.",Y,남한산성소주,경기도 광주시 곤지암읍 연곡리 51,http://www.sansungsoju.com/,
일오백화이트,"한국에서 가장 역사가 깊은 술, 백제 의자왕과 선대 황제들이 즐기던 고급 술이다. 사천의 품질 좋기로 유명한 쌀과 누룩을 사용하여 아스파탐 인",18,700ml,"찹쌀(국내산), 백미(국내산), 누룩(밀:국내산), 정제수, 야국, 메주콩, 생강, 홍고추",,"파전, 회, 치즈와 어울린다.",Y,한산소곡주,충남 서천군 한산면 충절로 1118,http://www.sogokju.co.kr,
일오백골드,"일오백 골드는 오랜 숙성을 거쳐 1500년 비법의 전통방식으로 증류한 술이다. 천연수와 찹쌀, 누룩, 백미 등 충남의 신선한 재료를 사용했다.",43,700ml,"찹쌀(국내산), 백미(국내산), 누룩(밀:국내산), 정제수, 꿀, 들국화, 생지황, 메주콩, 홍고추",,"파전, 회, 치즈와 어울린다.",Y,한산소곡주,충남 서천군 한산면 충절로 1118,http://www.sogokju.co.kr,
일오백블루,일오백 블루는 전통방식으로 증류한 일오백 골드를 한번 더 오크통에 숙성시킨 고급 증류주로서 은은한 갈색 빛과 어우러진 깊은 향은 소중한 이에게,43,700ml,"찹쌀(국내산), 백미(국내산), 누룩(밀:국내산), 정제수, 꿀, 들국화, 생지황, 메주콩, 생강, 홍고추",,"파전, 회, 치즈와 어울린다.",Y,한산소곡주,충남 서천군 한산면 충절로 1118,http://www.sogokju.co.kr,
여유소주19,"복숭아, 자두, 코코넛 등 달콤하면서 향긋한, 복합적인 과실향이 인상적입니다. 쿰쿰하거나 텁텁한 느낌이 전혀 없으며 깔끔한 쌀의 단맛이 느껴집",19,375ml,"증류원액(쌀: 국내산100%), 정제수",,"제철 생선회, 육회, 바지락 술 찜과 잘어울립니다.",Y,농업회사법인 유한회사 양촌양조,충남 논산시 양촌면 매죽헌로 1665번길 14-7,https://yangchon.co.kr/products,
착한농부 막시모 17,청정지역 경북 예천에서 재배한 최고급 오미자로 증류한 막시모 17 오미자 특유의 오묘하고 상흠한 향과 오지마의 다섯가지 군형잡힌 맛을 느낄 수,17,360ml,"단수수(국내산)증류원액, 주정, 오미자(국내산)추출액, 합성향료(오미자향, 복분자향), 캬라멜, 정제수",,장어구이와 함께 드시면 환상적인 궁합을 자랑한다. 한식과도 잘 어울리며 그 중 구절판과 잘 어울린다.,Y,농업회사법인(주)착한농부,경상북도 예천군 용문면 복천길 16-8,http://www.macatto.co.kr/,
착한농부 막시모 25,청정지역 경북 예천에서 재배한 최고급 오미자로 증류한 막시모 25 오미자 특유의 오묘하고 상흠한 향과 오지마의 다섯가지 군형잡힌 맛을 느낄 수,25,360ml,"단수수(국내산)증류원액, 주정, 오미자(국내산)추출액, 합성향료(오미자향, 복분자향), 캬라멜, 정제수",,장어구이와 함께 드시면 환상적인 궁합을 자랑한다. 한식과도 잘 어울리며 그 중 구절판과 잘어울린다.,Y,농업회사법인(주)착한농부,경상북도 예천군 용문면 복천길 16-8,http://www.macatto.co.kr/,
착한농부 막시모파인오크 40,청정지역 경북 예천에서 재배한 최고급 오미자로 증류한 막시모 40 오미자 특유의 오묘하고 상흠한 향과 오지마의 다섯가지 군형잡힌 맛을 느낄 수,40,200ml,"단수수(국내산)증류원액, 오미자(국내산)추출액, 합성향료(오미자향, 복분자향), 정제수",,장어구이와 함께 드시면 환상적인 궁합을 자랑한다. 한식과도 잘 어울리며 그 중 구절판과 잘어울린다.,Y,농업회사법인(주)착한농부,경상북도 예천군 용문면 복천길 16-8,http://www.macatto.co.kr/,
참주가 동해밤바다,시원한 바다의 느낌을 구현한 증류주로 물처럼 맑고 투명한 색상을 자랑한다. 깔끔하고 순한 맛으로 목을 탁 치는 알코올의 느낌 없이 매끄럽게 넘,17.2,360ml,"증류원액[쌀(국내산), 입국(국내산), 효모], 정제수, 주정, 매실(국내산), 과당, 효소처리스테비아, 에리스라톨, L-아스파라간산(영양강화제)",,"회, 생선구이, 해물류, 육류요리 어떤음식에도 잘 어울린다.",Y,참주가,전라북도 순창군 순창읍 신남무수길 51-24,https://smartstore.naver.com/chamsool,
참주가 서해밤바다,우리 쌀을 발효하여 증류한 술에 국내산 매실을 침출하여 만들어진 술이다. 숙취가 좋으면 목넘김이 깔끔하다.,17.1,360ml,"증류원액[쌀(국내산), 입국(국내산), 효모], 정제수, 주정, 매실(국내산), 과당, 효소처리스테비아, 에리스라톨, L-아스파라간산(영양강화제)",,"회, 생선구이, 해물류, 육류요리 어떤음식에도 잘 어울린다.",Y,참주가,전라북도 순창군 순창읍 신남무수길 51-24,https://smartstore.naver.com/chamsool,
참주가 청화랑,우리 쌀을 저온 발효 후 끓이는 식의 증류가 아닌 낮은 압력과 온도로 증류하여 깔끔한 끝 맛을 느낄 수 있는 증류주입니다. 영양만점 블루베리를,17,360ml,"증류원액[쌀(국내산), 블루베리(국내산), 입국(국내산), 효모], 정제수, 주정, 과당, 효소처리스테비아, 에리스리톨, L-아스파라간산(영양강화제)",,"회, 생선구이, 육류와 잘 어울립니다.",Y,참주가,전라북도 순창군 순창읍 신남무수길 51-24,https://smartstore.naver.com/chamsool,
감천막걸리,"균형감이 무척 돋보이는 제품. 우유와 같은 매끈한 질감에 고소한 청량감을 가진 막걸리로, 시원하게 마시면 더욱 그 진가가 드러난다. 경쾌한 자",6,750ml,"정제수, 멥쌀(국내산), 누룩, 효모, 밀함유",,"떡볶이, 치즈, 과일, 보쌈, 치킨, 피자와 궁합이 좋다.",Y,농업회사법인 주식회사 벗드림,부산시 강서구 대저로 259 A동,https://butdream.modoo.at/,우리술 품평회 탁주부문 우수상 수상
완도유자막걸리,"완도유자막걸리는 유자 재배 적지로 꼽히는 고금도에서 생산한 유자즙을 활용한 탁주이다, 고금주조장에서 생산되는 모든 술은 이 완도쌀을 사용하고 ",6,750ml,"정제수, 완도쌀,소맥분,입국,효모,정제효소,유자즙,",,"들기름 막국수, 돼지수육, 굴전 등과 함께하면 잘 어울릴 수 있는 술이다.",Y,고금주조장,전남 완도군 고금면 고금로 552,http://ggjjj.tistory.com/,
장보고의 꿈 황칠약주,장보고의 꿈 황칠약주는 국내산 유기농 통밀을 빻아 손수 만든 누룩으로 완도쌀로 세번 발효시킨 삼양주이다. 장보고의 꿈 황칠약주는 100% 국내,15,500ml,"정제수, 경기미햅쌀(국내산 멥쌀), 국, 효모 (밀함유)",,"생선회, 홍어회, 해조류 등과도 잘 어울리지만 삼계탕, 양념된 고기류, 나물류와도 궁합이 좋다.",Y,고금주조장,전남 완도군 고금면 고금로 552,http://ggjjj.tistory.com/,
고도리 아이스 와인 망고와인,청정지역 고경면 고도리에서 직접 재배한 MUSCAT BAILEY A(머루포도)  초겨울 포도를 따서 만든 고급와인으로 아직 국내수입이 80%가,12,375ml,mba머루포도 효모 메타중아황사 설탕,,"달콤함은 식사의 마무리에 매우 도움이 되며 젤라또, 요거트, 초콜렛 케이크, 한국식 다과 등 각종 디저트와 잘 어울린다.",Y,고도리 와이너리,경북 영천시 고경면 고도리 494-3,http://고도리와인.com,
한산소곡주 생주,1500년의 전통재래비법으로 빚은 한산소곡주는 그윽한 향기와 특유의 감칠맛이 그대로 살아 숨쉬는 술이다. 강한 첫 맛과 함께 깔끔한 뒷 맛을 ,16,750ml / 1.5L / 1.8L,"멥쌀(국내산), 찹쌀(국내산), 누룩(국내산 밀함유), 효모, 정제수",,해산물 요리와 잘 어울리며 특히 아귀찜과 잘 어울립니다.,Y,한산소곡주,충남 서천군 한산면 충절로 1118,http://www.sogokju.co.kr,
단홍,"5가지 붉은 부재료를 담은 단홍은 기존의 탁주 문법을 해체하는 과감한 시도를 통해 탄생한 포스트모던 탁주이다. 시선을 끄는 진한 루비색, 화려",13.5,500ml,"정제수, 찹쌀(국내산), 개량누룩, 효모, 유산균, 라즈베리(폴란드산), 히비스커스, 화자오, 비트(국내산), 우뭇가사리",,"포케, 리코타치즈 샐러드나 붉은 살 생선이나 기름진 고기와 잘 어울린다.",Y,서울효모방,"서울시 서초구 서초대로 360, 지하 104호",https://www.instagram.com/seoulfermentary/,
온섶,"온섶은 더운 장작이 쌓인 모습 이라는 뜻으로, 추운 날 마시면 뜨거우면서 포근한 느낌을 주는 술, 반가우면서도 낯선 술을 모토로 설계되었다. ",12.8,500ml,"정제수, 찹쌀(국내산), 개량누룩, 효모, 유산균, 계피, 생강, 감초, 넛맥, 파인애플(외국산)",,"식전주 혹은 식후주로, 대부분의 음식과 잘 어울리지만 특히 유과나 떡과 같은 디저트류와 잘 어울린다. 또한 추어탕과도 좋은 궁합을 보이는데, ",Y,서울효모방,"서울시 서초구 서초대로 360, 지하 104호",,
벗이랑 강황,"벗이랑은 대전시와 인근지역에서 자연자생 및 청정재배를 통해 채취한 강황, 버찌 등 건강에 이로운 자연식물로 세 번 빚은 삼양 생탁주이다. 색,",15,500ml,"쌀(국내산), 정제수, 강황(국내산), 프락토올리고당(국내산)",,"약과, 약밥, 송편 등 좋은 떡류나 고추장 불고기, 사천 탕수육 등을 추천한다.",Y,석이원주조,대전광역시 동구 흥룡로 71번길 27,www.seokiwon.com,
벗이랑 버찌 홍국,"벗이랑은 대전시와 인근지역에서 자연자생 및 청정재배를 통해 채취한 강황, 버찌 등 건강에 이로운 자연식물로 세 번 빚은 삼양 생탁주이다. 색,",15,500ml,"쌀(국내산), 정제수, 버찌;(국내산), 홍국쌀(국내산), 프락토올리고당(국내산)",,마지막 향과 음식이 이어질 수 있도록 조금은 새콤하게 무친 도라지 같은 나물류의 무침 혹은 더덕 고추장 구이와 함께 맛보면 좋겠다.,Y,석이원주조,대전광역시 동구 흥룡로 71번길 27,www.seokiwon.com,
벗이랑 조릿대 산죽,"벗이랑은 대전시와 인근지역에서 자연자생 및 청정재배를 통해 채취한 강황, 버찌 등 건강에 이로운 자연식물로 세 번 빚은 삼양 생탁주이다. 색,",15,500ml,"쌀(국내산), 정제수, 고려조릿대(국내산), 프락토올리고당(국내산)",,"송편, 절편, 백설기, 초콜릿, 아이스크림 등 단맛이 좋은 제품이나 부대찌개, 감자탕과 즐기는 것을 추천한다.",Y,석이원주조,대전광역시 동구 흥룡로 71번길 27,www.seokiwon.com,
자자헌주,"자자헌주는 전인근지역에서 재배생산하는 옥토미와, 우아하고 짙은 과 좋은 향을 지녀 임금님께만 진상되던 국화 ‘어자국’을 직접 재배하여 세 번 ",13,500ml,"정제수, 멥쌀(국내산), 석이버섯약재추출물(국내산), 누룩(밀함유), 효모",,"회나 쌈밥, 나물 등 담백한 음식 또는 각종 육류, 매콤한 볶음요리와도 잘 어울린다.",Y,석이원주조,대전광역시 동구 흥룡로 71번길 27,www.seokiwon.com,
크라테 미디엄드라이,아시아 원산지 토착품종으로 비티아무렌시스 계통의 당도와 산도가 높은 우리나라 포도를 대표하는 주요 레드와인 품종 산머루이다. 3년이란 긴 시간,11.5,750ml,산머루(100%),2020 찾아가는 양조장,"목살구이 , 소금 숙성 삼겹살, 토마호크 스테이크 등 다양한 육류와 잘 어울린다.",Y,수도산와이너리,경상북도 김천시 증산면 금곡리 226-1번지,https://smartstore.naver.com/sdsmeru/profile,
크라테 화이트스위트,"크라테 화이트스위트 한국 농진층에서 개발한 청수 100% 만든 와인이다. 향긋한 아카시아 꿀과 잘익은 배향,청사과,레몬,청포도와 같은 향이 특",11.5,375ml,청수(100%),2020 찾아가는 양조장,"전복회, 소라찜, 대하구이, 삼계탕 등 한국의 음식, 그리고 허브나 올리브유를 곁들인 지중해 음식과 잘 어울린다.",Y,수도산와이너리,경상북도 김천시 증산면 금곡리 226-1번지,https://smartstore.naver.com/sdsmeru/profile,
독산 30,오산의 독산성 세마대지(국가사적 제 140호)에서 이름을 따 온 오산의 대표 증류주로 상압방식으로 증류하여 쌀소주의 풍미를 잘 살린 술이다. ,30,250ml,"정제수, 쌀(국내산), 누룩, 정제효소제, 효모",2022 찾아가는 양조장,"가볍게는 초콜릿이나 과일안주와 좋고, 깐풍기, 양갈비나 곱창구이, 삽겹살, 족발 등과도 잘 어우러진다. 신선한 해산물과도 궁합이 좋다.",Y,오산양조,경기도 오산시 중앙동 시장길 63,https://www.osansool.com/,2020년 오산시 관광기념품 공모전 대상 수상
청혼 화이트,"청혼 화이트는 제이앤제이 브루어리에서 만드는 청혼 시리즈 4종중 기본 탁주이다. 시원한 꽃향, 과일향이 엺게 느껴지며, 살짝 가미된 산미, 달",13,375ml,"경기미(용인백옥쌀), 밀누룩, 국, 효모",,"가벼운 음식부터 매콤한 음식까지 두루두루 어울리며, 특히 삼겹살, 돼지 불백, 아구찜, 꽃게찜, 똠양꿍 등 맛과 향이 강한 음식을 함께 먹는 ",Y,제이앤제이브루어리유한회사,경기도 용인시 처인구 양지면 남평로 114,https://smartstore.naver.com/jjbrewerykorea,
청혼 레드25,"청혼 레드25는 제이앤제이 브루어리에서 만드는 청혼 시리즈 4종중 증류식소주이다. 곡물향, 은은한 단맛, 매우 부드러운 목넘김 후에 증류식소주",25,375ml,"경기미(용인백옥쌀), 경기미(보리), 밀누룩, 국, 효모",,"죽순, 표고버섯, 구기자를 넣고 끓인 삼취갱과 잘 어울린다. 개인차는 있겠지만 해산물, 고기류, 기름진 음식 등 어떤 음식과도 잘 어울릴 듯 ",Y,제이앤제이브루어리유한회사,경기도 용인시 처인구 양지면 남평로 114,https://smartstore.naver.com/jjbrewerykorea,
청혼 블루,"청혼 블루는 제이앤제이 브루어리에서 만드는 청혼 시리즈 4종 중 기본 약주입니다. 시원한 꽃향, 감귤향, 배향이 엷게 느껴지며, 단맛이 절제되",15,375ml,"경기미(용인백옥쌀), 밀누룩, 국, 효모",,"숙성 치즈, 폴리 피자, 수육, 어복쟁반 등",Y,제이앤제이브루어리유한회사,경기도 용인시 처인구 양지면 남평로 114,https://smartstore.naver.com/jjbrewerykorea,
뱅꼬레 더감,"강렬한 햇빛으로 좋은 과일이 만들어지는 청정 영천에서 직접 재배한 감으로 만든 와인. 화려한 황금빛, 열대과일향, 꽃향기가 느껴지며,  감의 ",12,750ml/375ml,"감, 효모",2017 찾아가는 양조장,"부드러운 과일 치즈, 가벼운 카나페와 가볍게 즐겨도 좋으며, 닭이나 훈제오리와 같은 부드럽고 담백한 요리, 김치찜, 갈비류나 양꼬치, 유산슬 ",Y,,,,
소풍,지리산 산청의 몬스터빌리지에서 2번째로 선보이는 톡소다 막걸리의 소풍.  탄산을 주입하지않고 발효과정중에 생기는 탄산을 그대로 병입한 천연탄산,5.5,750ml,"정제수, 쌀(국내산산청메뚜기쌀), 입국, 에리스리톨, 포도당, 효소처리 스테비아, 혼잡제제(효모, 유당, 넥스트린), 효소제, 탄산칼슘, 우유",,"문어숙회, 제철 생선회 등 해산물이나 치킨, 피자, 튀김류, 매운 떡볶이와도 잘 어울린다.",Y,몬스터빌리지,경남 산청군 산청읍 친환경로 2720번길 73,https://smartstore.naver.com/monstervillage,
설레 7도,971년 할아버지부터 이어온 산청양조장의 3대전승자가 또다른 양조장 몬스터빌리지에서 전통주입문자들과 술을 잘못하시는 사람들을 위해 개발한 무감,7,750ml,"정제수, 쌀(국내산산청메뚜기쌀), 국, 효모, 밀함유",,"부드럽고 달콤한 술이다보니 매콤한 음식과도 잘 어울리며, 다른 맛을 첨가하지 않은 비스킷과도 궁합이 좋다.",Y,몬스터빌리지,경남 산청군 산청읍 친환경로 2720번길 73,https://smartstore.naver.com/monstervillage,
호산춘,호산춘은 멥쌀과 찹쌀을 1대2 의 비율로 사용하며 쌀을 완전히 삭혀서 만들기 때문에 쌀 한되로 술 한되가 나오지 않는다. 담황색의 고운 빛갈을,18,700ml,"멥쌀(국내산), 찹쌀(국내산), 정재수, 누룩, 솔잎, 밀(곡류)함유","무형문화재(경상북도,제18호)","갈비찜, 고추잡채 등과 문경만의 약돌한우, 송이버섯 구이 등을 추천한다.",Y,문경호산춘,경북 문경시 산북면 운달로7,https://blog.naver.com/hwang79s,
복순도가 슈퍼드라이,"울산을 대표하는 프리미엄 전통주 브랜드 복순도가의 여섯번째 작품으로, 감미료 없이 쌀, 곡자, 정제수 세가지 재료로만 빚어냈다. 또한, 질 좋",6.5,935ml,"정제수, 쌀(국산), 곡자(밀)",,"홍어삼합, 새꼬시, 과메기, 해산물 파스타 등과 즐겨보면 좋다.",Y,복순도가,울산광역시 울주군 상북면 향산리 439,http://www.boksoon.com/,
붉은진주 머루와인 스위트,덕유산과 백두대간이 지나는 깨끗한 자연에서 자란 머루는 높은 일교차로 당도가 높고 색상이 짙다. 붉은진주는 덕유산 자락에서 자리잡은 청정지역과,12,750ml,"머루.(91.445%), 백설탕 (8.5%), 무수아황산(산화방지제) (0.035%), 소르빈산(보존료) (0.02%)",,"채끝살구이, 된장 숙성 삼겹살, 고추장찌개 등 대부분의 한식과 잘 어울리며, 간단하게 치즈와 함께 먹는 것도 추천한다.",Y,농업회사법인 ㈜ 붉은진주,전북 무주군 안성면 덕유산로 482,http://www.mujuwine.co.kr/,
붉은진주 머루와인 드라이,"일반 머루주와는 달리, 머루와인 Red Pearl은 엄선된 머루 원료100%를 발효한 순수 와인으로써, 알콜을 활용하여 추출한 머루주와는 품격",12,750ml,"머루(99.965%), 무수아황산(산화방지제) 0.035%",,"기름기 있는 음식의 느끼함을 잘 잡아줄 듯 하여 삼겹 김치찜, 막창구이, 샤퀴테리 등 양식류와 기름진 고기 등에 함께 곁들이는 것을 추천한다.",Y,농업회사법인 ㈜ 붉은진주,전북 무주군 안성면 덕유산로 482,http://www.mujuwine.co.kr/,
"산막와이너리, 미","청포도 청수가 산머루, 캠벨 얼리와 함께 블렌딩되어, 청포도의 향미를 뽐내는 레드 와인이다. 청포도와 함께 숙성하여 달콤한 풍미를 지닌 스위트",13,750ml,"포도, 아황산칼륨, 백설탕",,다양한 요리들과 즐길 수 있는 와인으로 한정식집 코스요리나 달콤한 디저트류와 잘 어울린다.,Y,산막와이너리,충북 영동군 영동읍 산막골길 31-45,http://www.sanmacwine.com/web/main/,
"산막와이너리, 아로퓨어","산막와이너리의 아로퓨어는 빛나는 루비빛을 띠고 있다. 투명도가 좋은 고품질 와인이며, 기분좋은 아로마가 가득 담겼다. 나무향, 흙향, 허브향,",13,750ml,"아로니아, 아황산칼륨, 백설탕",,"돼지고기나 가금류 요리, 가벼운 양념이 된 한식과도 어울린다.",Y,산막와이너리,충북 영동군 영동읍 산막골길 31-45,http://www.sanmacwine.com/web/main/,파리 와인컵 2021 브론즈 메달
"산막와이너리, 비원퓨어","산막와이너리의 비원퓨어는 산머루 100%로 만들어진 진한 풍미와 다양한 맛과 향을 가진 장기 숙성 가능 와인이다. 기분좋은 산미와 타닌감, 꽃",13,750ml,"포도, 아황산칼륨, 백설탕",,"대창, 막창, 양고기 스테이크 등 기름기가 있는 다양한 음식과 잘 어울린다.",Y,산막와이너리,충북 영동군 영동읍 산막골길 31-45,http://www.sanmacwine.com/web/main/,"프랑스 Paris Wine Cup 2021 실버 메달 수상, 세계 3대 와인대회 International Wine Challenge 2020 "
"산막와이너리, 비원",산막와이너리의 비원은 산머루와 캠벨의 이상적인 조화로 탄생한 블렌디드 레드와인이다. 독특한 향미와 세련된 밸런스가 돋보이는 와인이다. 스테인레,13,750ml,"포도, 아황산칼륨, 백설탕",,"고기 등 육류와 서양음식, 한식과도 잘 어울리는 와인이다.",Y,산막와이너리,충북 영동군 영동읍 산막골길 31-45,http://www.sanmacwine.com/web/main/,"London Wine Competition 2020에 출품, 대한민국 최초로 은상을 수상한 역사적인 와인"
"산막와이너리, 화몽",산막와이너리에서 최초로 생산한 와인입니다. 산뜻하고 신선한 스타일의 향기로운 레드 드라이 와인으로 화려한 과일향과 자연의 향미가 깔끔하게 담겨,13,750ml,"포도, 아황산칼륨, 백설탕",,"돼지고기, 삼겹살, 삼계탕, 잡채, 라면, 비빔밥, 불고기, 떡볶이, 오뎅탕",Y,산막와이너리,충북 영동군 영동읍 산막골길 31-45,http://www.sanmacwine.com/web/main/,
"산막와이너리, 라라","라라는 한국 와인의 메카, 영동 지역 와인이다. 생산자인 산막와이너리에서 청수 포도를 직접 재배하고 가공하여 만들고 있다. 저온침용을 통해 향",12,750ml,"포도, 아황산칼륨, 백설탕",,산도가 강하므로 해산물과 좋은 조화를 이룰 듯 하다. 또는 디저트와 페어링 하는 것도 좋다.,Y,,,,
도갓집 막걸리,"잘 익은 곡물향과 누룩향, 약한 바닐라 향과 풋사과 향을 느낄 수 있는다. 일반적으로 생각하는 막걸리의 표본과 같은 제품으로 4가지맛 감(단맛",6,750ml,"정제수, 쌀(국내산), 국(국내산), 물엿, 누룩(밀함유), 효모, 아세설팜칼륨(감미료)",,"닭볶음탕, 돼지갈비찜, 자반 고등어 등 맛과 향이 강한 음식, 대부분의 한식과 좋은 궁합을 가진다.",Y,삼호주조장,전남 영암군 삼호읍 대불주거5로 154,https://smartstore.naver.com/dogasjib/profile,
너브내 로제 스파클링,"딸기, 살구, 붉은 꽃과 은은한 모과 향, 나무 향, 은은한 단 향기가 느껴진다. 곶감 등 건조된 과일의 향도 느낄 수 있으며 오프 드라이한 ",12,750ml,"국산포도 효모, 설탕, 아황산나트륨, 수트랄로스, 자일리톨",,"치즈케이크, 바닐라 아이스크림 등 단맛이 되는 디저트류나 낙지 볶음, 닭갈비 등 약간 매콤한 음식과 잘 어울린다.",Y,샤또나드리,강원도 홍천군 서면 팔봉산로 811-28,www.neobeunaewine.com,
너브내 스파클링 화이트,진한 머스캣향과 향긋한 과일향이 풍부하고 산미의 조화가 돗보이는 와인으로 한가지 향만을 지난 단순함에서 벗어나 오감을 통한 다양함을 즐길수 있,12,750ml,"국산포도 효모, 설탕, 아황산나트륨, 수트랄로스, 자일리톨",,"감자요리나 각종 전 요리, 초밥, 새우 등 해산물 요리와도 잘 어울린다. 또는 프로슈토와 같은 염장한 햄, 부드러운 치즈 혹은 과일 타르트와도",Y,샤또나드리,강원도 홍천군 서면 팔봉산로 811-28,www.neobeunaewine.com,
선희주,"선희주는 멥쌀 죽과 소량의 누룩으로 밑술을 만들고 찹쌀로 덧술을 한 이양주로 무감미료이며, 발효, 숙성기간은 약 100일 정도 걸려서 빚었다.",12,375ml,"찹쌀(국내산), 멥쌀(국내산), 누룩(국내산), 정제수, 밀함유",2015 찾아가는 양조장,"기름진 음식, 육류, 생선류, 월남쌈 등과 잘 어울린다.",Y,중원당,충북 충주시 가금면 창동리 243,http://www.청명주.com/,
보은주,쿡피아의 대표이자 방송인인 이보은 요리연구가와 충북 무형문화재 청명주 제조기능보유자 김영섭 명인이 함께 연구 개발한 ‘보은주’ 이름처럼 은혜에,10,375ml,"찹쌀(국내산), 멥쌀(국내산), 누룩(국내산)",2015 찾아가는 양조장,"자극적인 음식보다는 손맛 묻은 반찬에 곁들이가 좋으며, 특히 한식요리와 잘 어울린다. 두부김치, 단호박 감자채전과 즐기면 풍미를 높여주고 입맛",Y,중원당,충북 충주시 가금면 창동리 243,http://www.청명주.com/,
화전일취 15,춘천에서 나는 멥쌀로 범벅을 쑤어 전통 누룩을 넣고 밑술을 빚어 찹쌀 고두밥으로 덧술한 이양주인 화전일취15는 옹기에서 장기 숙성하여 병입하므,15,500ml,찹쌀(국내산) 멥쌀(국내산) 전통누룩(국내산 밀) 정제수,,"한식 정찬, 구절판, 신선로, 너비아니 구이 등 한식과 잘 어울리고, 단맛을 받쳐주는 짭조름한 살라미나 크림치즈와도 잘 어울린다.",Y,농업회사법인 주식회사 지시울,강원도 춘천시 서면 박사로 741-5,https://smartstore.naver.com/whajeonilchwi,
2018년산 하미앙 오크와인,"하미앙 와인은 지리산 해발 500고지 이상에서 재배하는 산머루로 만든다. 지리산은 낮과 밤의 일교차가 크고 강수량이 적당하며, 게르마늄 지대의",12,750ml,국내산 산머루,2021 찾아가는 양조장,"그릴에 구운 육류와 구운 야채들, 향이 강한 치즈나 간장게장, 홍어찌개, 추어탕 등과 함께 하면 좋을 듯 하다.",Y,,,,
2016년산 하미앙 드라이,"하미앙 와인은 지리산 해발 500고지 이상에서 재배하는 산머루로 만든다. 지리산은 낮과 밤의 일교차가 크고 강수량이 적당하며, 게르마늄 지대의",12,375ml / 750ml,국내산 산머루,2021 찾아가는 양조장,"스테이크나 바비큐 등 육류나 사과파이, 에그타르트 등의 페이스트리 디저트류와 잘 어울린다. 특히 삼겹살에 칼집을 내어 와인에 절이면 더욱 부드",Y,,,,
2016년산 하미앙 스위트,"하미앙 와인은 지리산 해발 500고지 이상에서 재배하는 산머루로 만든다. 지리산은 낮과 밤의 일교차가 크고 강수량이 적당하며, 게르마늄 지대의",10.5,375ml / 750ml,국내산 산머루,2021 찾아가는 양조장,강한 음식과 잘 맞는 상성을 보여줄 듯 하다. 또한 쿠키나 치즈 등과 함께 디저트용으로 마시기에도 좋다. 뱅쇼나 양파와인을 만들 때에도 잘 어,Y,,,,코리아와인챌린지 국제와인대회 동상수상
일곱쌀,"알코올 7% 맑은 청량감과 함께 느껴지는 은은한 단맛, 풋사과향과 바나나, 멜론의 향이 치고 올라온다. 병입후 일주일정도 지나면 크리미한 탄산",7,500ml,"정제수, 멥쌀(국내산), 국, 효모",,"모듬전, 수육, 어복쟁반 등 한식이나 올리보오일 베이스의 파스타, 고트치즈 등과도 잘 맞는다.",Y,한아양조,서울시 서초구 동광로1길 95,https://hanayangjo.com,
열두쌀,"알코올 12%, 본격 녹진한 쌀의 질감이 있다. 향도 맛도 두배로 느껴지는 강력한 술이다. 바닐라와 쌀 젤라또 같은 느낌이 있다. 숙성시킬 수",12,500ml,"정제수, 멥쌀(국내산), 국, 효모",,"한우 갈비찜, 육전, 수육 등 술 맛을 잘 받쳐주는 소고기 요리나 돼지목살 스테이크, 전기통닭구이와 궁합이 좋다.",Y,한아양조,서울시 서초구 동광로1길 95,https://hanayangjo.com,
연꽃담은술,"10년의 연구와 임금누룩 “향온곡”으로 빚어낸 역작 연꽃을 주제로 빚은 첫 번째 꽃막걸리 시리즈 향온곡은 일반 누룩과 달리 밀, 보리, 녹두를",8,850ml,"둥굴레(국내산),개똥쑥(국내산),감초(국내산),향온곡누룩(녹두,보리,밀(국내산)), 사카린나트륨제제(포도당(70%),사카린나트륨(30%)(감미료))",,"연잎밥, 쑥떡, 사찰음식이나 매운 닭발 등 자극적인 음식도 잘 어울린다.",Y,한통술이노베이션주식회사,경기도 동두천시 쇠목길 325-2,www.hantongsool.com,
화천용화산,화천농협 정미소에서 갓 도정한 화천군100% 햅쌀로만 빚은 생쌀발효법으로 저온 장기발효로 완전발효함으로써 숙취가 적다. 10%의 도수임에도 목,10,750ml,"정제수,쌀(화천군),곡자(밀/국내산),이소말토올리고당,효모, 정제효소제 밀함유",,"보쌈, 고기와 같은 기름진 음식과 잘 어울리며 변주를 주고 싶다면 팥앙금을 넣은 앙버터도 좋다",Y,농업회사법인㈜화천주가,강원도 화천군 하남면 공단길18,www.hcjuga.co.kr,
북한강25,"북한강 맑은 물로 화천농부가 재배한 맛있는 갓 도정한 맛있는햅쌀, 누룩, 토종효모로만 만든 전통방식 막걸리를 걸러 약주로 오랜 장기간 저온 숙",25,375ml,"쌀(화천군), 누룩(국내산), 효모(토종), 정제수 [밀(곡류)함유]",,"하이볼 및 칵테일로도 충분히 즐길 수 있다. 쏘가리, 메기, 빠가사리 등 민물고기 매운탕과 잘 어울린다.",Y,농업회사법인㈜화천주가,강원도 화천군 하남면 공단길18,www.hcjuga.co.kr,
이강주,이강주에서 느껴지는 배의 묵직함과 생강의 향긋함 그리고 꿀의 달콤함은 각각 다른 도수에서 다르게 느껴져 마실 때마다 새롭게 느껴지는 술이다. ,19,375ml,"쌀, 소맥분, 정맥, 배, 생강, 계피, 울금, 꿀",,"전통주 입문자가 즐기기에도 거부감이 지극히 적은 스타일. 닭볶음탕, 양념치킨, 배를 넣은 소불고기 및 소고기 전골 등 추천한다.",Y,전주 이강주,전주시 덕진구 매암길 28,https://shopping.naver.com/fresh/traditionalalcohol/stores/100114116,
고소리술,제주도 최초의 쌀과 차조로 만든 40도의 곡물 원료의 증류식 소주이다. 견과류와 같은 고소한 향이 살짝 풍기면서 후미까지 여운이 이어진다. 그,"29, 40",375ml,"쌀, 차조, 입국, 누룩, 효모, 효소, 정제수, 스테비올 배당체",,"차게 얼려 마시면 그라빠와 같은 풍미를 느낄 수도 있다. 생선회, 해산물 등과 잘 어울린다.",Y,제주샘주,제주 제주시 애월읍 애원로 283,http://www.jejusaemju.co.kr,
이화주(술샘),한 숟 떠서 오물오물 머금는 독특하고 이색적인 막걸리인 이화주. 쫀득쫀득한 요거트를 연상시키는 술로 떠먹거나 물에 타서 마시는 등 기호에 따라,8,100,"쌀(국내산 경기미 100%), 누룩, 정제수",,"셀러드, 비스켓, 식빵, 제철과일 등이 이화주의 새콤함과 잘 어울린다.",Y,술샘,경기도 용인시 처인구 양지면 죽양대로 2298-1,http://www.sulseam.com,
담향 대대포 블루,전남 담양을 대표하는 지역 막걸리로서 담양군에서 재배한 친환경 유기농쌀과 토종벌꿀을 사용하여 장기저온발효공법으로 제조한 프리미엄 막걸리다. 인,6,600ml,"백미(국내산, 무기농 무농약), 벌꿀(국내산), 정제수",,"모듬전, 보쌈, 수육, 나물류 등과 잘 어울린다.",Y,농업회사법인 (주)죽향도가,전남 담양군 담양읍 외다길30,http://jhdg.co.kr/,
팔로미 더 블랙 26 (8ROMI 19+ THE BLACK 26),"충남 특등급의 당해년도의 햅쌀을 주 원료로 사용하였으며, 無첨가물, 無화학조미료, 無보존제를 유지합니다.비공개 특허기술과 상압방식의 2차 ",26,375ml,"정제수, 쌀(국내산), 찹쌀(국내산), 누룩",,,Y,농업회사법인 팔로미 주식회사,충청남도 홍성군 홍북읍 용봉산1길 3(홍북읍) 1층,,
팔로미 더 화이트 21 (8ROMI 19+ THE WHITE 21),"충남의 당해년도 특등급 햅쌀을 주 원료로 사용하였으며, 無첨가물, 無화학조미료, 無보존제를 유지합니다.비공개 특허 기술과 상압 방식의 2차",21,375ml,"정제수, 쌀(국내산), 찹쌀(국내산), 누룩",,,Y,농업회사법인 팔로미 주식회사,충청남도 홍성군 홍북읍 용봉산1길 3(홍북읍) 1층,,
진심 인삼주,진심 인삼주는 연한 미색을 띠며 6년근 인삼 한 뿌리를 같이 병입한 제품입니다. 특수공법으로 쌉싸름한 맛과 인삼 향을 최소화시켜 소주를 좋,19,375ml,"쌀(국산100%),정제주정 , 인삼침출액 , 홍삼농축액, 고과담 , 스테비오솔바톨 , 구연산 , 정제염",,삼겹살이나 김치찌개 또는 담백한 회 등 한국인들이 좋아하는 모든 요리와 같이 드시면 좋습니다.,Y,태평주가,전북 진안군 진안읍 연장리 1785,http://www.juga.co.kr/,
감싸주는날,직접 재배한 찹쌀과 국산 누룩을 이용하여 100일의 숙성을 거쳐 깊은 맛과 풍미를 자랑합니다. 달달하게 감기는 맛입니다.,16,750ml,"찹쌀(국내산),맵쌀(국내산),국화(국산),누룩(밀:국산) 정제수,효모",,,Y,농업회사법인(주) 두레박,충남 서천군 한산면 충절로 1154,,
스톰탁주,세계적인 인기 캐릭터 와 오리지널 스톰트루퍼 와 90년 전통의 밀양 클래식 술도가 가 협업하여 제작된 글로벌 막걸리 프로젝트입니다.기분 좋,6,500ml,"국내산 쌀 (밀양),정제수,쌀,입국,스테비올 배당체",,,Y,밀양클래식술도가,경상남도 밀양시 단장면 표총로 176-5 밀양클래식술도가,https://djclassicstore.modoo.at/,
보스토끼,보스토끼 막걸리는 단맛보다는 경쾌한 산미와 담백한 맛 거기에 적당한 탄산이 어우러진 Alc.9%무감미료 드라이 생 막걸리입니다.,9,700ml,"정제수,쌀(국내산),국(말함유),효모",,간이 세지 않은 음식과 페이링 시 보스토끼 막걸리 본연의 맛에 집중할 수 있습니다.기름지거나 자극적인 음식과 페어링하면 입안을 개운하게 정,Y,한강주조,"서울 성동구 돌레15길 12,2층,3층 한강주조",https://hangangbrewery.com/,
고창 복분자주 특4호,차게 해서 드시면 복분자 특유 적당한 단맛과 드라이한 맛이 어우러진 특별한 향미를 즐기실 수 있습니다.,18,500ml,"복분자48.8%(국산), 정제수, 수정, 설탕, 구연산, 알라닌, 스테비올배당체, 효모",,"장어, 소고기",Y,고창명산품복분자주,고창군 아산면 복분자로 196,https://bokbunjaju.modoo.at/,
너디호프,"너디호프는 처음에는 바질의 휘몰아치는 향,그리고 보태니컬한 맛, 그 되를 따르는 마지막 산미의 깔끔한 피니쉬가 조화를 이룹니다.",5,700ml,"정제수,찹쌀(국산),누룩,효모,정제효소,바질",,"파스타,피자,감바스,토마토 카프리제,모든 치즈, 바게트 샤워도우",Y,농업회사법인 상주주조(주),경북 상주시 남성로 73-15,https://smartstore.naver.com/nerdbrew,
병영사또,40도 고도주임에도 부드러운 목 넘김은 전통주의 새로운 품격을 느끼게 합니다.오랜 숙성의 완숙주로 향기가 은은하고 목 넘김이 부드러우며 숙취가,40,200ml,"쌀증류식소주원액[햅쌀(국내산)],복분자(국내산),오디(국내산),정제수",,매운 음식이나 기름진 음식과 함께하면 입안을 화사하게 정리해주어 궁합이 좋습니다.,Y,병영양조장,전라남도 강진군 병영면 하멜로 407,http://byjujo.co.kr/,
생딸기 막걸리,단맛을 내기 위하여 아스파탐 등 화학첨가물을 일체 넣지 않습니다. 햅쌀과 생딸기에서 우러난 천연의 건강한 단맛을 만끽합니다.,6,750ml,"햅쌀(국내산 신동진품종),쌀,쌀가루,국내산 딸기,효모,효소,정제수,프락토올리고당",,1 매콤한 안주와 한께!2 각종 전과 즐겨 보세요!3 더운날엔 상큼하고 달달한 슬러쉬로 드실 수 있어요!,Y,농업회사법인 상주주조(주),경북 상주시 남성로 73-15,https://smartstore.naver.com/topbrewery,
프렌치 린넨,청포도의 상큼함과 자몽의 새콤한 밸런스를 바질 향이 깔끔하게 잡아줍니다.,4.7,750ml,"사과즙60.80%(사과:국산), 정제수, 배농축과즙(고형분67%,배:국산), 벌꿀(국산), 청포도농축액(청포도100%), 레드자몽농축액(레드자몽100%), 바질, 청포도향, 탄산가스, 사과산(산도조절제), 구연산(산도조절제), 메타중아황산칼륨(산화방지제), 효모아황산류함유",,"파스타, 시금치, 크림치즈 등 달달 짭짭한 음식과 페어링 하기 좋습니다.",Y,농업회사법인 주식회사 비전레드,대한민국 충청북도 충주시,https://dancingcider.com/,
허니문배,신선한 국산 배즙과 달달한 꿀이 만나 완성된 스위트 배 사이더입니다.,4.9,750ml,"사과즙50.94%(사과:국산), 배즙20.79%(배:국산), 정제수, 벌꿀3.48%(국산), 홍차, 배향, 천일염, 탄산가스, 사과산(산도조절제), 구연산(산도조절제), 메타중아황산칼륨(산화방지제), 효모아황산류함유",,"육전에 파절이를 얹어 허브와 같은 파 향이 고기와 어우러질때 허니문배 한 모금이면 깔끔피니시 그 자체! 뿐인가요, 간장양념 베이스의 불고기,갈",Y,농업회사법인 주식회사 비전레드,충청북도 충주시 중앙탑면 인담길 35-1,https://dancingcider.com/index.html,
낙안읍성,"낙안뜰에서 친환경 지역 농산물로 재배한 우리 찹쌀, 다양한 발효균이 살아있는 전통누룩 그리고 천연암반수만을 사용하여 진한 감칠 맛을 느낄 수 ",12,750ml,"찹쌀 36%(국내산), 맵쌀 7%(국내산), 누룩2%(국내산), 천연암반수 55%,",,,Y,화목양조장,전남 순천시 낙안면 석흥신흥길 333,https://smartstore.naver.com/naganwine,
백제소주,"백제소주는 증류한 술을 한번 더 증류하여 더 깔끔하고,더 깨끗한 상태로 만들며 원주의 플로럴한 향을 가지며 8개월간 술 숙성 전용 항아리 숙성",25,375ml,"정제수, 쌀증류원액(쌀: 국내산 100%)",,"양고기,고기국수,닭곰탕,만두전골,명란계란탕 등",Y,내변산,전라북도 부안군 행안면 부안농공단지길14-11,https://smartstore.naver.com/odwine/products/6140247908?,
에피소드,"투명한 분홍 빛 하늘,끝 없이 이어진 풍요로운 들판,코끝을 자극하는 상큼한 바람이고 미지의 세계로 들어선 호랑이의 첫 번째 에피소드입니다.",9,750ml,"쌀(평택산100%), 사과, 꿀, 유자, 정제수, 누룩, 정백당, 로즈마리",,,Y,밝은세상영농조합,경기도 평택시 포승읍 충열길 37,https://www.instagram.com/tigercalyx/?hl=ko,
부안 참뽕주,6월에 바로 수확한 부안의 햇오디만을 사용하여 내변산 양조장만의 특별한 발효과장을 통해 오크 숙성하여 빚은 깊은 풍미를 내는 부안 참뽕 와인입,13,375ml,"정제수,오디(국내산)30.38%,설탕,주정,과당,구연산,효모,사과산",,,Y,내변산,전라북도 부안군 행안면 부안농공단지길 14-11,http://www.dongjinwine.co.kr/,
가무치,"가무치 소주는 잔에 따르는 순간부터 피어오르는 강렬한 향을 가진 소주입니다.하지만 그 속에는 섬세하고 부드러운, 신선한 향들을 가지고 있습",25,375ml,"정제수, 쌀(국내산), 입국, 효모",,가벼운 한식류 (국물이 맑은 탕 /계절 나물 무침) 담백한 해산물 (광어회/구운 흰살 생선),Y,농업회사법인 주식회사 다농바이오,충청북도 충주시 메가폴리스 1로 117,https://danongbio.kr/,
천상문,"엽전모양의 독특한 도자기와 끓이지 않는 삶을 상징하는 당초무늬, 깊은 바다같은 푸른색을 지닌 도자기가 특징입니다.명인의 소곡주와 조화를 이루어",18,500ml,"찹쌀37.37%(국내산),누룩14.01%(국내산),멥쌀11.21%(국내산),들국화,메주콩,생강,홍고추",,한산 소곡주는 빛깔은 청주와 같으며 부드러우면서 감칠맛이 나는 소곡주 특유의 향이 어우러져 담백한 안주와 함께 하신다면 한산소곡주의 풍미를 더,Y,한산소곡주,충남 서천군 한산면 충절로 1118,http://www.sogokju.co.kr,
토끼소주 블랙,술은 마시자마자 고소한 향이 은은한 스며드는 술입니다.깻잎에서 느낄 법한 향긋한 향이 입안 분위기를 화사하게 바꿉니다.,40,375ml,"정제수, 찹쌀(국내산), 누룩, 효모, 효소제",,"그림새우 ,양꼬치 , 꿔바로우",Y,농업회사법인 토끼소주 (주),충청북도 충주시 엄정면 신만리 105-3,https://tokkisoju.com/,
토끼소주 골드,"토끼소주를 미국산 버진 오크통 숙성을 거친 46도의 제품으로 오크의 바닐라와 다크초콜릿, 다크체리의 향긋함과 캐러멜, 구운 견과류의 부드럽고 ",46,375ml,"정제수, 찹쌀(국내산), 누룩, 효모, 효소제",,"장어구이 ,맑은 탕",Y,농업회사법인 토끼소주 (주),충청북도 충주시 엄정면 신만리 105-3,https://tokkisoju.com/,
산머루주,당도가 높고 과즙이 풍부하여 머루의 깊은 향과 맛을 느낄 수 있습니다.,16,360ml,"머루39.645%(국내산), 설탕, 메타중아황산칼륨(산화방지제), 효모, 주정, 정제수, 과당, 효소처리스테비아",,"치즈, 과일, 삼겹살",Y,농업회사법인 유한회사 덕유,전라북도 무주군 안성면 장무로 1375-7번길,https://meorusove.modoo.at/,
짝꿍막걸리,기존 막걸리에서 즐길 수 없었던 다양하고 복잡한 맛이 매력적인 술입니다.,8,620ml,"정제수 ,쌀(국내산),국,효모,밀합유",,"짭쪼롬한 안주, 나쵸",Y,한강주조,서울특별시 성동구 둘레15길 12,https://hangangbrewery.com/,
옛날 생동동주,깨지지 않고 동동 떠있는 쌀알들이 강하지 않은 자연 탄산과 함께 부드럽게 입 안을 넘어갑니다.,6,750ml,"물, 쌀(국내산), 쌀가루(국내산), 효모, 조제종국, 정제효소제, 젖산, 아스파탐(감미료,페닐알라닌 함유), 아세셀팜칼륨(감미료)",,"부침개, 전,달콤한 떡볶이, 삼계탕, 양녑치킨, 대하구이, 감자튀김 등",Y,남도탁주,전라남도 나주시 노안면 노안로 379,https://smartstore.naver.com/jeonggojib,
딸기아랑주,아랑주는 향긋한 딸기향과 딸기 본연의 달콤한 그 맛이 좋아 남녀 노소 누구나 부담없이 마시기 좋습니다.,6,750ml,"정제수,쌀(국내산),돌배(국내산),딸기(국내산),조제종국,누룩(밀),입국(국내산),스쿠랄로스(감미료)",,"매콤한 안주 ,단짠단짠 치즈 ,상큼달달 슬러쉬",Y,밀향,경상남도 밀양시,,
레돔 레드와인,"복분자와 체리와 같은 작고 붉은 열매 향이 나며 ,적절한 바디감과 부드러운 탄닌으로 편하게 마실 수 있는 레드와인입니다.",12,750ml,포도 (국산 100%) 99.996% 무수아황산 0.004%,,"치즈,브루스케타, 가벼운 한식.",Y,작은알자스,충북 충주시 수안보면 중골안길 14,https://smartstore.naver.com/lesdom,
옹기 막걸리,"단맛보다는 산미가 풍부해 느린마을 막걸리와는 다른 매력을 느낄 수 있고, 인공감미료 없이 우리 쌀로만 빚어 목넘김이 더욱 부드럽고 꾸밈없는 막",7,1980ml,"정제수,쌀가루(국내산),백설탕,활성건조효모(건조효모,유화제),국[조효소제(밀),정제효소],구연산,밀함유",,"한식 ,전류 ,육류.",Y,배상면주가,경기도 포천시 화현면 화현리 512,https://www.soolsool.co.kr/,
려 고구마 소주,여주산 고구마100%를 상압 증류 후 옹기 숙성 해 깊고 풍부한 풍미가 뛰어난 부드러운 맛입니다.,25,375ml,"쌀증류소주원액(여주산 쌀 100%),정제수,고구마증류소주원액(여주산 고구마100%)",,"탕류(조개탕,홍합탕,복어탕,어묵탕 등 )육류 (수육 , 보쌈,쇠소기,구이,삼겹살 등)샌선,해산물류(회,생선찜,생선구이 등) 간단한 안주류 ",Y,국순당여주명주,경기도 여주시 강천면 부평로 330,http://www.ksdyeoju.com/,
퍼플 진,달고 부드러운 맛이랑 거부감 없는 향기가 특징입니다. 증류주가 감미료를 넣은 것 처럼 달고 부드럽습니다.또한 향 손실을 방지하기 위해 특수한 ,36.5,500ml,"진원액,정제수,퍼플그레이프칼라",,"생선회 ,핑거푸에 곁들여서 드시면 더욱맛있습니다.",Y,술샘,경기도 용인시 처인구 양지면 죽양대로 2298-1,http://www.sulseam.com,
까망토끼,"까망토끼는 용인 백옥쌀과 국내산 흑미를 사용해 파스텔블랙 컬러의 매혹적인 색을 띄며,100% 수작업으로 빚는 프리미엄 탁주입니다.",9,375ml,"쌀,흑미 ,오미자(이상국내산),조효소제,정제수",,"전류 튀김류 ,우동 등등",Y,,,,
온지몬,"새콤 달콤 끝판왕 제주산 레몬을 세척 후 슬라이스해 직접 담근 청을 이용, 인공적인 행을 첨가 하지 않고도 자연스러운 레몬의 맛과 향이 잘 느",10,500ml,"정제수, 찹쌀(국내산), 레몬청, 고구마, 감자, 누룩(밀 함유)",,식전주로 먼저 드셔도 좋습니다.단ㄱ튀김이나 통삼겹구이 같은 기름진 음식과 함께 하면 느끼함을 싹 잡아줍니다.,Y,온지술도가,서울특별시 은평구 통일로 65길 26 지하 1층,https://onzisul.modoo.at/?link=3l9xu42n,
진도대복홍주 진 22호,홍주는 조선시대 진상품으로 꼽힐 만큼 그 붉은 빛깔과 향이 감미로운 술입니다. 애주가들에게 인정받으며 그 명맥을 유지하고 있는 전통 명주입니다,60,1800ml,"검정찹쌀(국내산),지초(국내산)",,,Y,진도대복홍주,전남 진도군 의신면 진도대로 2662-4,http://www.jindohongju.com/main.php,
방풍 막걸리,여수 금오도 방풍막걸리는 방풍 잎에서 추출한 방풍즙이 7.7% 첨가된 막걸리입니다.옛부터 풍을 예방한다고 하여 이름붙여진 방풍나물은 뛰어난 약,10,500ml,"정제수,쌀(국내산),방풍(국산)7.7%,누룩,수크랄로스(감미료)",,"보쌈,두부김치,골뱅이무침,파전 등등 ...",Y,금오도섬마을,전남 여수시 대유윗길47,https://campgold.modoo.at/,
운암 32오크,인공감미료 및 어떠한 당도 들어가지 않고 쌀 본연의 맛과 풍미에 집중한 무첨가 웰메이드 증류식 소주이며 32%도수지만 감압 증류 방식을 사용하,32,375ml,증류원액(쌀-국내산100%).정제수,,스테이크와 같은 양식과도 잘 어울리며 치즈처럼 간단한 핑커푸드와도 잘 어울립니다.,Y,맑은내일,경남 창원시 삼귀로 411-8,https://www.good-tomorrow.co.kr/,
청탁막걸리,100% 우리쌀로 만들어  더 건강하고 깊은 풍미를 느낄 수 있는 막걸리입니다.,5,750ml,"정제수,쌀(국산),곡자(누룩),아스파탐(감미료,페닐알라닌 함유)밀함유",,,Y,금정산성 토산주,부산 금정구 산성로 453,http://www.sanmak.kr/,
블링블링 바다별,"블링블링 바다별은 사과의 신맛과 달콤함이 어우러져 청량한 맛을 느낄 수 있으며, 아름다운 펄과 함께 마치 오로라를 연상시키는 리큐르입니다.",15,375ml,"정제수,사과(국내산100%),증류원액,정백당,효소처리스테비아,사과향(천연향료),구연산(산도조절제),진주빛색소,식용색소청색 제1호(착색료)",,"파스타,피자,샐러드 등과 잘 어울리며, 치즈 및 견과류의 간단한 안주류와 합께 드셔도 좋습니다.",Y,영덕주조,경북 영덕군 강구면 소월1길 16-10,https://ydjujo.co.kr/new/index.php,
화전일취18 백화,"화전일취18 백화 제조는 일 년 내내, 꽃이 피는 사계절 동안 양조장에서 피어나는 꽃들을 따 모아 말리는 것부터 시작합니다. 다양한 꽃을 넣어",18,500ml,"쌀,누룩,정제수,꽃22종",,,Y,농업회사법인주식회사지시울,강원도 춘천시 서면 박사로 741-5,https://smartstore.naver.com/whajeonilchwi,
홍시,"농축된 홍시의 단맛이 입안을 메우지만 잔상이 길지 않아 부담 없고, 후미에 씁쓸한 알코올 맛이 올라와 밸런스를 이룹니다.",12,700ml,"정제수,감[홍시]30.8%(국내산),액상과당,주정,설탕,DL-사과산,효모",,새콤한 샐러드류나 신선한 해산물류와 잘 어울려요.,Y,배상면주가,경기도 포천시 화현면 화현리 512,https://www.soolsool.co.kr/,
주향아라,3년간의 숙성을 통해 목넘김의 이질감을 최소화하여 마시는 순간 녹아 사라지는 듯한 깔끔함을 선사합니다.,55,375ml,"쌀(국내산),국,효모,정제수,정제효모",,주향숙성주는 문어숙회 또는 송어회외 같이 마시면 잘 어울립니다.,Y,담을술공방,충청북도 충주시 엄정면 신만리 211-34,https://dameul6267.modoo.at/?link=3n4jeerm,
얼떨결에 옐로,기존의 묵직한 바디감의 막걸리들 과 달리 청량하고 가볍습니다.,6,935ml,"쌀(국내산),좁쌀(국내산),옥수수(국내산),정제수,정제효모,효모,젖산(산도조절제),기타과당,곡자(밀),밀함유",,"떡볶이, 샐러드,치즈 등등 ..",Y,동강주조,"경기도 성남시 분당구 정자일로 95, NAVER 1784, 13561",https://smartstore.naver.com/eastriverbrewery,
애플블랑,"향긋한 사과향이 코 끝을 자극하며, 입안에서 퍼지는 낭만적인 달콤함과 연이어 찾아오는 부드러운 목 넘김을 경험해 보세요.",12,750ml,"예산사과(국내산) 86%, 설탕, 효모, 구연산, 무수아황산(산화방지제), 소르빈산칼륨(합성보존료)",,,Y,예산사과와인,충남 예산군 고덕면 대몽로 107-25,http://www.chusawine.com,
달,새콤하고 달콤하며 쌉싸름한 맛이 조화를 이루고 곡식향과 천연 탄산 감이 어우러진 우리 술 백미 탁주입니다.,12,480ml,"유기농 찹쌀(충남 홍성군 홍동면), 우리밀 누룩 , 암반수 약산샘물",,치즈와 궁합이 너무 좋습니다.,Y,농업회사법인 ㈜별빛드리운못,청남도 홍성군 결성면 만해로115번길 62-11,http://byulbit.kr/,
서울야행,"오직 쌀, 물, 직접 제조한 누룩으로만 담근 100% 순곡주입니다.",8,360ml,"정제수,쌀 (김포산),누룩 밀 함유",,"소고기구이 ,회무침 , 만두 .",Y,몽타주조,서울특별시 강서구 강서로54길 107 (범한빌딩) 2층 몽타주조,https://smartstore.naver.com/mongta_jujo,
딸기 스파클링와인,직접 재배한 딸기만을 가지고 특허받은 딸기와 인 제조법으로 만든 와인입니다.,12,750ml,"선신딸기90% ,아황산염,소르빈산염,백설탕",,"양식류 - 스테이크 등  ,간단한 안주류 - 치즈 등 ..",Y,해미읍성딸기와인,충청남도 서산시 고북면 산직마을길 85,https://xn--ok0b96k0npx9a.com/,
M24,시원한 술맛과 따뜻하고 스파이시한 목넘김이 반전 매력으로 온 몸의 열기가 진한 여운을 주는 특별한 술입니다.,24,375ml,"정제수,쌀,국,메밀",,"탕요리 , 닭요리",Y,용소주,강원도 홍천군 내촌면 용포길 31-25 ,https://smartstore.naver.com/yongsoju,
도원결의,청정지역 영덕의 해풍을 맞고 자란 복숭아를 천연 발효 기법으로 빚어 자연스러운 복숭아 향이 풍부하며 은은한 단맛과 상큼함이 조화롭고 목넘김이 ,40,360ml,"정제수,증류원액,복숭아(국내산),복숭아향(천연향류),포도당,효소처리스테비아,구연산",,"가벼운 과일 안주, 크래커, 떡볶이, 가벼운 스낵류, 매콤한 음식",Y,영덕주조,북 영덕군 강구면 소월1길 16-10,https://ydjujo.co.kr/new/index.php,
애플린,애플린 와인은 향긋한 아로마 향과 목 넘김이 부드러운 깔끔한 스위트 와인으로 인기가 많은 와인입니다.,12,750ml,"효모,설탕,구연산[산도조절제],소르빈산칼륨[보존료],수크랄로스[감미료],메타중아황산칼륨[산화방지제] 아황산함유",,"삼겹살,소고기 , 생선회...",Y,반딧불사과와인,전라북도 무주군 무주읍 유속1길 34,https://blog.naver.com/gosoon55,
해창 생막걸리,"땅끝마을 해남에서 온 프리미엄 생 막걸리 찹쌀과 멥쌀 그리고 물,원재료의 고요한 맛과 향을 그대로 담아 자연 발효로 장기간 숙성시켜 만듭니다.",12,900ml,"정제수.참쌀(국내산)15.3%,멥쌀(국내산),입국,곡자(밀) 밀합유 효모",,"전복구이 ,홍어무침, 김치찜, 빈대떡..",Y,,,,
제주 감귤주,신례명주는 반짝이는 황금빛 제주 감귤을 저온 발효하여 증류한 후 참나무통에 숙성한 술입니다.,50,750ml,"감귤(제주산)증류주원액,정제수",,"활어회 ,치즈, 육회 ..",Y,시트러스,제주특별자치도 서귀포시 남원읍 신례리 2191-71,https://www.ehondiju.com/,2023 몽드셀렉션 금상
대담 13,"대나무잎에는 플라보노이드 성분이 많이 함유되어 있어 항산화, 항노화 및 항균 활성 작용을 합니다.마지막 목넘김까지 대잎의 고유의 향미를 느",13,500ml,"국산 쌀, 국산 전통 누룩, 물,대잎",,"김치두부, 부추전 ,해물전..",Y,대밭고을,경상남도 사천시 곤양면 후전길 16,https://smartstore.naver.com/bamboosul,
대담 15,막걸리 단맛을 내는 인공감미료(아스파탐) 사용하지 않습니다. 오로지 쌀의 단맛으로만 맛을 낸 대밭고을의 약주입니다.,15,500ml,"국산 쌀, 국산 전통 누룩, 물, 대잎",,해산물과 더욱 어울립니다.,Y,대밭고을,경상남도 사천시 곤양면 후전길 16,https://smartstore.naver.com/bamboosul,
복숭아와인,투명하고 은은한 복숭아 향이 살아있는 산뜻한 바디감의 화이트 와인입니다.,12,500ml,"복숭아원액89.92%[국내산100%],설탕,효소",,"치즈,반찬",Y,솔티마을,세종특별자치시 전동면 솔티로 375-9 1층,https://smartstore.naver.com/solti,
레인보우,"국내산 포도,복숭아,블루베리,아로니아,사과,자두,머루를 도란원만의 특별한 제조법으로 빚어 새콤달콤한 과일 향의 풍미와 은은한 단 맛과 산미,부",12,375ml,"포도,복숭아,블루베리,아로니아,메타중아황산칼륨(산화방지제),사과,자두,머루(국내산100%)효모,아황산함유",,"카프레제,하몽,파스타,스테이크...",Y,도란원,충청북도 영동군 매곡면 옥전리 825-1,http://xn--hg3b13gpoq4muubvz4a.kr/,
만세 보령주,저온에서 충분히 발효 숙성되어 부드러운 맛과 깔끔한 청량감을 느낄 수 있는 전통주 고유의 맛과 향을 느낄 수 있습니다.,15,750ml,"정제수,백미(국내산)12%,찹쌀(국내산)37%,누록(밀)",,"안주로는 궁중요리,생성회,까나페,각종 해산물 요리와 찰떡 궁합처럼 잘 어울립니다. 담백한 식빵 안주도 추천드립니다.",Y,영농조합법인 보령전통주,충청남도 보령시 성주면 지게골길 47,https://smartstore.naver.com/boryengju,
하늘담6 생막걸리,"구수하고 달달한 맛에 살짝 쏘는 탄산감이 좋은, 전통 생막걸리의 진수입니다.",6,750ml,국내산 햅쌀,,,Y,순천주조,전라남도 순천시 이수로 97,https://smartstore.naver.com/mayday82,
희양산 생막걸리 9도,"담백하고 깔끔한 맛이 특징으로,단맛과 신맛,알코올이 균형을 갖춘 술입니다.",9,650ml,"쌀(국내산/무농약),효모,누록(밀/국내산),정제수",,"한식류 , 한정식 ..",Y,두술도가,경북 문경시 가은읍 가은5길 7,https://www.instagram.com/doosooldoga/,
경기 쌀 막걸리,국내산 세마쌀을 100%원료로 합성 첨가물 없이 순수 재료로 깨끗하고 정직하게 만들어 깔끔하고 깊은 맛을 느끼실 수 있습니다.,7.7,600ml,"물,쌀(경기미 세마쌀26.67%),국,효모,밀함유",,,Y,,,,
월탁,월탁은 막걸리 제조 과정 중 인공 첨가제나 과일을 넣지 않았음에도 과일향을 느끼실 수 있습니다.마시는 사람이 어떤 과일을 생각하는지에 따라 잔,13.1,500ml,"쌀(국내산), 정제수, 누룩",,,Y,한국술도가,전라북도 정읍시 답곡길 60,https://smartstore.naver.com/chan1990,
벼리,저온 숙성과정에 알코올을 일부 증발시켜 풍미를 가득 담았습니다.부드러운 목넘김과 깊고 상쾌한 맛을 느낄 수 있습니다.,6,935ml,국내산 쌀13%,,,Y,백년주조,경상북도 김천시 영남대로 1322,https://smartstore.naver.com/y100001,
온지오,손으로 직접 짜내어 주질이 부드러운 서촌 막걸리의 특징 그대로 목 넘김이 깔끔해서 가벼운 느낌으로 즐길 수 있습니다.,10,500ml,"정제수, 찹쌀(국내산), 건오미자, 고구마, 감자,누룩(밀 함유)",,닭튀김이나 통삼겹구이같은 기름진 음식과 함께 하면 느끼함을 싹 잡아줍니다.,Y,(주)농업회사법인 온지술도가,서울특별시 은평구,https://smartstore.naver.com/onzisuldoga,
삼해주,삼해 주는 고려 시대부터 이어져 온 서울지역의 전통주입니다. 원래 궁중에서 의식이나 행사 사용하거나 사대부 집안의 가양주로 애용되다가 조선시대,15,500ml,"양주쌀, 누룩, 정제수",,,Y,선인양조,경기도 양주시 가래비9길 12-29,https://smartstore.naver.com/suninbrew,
인천 생 소성주,기존의 막걸리의 이미지가 남성적이고 투박하며 거칠고 탁한 맛이었다면 생소성주는 여성들과 젊은층도 선호할 수 있도록 숙성시간과 담금횟수를 늘려 ,6,750ml,"정제수, 쌀(외국산),팽화미(외국산),이소말토올리고당, 국, 효모, 정제효소, 종국, 아스파탐(페닐알라닌 함유,합성감미료), 구연산, 밀(곡류)함유",,원료인 팽화미에서 나오는 고소한 향이 올라오는 것이 특징이다. 전체적으로 바디감과 목넘김이 가볍고 삼킨 후 남는 떫고 텁텁한 좋다. 생선회와 ,Y,인천탁주,인천광역시 부평구 안남로 433번길 14,http://sosungju.modoo.at/,
인천 소성주 플러스,소성주플러스 막걸리는 국내산 쌀과 한국 식품 연구원 우리술 연구팀과 공동개발한 국내산 전통 누룩의 우수효모로 만든 인천탁주에서 개발한 프리미엄,6,750ml,"정제수, 쌀(국내산), 국(밀함유), 팽화미(국내산), 올리고당, 효모, 아스파담(감미료, 페닐알라딘 함유), 구연산",,,Y,인천탁주,인천광역시 부평구 안남로 433번길 14,http://sosungju.modoo.at/,
쌀은 원래 달다,"자연의 맛 그대로,소중한 분과 함께하는 고품격 프리미엄 막걸리쌀은 원래 달다는 합성감미료를 전혀 사용하지 않고 오직 국내산 쌀로만 ",9,500ml,"쌀(국내산) 36.28%함유, 국, 효모, 혼합제제(효모가루, 유당)",,,Y,인천탁주,인천광역시 부평구 안남로 433번길 14,http://sosungju.modoo.at/,
궁예의 눈물,왕건이 궁예에게 잡혀 크게 울었다고 해서 이름붙여진 산정호수의 명성산 그 산의 억새를 재료로 만든 가양주,10,720ml,"포천쌀31.1%,누룩3.1%,억새어린순0.3%,정제수65.6%.",밑술 맵쌀 범벅+덧술 찹쌀고두밥,,Y,술빚는 전가네,경기도 포천시 영북면 산정호수로 335,https://www.sooldoga.com/home,
고향춘,쌀가루 누룩(이화곡)으로 빚은 과일향과 단맛이 조화를 이룬 탁주이다.,10,350ml,"포천쌀9.6%,찹쌀19.2%향미참쌀9.6%,전가네 이화곡3.8%,정제수57.8%.",밑술 맵쌀 + 1차 덧술 찹쌀 + 2차 덧술 누룽지향,,Y,술빚는 전가네,경기도 포천시 영북면 산정호수로 335,https://www.sooldoga.com/home,
붉은 산정호주,흑미 찹쌀로 빚은 삼양주. 마치 가을 산정호수에 비친 붉은 단풍이 연상되는 빛과 달달한 맛에 그윽한 향이 있는 술이다.,15,500ml,"포천쌀45.02%,흑미찹쌀4.5%,전가네 누로룩4.5%,정제수45.9%.",밑술 맵쌀 + 1차 덧술 찹쌀 + 2차 첫술 흑미 찹쌀,,Y,술빚는 전가네,경기도 포천시 영북면 산정호수로 335,https://www.sooldoga.com/home,
홍매반개주,팥을 원료로 세 번 빚은 삼양주. 창경궁의 500년된 홍매가 반쯤 피었을 때의 빛깔을 닮았다고 이름 붙인 약주이다.,15,500ml,"포천쌀45.02%,국산팥4.5%,전가네 누로룩4.5%,정제수45.98%.",밑술 맵쌀 + 1차 덧술 찹쌀 + 2차 덧술,,Y,술빚는 전가네,경기도 포천시 영북면 산정호수로 335,https://www.sooldoga.com/home,
전가네 육십일도,"인생의 새로운 출발의 의미인 환갑을 기념하며 마시기 위해 만든 술. 궁예의 눈물을 두 번 증류하고 지초를 통과시켜 61도로 만든 증류주, 실제",61,250ml/350ml,"쌀 30.8%,효모0.12%,젖산0.08%,옥분7.7%,억새어린숨0.77%,지초뿌리0.19%,정제수60.34%,",,,Y,술빚는 전가네,경기도 포천시 영북면 산정호수로 335,https://www.sooldoga.com/home,
전가네 사십오도,궁예의 눈물을 두번 증류하고 지초를 통과시켜 만든 증류주이다.,45,250ml/350ml,,,,Y,,,,
입술,술을 마신 날 밤 문을 차고 나간다는 전설의 비수리(야관문)이 들어간 40도 증류주로 원주는 궁예의 눈물로 두 번 증류한 후 다시 야관문 잎에,40,250ml/350ml,"쌀 효모, 젖산, 옥분, 어린억새순, 야관문, 정제수",,육류 및 생선회,Y,술빚는 전가네,경기도 포천시 영북면 산정호수로 335,https://www.sooldoga.com/home,
산정호수 솔잎주,궁예의 눈물을 두 번 증류하여 산정호수의 노송에 담궈 낸 30도 증류주이다.,30,350ml,"찹쌀32.4%,누룩0.65%,솔입0.005%,정제수60.94%",,,Y,술빚는 전가네,경기도 포천시 영북면 산정호수로 335,https://www.sooldoga.com/home,
두레앙 브랜디,"두레앙 브랜디는 증류 과정에서 두통을 유발하는 초류와 후류를 제거해 깔끔한 맛을 자랑한다. 특히 맛을 좋게 하기 위해 감압식 증류로 생산, 일",35,500ml,"포도96.1%,메타증아황산칼륨,효모,설탕,정제수",,알코올이 입술과 혀를 자극시키고 술을 마시고 난 후에도 입 안에 풍미가 가득하다. 굴 요리와 잘 어울린다.,Y,두레양조,충청남도 천안시 서북구 입장면 율목길 17-6,https://shopping.naver.com/fresh/traditionalalcohol/stores/100293334,2015 대한민국 우리술품평회 최우수상 수상
추시 감와인,추시는 홍국과 타닌으로부터 옅은 붉은 색을 띄며 감 고유의 은은한 향과 입안을 감싸는 독특한 떫은 맛이 특징입니다. 감을 사용한 술을 만들기 ,12.5,750ml,감.홍국.효모.포도당.주석산.펙티나제.헤미셀룰라제.효소처리스테비아.메타중아황산칼륨(산화방지제),,"육류(스테이크 등), 한식류(전, 나물 등)",Y,양촌감 와이너리,충청남도 논산시 양촌면 황산벌로 1075-21,https://smartstore.naver.com/choosi/?NaPm=ct%3Dlkm6j0d2%7Cci%3Dcheckout%7Ctr%3Dds%7Ctrx%3Dnull%7Chk%3D1c05f130954f743bc8fb02b7bf901eade5a17fdc,
양촌감 보드카,추시는 홍국과 타닌으로부터 옅은 붉은 색을 띄며 감 고유의 은은한 향과 입안을 감싸는 독특한 떫은 맛이 특징입니다. 감을 사용한 술을 만들기 ,32,375ml,"감발효증류주,정제수",,"삼결살,생선회,생선구이",Y,양촌감 와이너리,충청남도 논산시 양촌면 황산벌로 1075-21,https://smartstore.naver.com/choosi/?NaPm=ct%3Dlkm6j0d2%7Cci%3Dcheckout%7Ctr%3Dds%7Ctrx%3Dnull%7Chk%3D1c05f130954f743bc8fb02b7bf901eade5a17fdc,
일월삼주 이주,일월삼주 이주는 일월삼주의 두 번째 시리즈로 일월삼주 일주142를 맑게 여과한 뒤 숙성한 술입니다. 산미를 싫어하시는 분들도 반할 만한 향긋한,14.2,350ml,"찹쌀(함안군 무농약 찹쌀),빛올효모,누룩(밀함유),정제수",,해산물,Y,빛올양조연구소,경상남도 함안군 군북면 의봉로 27 (빛올) 빛올 (우 : 52060),https://smartstore.naver.com/shinybrewer,
유톡자톡,국내산 쌀에 유자를 더해 빚은 막걸리입니다. 유톡자톡은 화학첨가물을 일체 넣지 않고 국내산 우수한 품질의 양주 쌀로 만든 순수한 막걸리입니다.,6,800ml,"정제수,쌀(국내산),입국,감자,고구마,유자,효모,당류가공품",,"갈비찜,두부김치,족발,파전.닭갈비 곱창전골 양꼬치 양갈비",Y,양주도가,경기도 양주시 광적면 현석로 755 (우 : 11413),https://smartstore.naver.com/yangjudoga,
감성 막걸리,감성 막걸리는 천연 감미료와 국내산 100% 경기미를 사용하여 빚은 용인 지역특산주입니다.,6,750ml,"정제수,쌀(경기산),에리스리톨,국,효모",,"피자 ,족발,수욕,치킨",Y,주다솜,경기 용인시 처인구 모현읍 곡현로 680-2,http://judasom.cafe24.com/,
달막,달막은 탄산 없이 묵직한 바디감과 과일 향이 특징입니다. 달막은 술을 거른 이후 물을 조금도 타지 않은 순수한 원주입니다. 오직 쌀 본연의 깊,13,500ml,"정제수,쌀(국내산),국,효모,산도조절제",,"육전 ,홍어 삼합,닭백숙",Y,월광주조,광주광역시 동구 필문대로 279 2층 (우 : 61449),https://smartstore.naver.com/wgwgwg,
오미자씨,부드럽고 뽀얀 분홍빛의 색을 보고 딸기우유가 떠오르지만 그 맛은 그리 달지 않아 깔끔하고 질리지 않게 마실 수 있는 오미자 막걸리입니다. 탄산,7.8,650ml,"희양산우렁쌀(국내산/유기농100%),효모,오미자(국내산/무농약),누룩(밀/국내산),정제수",,"한식류,한정식",Y,두술도가,경북 문경시 가은읍 가은5길 7,https://www.instagram.com/doosooldoga/,
하얀허브,"하얀허브는 깨끗한 쌀,깨끗한 허브,깨끗한 누룩으로만 빚은 프리미엄 수제 막걸리입니다.",8,530ml,"쌀(국내산),누룩(국내산),허브(국내산 유기농)",,"샐러드,생선초밥,파스타 등등",Y,민주술도가,경기도 포천시 소흘읍 거친봉이길 58-35,https://blog.naver.com/minjusool,
벗이랑 마일드,100% 국내산 우수한 재료만을 엄선하여 한밭골 최고 품질 옥토미로 세 번 빚은 프리미엄 전통주입니다.,8,700ml,"쌀(국내산),정제수,누룩(밀함유),효모,정제효소",,"육류,해산물류와 한식,양식.",Y,석이원주조,대전광역시 동구 흥룡로71번길 27 (가양동),http://seokiwon.com/,
해 1614,덕유 와이너리에서 직접 재배한 청수만을 사용한 과실주입니다. 농촌진흥청 원예연구소에서 개발한 우리나라 품종 청수 청포도 특유 풍미가 진해 와인,12,750ml,"청포도(청수/국내산), 설탕, 메타중아황산칼륨(산화방지제), 효모",,,Y,덕유양조,전라북도 무주군 안성면 장무로 1375-7,http://www.meoruwine.co.kr/,
머루와인,"한국 최초 와일드베리(머루)로 만든 한반도 최초의 와인입니다. 무주 구천동 머루와인은 순간의 달콤함이 느껴지는 첫 맛, 천천히 올라오는 산미의",12,750ml,"머루(국내산), 설탕, 메타중아황산칼륨(산화방지제), 효모",,,Y,,,,
이천미 예술,"국내산 이천 쌀과 500년 전통 누룩으로 빚어 전통 누룩의 깊은 향과 쌀 고유의 자연스러운 단 맛,부드러운 목 넘김이 좋습니다.",14,750ml,"백미(국산),밀누룩(국산),정제수 밀(누룩)함유",,"보쌈,김치찜,튀김,파전.",Y,그린피엠,경기도 이천시 신둔면 용면리 10-14 전체,https://www.nooruk.co.kr/index.html,
한탄강 익스프레스,"단 맛 없이 깔끔하고 새콤하고 쌉쌀한 맛을 가진 탁주입니다.달고 무거운, 텁텁한 맛을 가진 막걸리에 질렸다면,한탄강 익스프레스는 깔끔하게 ",12,500ml,"멥쌀, 국, 효모, 조효소제",,"육류,매콤한 음식.",Y,두루미 양조장,강원도 철원군 동송읍 이평리 1564,http://xn--hu1b40gh1c27n9rc18a.kr/index.html,
포그막 10,조선시대 선비들에게 합격 찰떡으로 유명했던 유가 찹쌀만으로 빚은 술입니다.신맛을 강하게 생산하는 사워 효모를 사용하여 빚은 술입니다.,10,500ml,"정제수 ,찹쌀,국,효모",,"넛츠류,과일류,밀초콜릿.",Y,달성주조,대구광역시 달성군 논공읍 비슬로208길 10 달성주조,https://smartstore.naver.com/dalseongkr,
어린 꿀술,꿀이 아닌 [꿀술]에서만 느낄 수 있는 상큼하고 색다른 맛과 향을 만날 수 있을 겁니다.,11.8,500ml,"정제수, 꿀, 효모, 메타중아황산칼륨",,"식전주로 즐기셔도 좋고,올리브나 크래커 같은 간단한 와인 안주와도 잘 맞습니다.",Y,곰세마리 양조장,서울특별시 관악구 신원로3가길 21 지층 (우 : 08774),https://smartstore.naver.com/3bearsmeadery,
월광주 42,삼양주 막걸리를 전통 방식으로 증류한 원주 그대로의 소주입니다. 전통 소주 그대로의 깊은 맛과 향을 즐길 수 있습니다.,42,375ml,"쌀,물,누룩",,,Y,월광주조,광주광역시 동구 필문대로 279 2층 (우 : 61449),https://smartstore.naver.com/wgwgwg,
퓨레떼 라이트 스파클링,탄산과 어우러지는 사과의 싱그러움이 입안 가득 느껴집니다.,8,375ml,"정제수,설탕,구연산[산도조절제].펙틴,효모,스크랄로스[감미료],이산화탄소[탄산],소르빈산칼륨[보존료],메타중아황산칼륨[산화방지제]",,"디저트,케이크 ,마카롱",Y,애플린영농조합,전라북도 무주군 무주읍 유속1길 34 (우 : 55524),https://shopping.naver.com/fresh/traditionalalcohol/stores/100158233,
문콕,문삼이공 막걸리 저도수 버전으로 가벼운 맛 대비 화려한 풍미를 지니고 있습니다.,8,500ml,"찹쌀13.19%,멥쌀6.90%,누룩2.07%,정제수77.24%",,"떡볶이,골뱅이 무침,닭갈비,",Y,마마스팜,강원도 홍천군 서면 보리울길13번길 6 마마스팜 (우 : 25100),https://smartstore.naver.com/mogok,
고타 하이크,강원도 햅쌀을 사용해 빚은 고타 시리즈 막걸리는 부드럽지만 나약하지 않은 6도의 상쾌한 풍미가 있는 막걸리입니다.,6,750ml,"물,쌀(국내산),국,효모",,,Y,두루양조 용소주,강원도 홍천군 내촌면 용포길 31-25 (우 : 25163),https://shopping.naver.com/fresh/traditionalalcohol/stores/101740567,
포도 막걸리,리얼 100% 포도만 100% 천연발효 수제 막걸리입니다. 아스파탐은 물론 그 어떤 화학물질도 들어가지 않은 순수한 막걸리입니다.,12,500ml,"쌀(국내산-포천 으뜸쌀), 포도(국내산-포천), 누룩(국내산), 정제수",,"견과류,샐러드",Y,민주술도가,경기도 포천시 소흘읍 거친봉이길 58-35,https://smartstore.naver.com/minjusool,
연하,연하 막걸리는 붉은색의 노을빛을 담고 있는 제주의 술입니다.부드러운 질감에 요거트 향과 시트러스 한 향이 나는 것이 특징입니다.,12,330ml,"쌀(국내산), 누룩(국내산), 백년초(제주산), 진피(제주산), 정제수",,,Y,이시보 양조장,제주 서귀포시 대정읍 도원남로 158번길 36 이시보양조장,https://smartstore.naver.com/isibo,
농담,"무겁지도 않은 바디감은 물론,탄산감이 적어 목 넘김이 부드럽습니다. 달콤하고 화사한 풍미 가득한 단맛이 알코올의 쓴맛을 잡아줍니다.",16,375ml,"정제수,멥쌀(철원 오대쌀),국(쌀,밀),국화(국내산)효모(밀함유)",,"생선요리 , 초밥 , 구운치즈",Y,두루미 양조장,강원도 철원군 동송읍 금학로 31-72 동송농공단지 노금주가 (우 : 24025),https://smartstore.naver.com/doorumibrewery,
롤링,가볍지 않은 로제 와인의 깊은 진한 향은 [롤링]만의 특징입니다.,13.5,750ml,사과 원액 87.95%백설탕 12% 효모 0.02% 메타중아황산칼륨0.03%,,"생선 ,초밥,해산물, 나물,파전,피자...",Y,오르또 와이너리,경상북도 봉화군 춘양면 문수호 2105-47,https://smartstore.naver.com/ortowinery,
배꽃 필 무렵,쌀로만 만들어서 새하얀 색을 띠는 전용 누룩 [이화곡]으로 빚은 탁주입니다.,9,140ml,"쌀(국내산), 정제수, 누룩(밀)",,"구운 고기류 ,달콤한 디저트류",Y,예술주조,강원도 춘천시 신동면 풍류1길 6-3,http://www.ye-sul.co.kr,
이화주,이화주는 고려시대 때부터 빚어졌던 술로써 물을 거의 사용하지 않는 다는 것이 가장 큰 특징이며 농축 요구르트와 같은 된 죽 형태이고 달달한 맛,8.5,120ml,"쌀(국내산,양주시),찹쌀(국내산), 정제수, 쌀누룩",,"과일 ,견과류",Y,양주골이가,경기도 양주시 백석읍 부흥로983번길 12-27 (우 : 11506),http://egaju.co.kr/,2019년부터 2022년까지 대한민국 주류대상 대회에서 4년 연속 대상 2022 참발효어워즈 대회에서 대상을 수상2022우리술품
이화주 참,고려시대부터 전해 내려오는 전통 탁주입니다. 산미는 거의 없고 진한 단맛 뒤에 이내 쌉쌀한 맛이 따라와 마냥 달콤한 줄 알았던 맛에 반전을 선,9,150ml,"정제수,백미(국내산),입국(백미),누룩,효모",,"견과류,과일,빵,크래커",Y,백주도가,경상북도 예천군,,
한주매화,한주(汗酒)는 땀을 내듯 증류시킨 술로한방울 한방울 정성들여 만든 귀한 술을 의미합니다.,35,700ml,"쌀41.936%(국내산),정제수,누룩(밀)",,닭가슴살 구이.해산물,Y,한주양조,경기도 안성시 서운면 서운로241-14,https://www.hanju.kr/hanju,
문배술 천향,"무첨가물, 무가 향 국내산 수수와 조로 만든 순수한 증류주입니다.",40,375ml,"증류원액(조(국산), 수수(국산),효모,국,정제수), 정제수",,"양갈비,제육볶음,참치회,홍어무침",Y,문배주양조원,경기도 김포시 통진읍,https://www.moonbaejumall.com/,
감홍로,은은하고도 강렬한 계피 향미가 도드라지는 전통 증류주입니다.,40,400ml,"정제수,쌀(국내산),조,용안육,계피,진피,정향,생강,감초,자초",,"전과 같은 한식, 해산물과도 잘 어울리는 술입니다.",Y,감홍로,경기도 파주시 파주읍 윗가마울길 149,https://gamhongro43.modoo.at/?link=71vb2izg,
석로주,"색과 향, 맛이 조화롭게 어우러진 술입니다.전통 방식 그대로 세 번 빚는 프리미엄 삼양주입니다.",13,700ml,"맵쌀(국산), 정제수, 석이버섯(국산), 누룩(국산)",,"육류,해산물류와 한식, 양식",Y,석이원주조,대전광역시 동구 흥룡로71번길 27 (가양동),http://seokiwon.com/,
이강주 5호,"이강주(梨薑酒)는 조선시대 3대 명주 중 하나로서, 전통소주에 배(梨:배나무 이)와 생강(薑:생강 강)이 들어간다고 하여 이강주라 불리게 되었",25,500ml,"쌀(국산), 정제수, 배(국산), 정맥(국산), 생강(국산), 울금, 계피, 꿀, 효모, 누룩, 조효소제",,"육회,부침개",Y,전주 이강주,전북 전주시 덕진구 원동 617,http://www.leegangju.co.kr/,
홀리 엠,직접 재배한 메밀을 이양주 방식으로 빚어낸 메밀증류주입니다.,37,375ml,"오미자청, 정제수, 주정",,"탕요리, 닭요리",Y,두루양조,강원도 홍천군 내촌면 용포길 31-25 (우 : 25163),https://shopping.naver.com/fresh/traditionalalcohol/stores/101740567,
별헤주 1941,과학적인 검증을 거친 저온 숙성법을 활용한 증류주입니다.영양이 가장 풍부한 매실을 한 알 한 알 엄선하여 수확해매실의 깊은 맛과 향을 ,17,360ml,"매실(국내산), 정제수, 발효주정, 과당, 천일염,에리스리톨, L-아스파라긴산(영양강화제)",,"육류, 해산물, 한식, 양식, 일식, 중식",Y,백운주가,전라남도 광양시 옥룡면 죽천리 715-1,https://bwsool.modoo.at/?link=aitb18lf,
오매락 25,기존 오매락에서 느낄 수 있는 배와 매실의 진한 맛과 향은 그대로 유지하면서 알콜도수를 낮추었습니다.,25,375ml,"배증류원액(배81.07%), 매실(국내산), 오매(국내산0.01%)",,치즈,Y,,,,
세인트하우스 매실와인,단맛이 매우 강하고 산미가 적어 식후 디저트 와인입니다.,12,500ml,"매실(80%), 아황산염, 소르빈산염",,"양식류, 간단한 안주류 ,스테이크, 치즈",Y,해미읍성딸기와인,충청남도 서산시 고북면 산직마을길 85 농업회사법인 해미 읍성 딸기와인㈜ (우 : 32025),https://shopping.naver.com/fresh/traditionalalcohol/stores/100305527,
공주애 오디와인,공주애 오디와인은 검붉게 익은 공주산 오디 과실만을 채취하여 전래비법으로 숙성시킨 과실주입니다.,15,375ml,오디 (국내산 공주),,"육류, 장어구이, 과일, 야채, 까나페, 파스타.",Y,사곡양조원,충청남도 공주시 사곡면 마곡사로 49,https://www.bamsul.com/,
헤베 애플 사이더,헤베 애플사이더는 경북 의성 사과를 원재료로 어떠한 첨가물 없이 사과즙 100%에 소량의 효모만을 넣어 만들어진 프리미엄 사과 발효주입니다.,9,330ml,사과와인 (사과과즙 100%),,,Y,,,,
블링블링 바다별고래,바다별고래는 엄선하여 재배된 100% 국내산 포도를 사용하여 정성을 담아 탄생한 전통주입니다.,15,360ml,"포도, 정제수, 효소처리스테비아, 증류원액",,"치즈, 파스타, 피자, 샐러드.",Y,영덕주조,경상북도 영덕군 강구면 소월1길 16-10 (우 : 36450),https://smartstore.naver.com/yeongdeok,
해운대블루스,국내산 쌀을 발효 숙성하여 증류한 술에 직접 재배한 매실을 듬뿍 더하여 만든 전통주입니다.,17.3,360ml,"증류원액, 정제수, 매실, 기타과당, 에리스리톨",,"육류, 해산물, 과일, 치즈.",Y,농업회사법인 주식회사 참주가,전라북도 순창군 순창읍 신남무수길 51-24 (우 : 56051),https://smartstore.naver.com/chamsool,
여수밤바다 옥수수막걸리,지하 200m 청정 암반수에 국내산 쌀로 빚은 살균 막걸리입니다.,6,750ml,"정제수, 옥수수분말, 자일리톨, 효모, 누룩, 물엿, 정제효소",,,Y,새순천양조영농조합법인,전남 여수시 진남상가길 6(중앙동567-1),https://yeosubambadagifishop.modoo.at/,
풍정사계 하(夏),법주 발효 중 증류주를 첨가하여 저온 숙성한 과하주입니다.,18,500ml,"국내산(멥쌀,찹쌀,정제수,전통주-밀함유)",,생선회와 어울리는 술입니다.,Y,풍정사계,충청북도 청주시 청원구 내수읍 풍정1길 8-2,https://www.hwayang.co/,
한통의 구절초꽃술,상큼하고 순수한 곡향이 입안에 감미롭게 퍼져나갑니다.,11,850ml,"정제수, 기찬쌀, 구절초꽃, 연잎, 도꼬마리열매, 둥굴레, 감초,  향온곡 누룩, 사카린나트륨제제, 사카린나트륨",,"파스타,소고기,생선회,빈대떡.",Y,한통술,경기도 동두천시 쇠목길 325-2 B/D 전관 (우 : 11322),https://smartstore.naver.com/hantongsool,
청명주,새콤하게 입맛을 돋우는 산미와 깔끔함이 돋보이는 약주입니다.,13.8,375ml,"찹쌀, 정제수, 한영석 누룩",,"갈비찜, 삼겹살.",Y,한영석의 발효연구소,,,
대숲 맑은 담양향 Gold,담양의 친환경 쌀을 우리 전통의 소주 제조 기법으로 1~5년 저온숙성을 통해 만든 프리미엄 증류식 소주입니다.,41,375ml,"정제수, 쌀, 벌꿀, 조제종국, 젖산",,"한식,보쌈..",Y,죽향도가,전라남도 담양군 담양읍 외다길 30 (우 : 57333),https://smartstore.naver.com/jhdg,
이연56,무농약 수수를 사용하기 때문에 안심하고 마실 수 있는 국산 고량주입니다.,56,500ml,"수수, 누룩, 효모, 정제수",,,Y,한국고량주,충청북도 영동군 황간면 독점길 13,https://kokao.co.kr/,
복분자 그라빠,항아리 숙성 후 냉동여과공법을 이용해 복분자의 달달한 향과 깔끔한 맛이 특징입니다.,40,375ml,"증류원액(국내산 복분자), 정제수",,"육류, 치즈, 해산물.",Y,,,,
양반안동소주 3년산 호리병,100% 국내산 쌀과 안동 고지대의 암반수를 사용하여 만들어졌으며 어떠한 첨가물도 혼합하지 않은 전통 증류주입니다.,45,400ml,"쌀100%+천연암반수, 순곡주",,"삼겹살, 해산물.",Y,양반안동소주,경북 안동시 남후면 광음리 1111-2,https://www.sojumall.com/htm/main.htm,
샤토미소 복숭아와인,많이 달지 않고 미디엄 스위트 타입의 복숭아 와인입니다.,9,375ml,"복숭아, 설탕, 효모, 메타중아황산칼륨, 아황산",,"리코타샐러드 , 카나페.",Y,도란원,충청북도 영동군 매곡면 옥전리 825-1,http://xn--hg3b13gpoq4muubvz4a.kr/,
오계리와인 복숭아,경북 영천에서 재배한 복숭아로 만든 오계리 와인은 풍부한 과실향과 아름다은 빛은 띄는 프리미엄 와인입니다.,7,500ml,영천 복숭아 100%,,"흰살 생선 요리 ,해산물 요리",Y,오계리 와이너리,경상북도 영천시 금호읍 사근달길 93-7 (우 : 38882),https://smartstore.naver.com/ogyeri,
도원결의,"천연 복숭아 그대로를 첨가하여 빚어낸 부드러운 목 넘김과 과하지 않은 단맛, 상큼함의 조화가 돋보이는 리큐르입니다.",15,360ml,"정제수, 증류원액, 복숭아, 복숭아향, 포도당, 효소처리스테비아",,"헤비한 음식보단 가벼운 과일 안주, 달달한 스낵, 크래커",Y,영덕주조,경북 영덕군 강구면 소월1길 16-10,https://www.ydjujo.co.kr/new/index.php,
감자술,서주는 땅 속의 사과라고 불릴만큼 영양분이 풍부한 감자로 만든 와인과 같은 술입니다.,13,300ml,"정제수, 쌀, 감자, 누룩, 효모, 밀곡류 함유",,"감자전, 육회, 수육, 참치회.",Y,오대서주 양조장,(25326)강원도 평창군 진부면 영정게길 57-1 오대서주양조장,https://www.pcwine.co.kr/,
14도 자색고구마 막걸리,"자색고구마막걸리는 누룩과 쌀로 처음 밑술을 만들어 발효시킨 후,고두밥과 자색고구마를 넣어 두 번 발효시키는 이양주 방식으로 빚어진 탁주입니다",14,375ml,"쌀, 국, 물, 효모, 자색고구마",,"모든전, 두부김치.",Y,12월의 양조장,강원도 원주시 신림면 삼봉2길 27,https://ssalosul2016.modoo.at/?link=aas2x3wu,
병영소주,100% 국산 보리를 발효 및 증류하여 만든 보리소주입니다.,40,500ml,"보리증류식소주원액, 정제수",,"한식, 육류, 해산물.",Y,병영양조장,전라남도 강진군 병영면 하멜로 407,http://www.byjujo.co.kr/,
더찾을수록(아메리카노향),"더 찾을수록은 사과와인을 베이스로 만들어져, 독한맛이 없고 부드럽고 순한 느낌을 주는 과실주입니다.",14,360ml,"사과와인, 정제수, 정제주정, 커피향, 사과산",,"파스타, 해산물,치즈 .",Y,한국애플리즈,경북 의성군 단촌면 일직점곡로 755,http://www.applewine.co.kr/,
좋은저녁석류 추석에디션,기존의 와인 제조법에 산들벗만의 제조 기술을 도입하여 산머루만의 장점을 최대한 살려 빚은 과실주입니다.,12,750ml,"석류, 설탕, 효모, 소르빈산칼륨, 산성아황산나트륨",,과일이나 샐러드 또는 치즈가 들어간 음식과 함께 먹으면 잘 어울립니다.,Y,산들벗,전라북도 무주군 적상면 서창로 72 (산성와인사업소) 농업회사법인 산들벗주식회사 (우 : 55527),https://smartstore.naver.com/sd_associates,
고메순,진주 곡자 전통누룩으로 만들어 우리나라 전통 막걸리의 풍미가 살아있으며 살아있는 효모가 계속 발효하여 풍부한 자연 탄산이 특징입니다.,6,1000ml,"정제수, 쌀, 찹쌀, 누룩, 자색고구마, 효모, 효소처리스테비아",,,Y,한사도가,경상남도 통영시 욕지면 천왕로 16-2 (신화돼지국밥) 2층 (우 : 53100),https://smartstore.naver.com/hansandoga,
나주배약주,영산강이 키워낸 영양이 풍부한 쌀과 금성산 자락 맑은 암반수로 정성스레 빚어낸 정고집만의 이유 있는 고집입니다.2200시간의 오랜 발효,15,500ml,"쌀, 쌀가루, 나주배 착즙액, 누룩, 정제효소제, 종국, 젖산, 효모",,"대하구이,방어회,갑오징어회,생고기,육회,곱창 등등",Y,정고집,전라남도 나주시 노안면 노안로 379 (남도탁주) 남도탁주 (우 : 58209),https://smartstore.naver.com/jeonggojib/,
조선주조사,일주일의 발효과정과 20일간의 저온 숙성 과정을 거쳐 탄생한 조선주조사는 곡물의 잡미를 최소화하고 깨끗한 맛을 살립니다.,14,700ml,"쌀, 입국, 누룩, 주정, 정제수",,"숙성회,단새우 사시미 ,문어숙회,오징어회,해산물 등등 ..",Y,우포의아침,경상남도 창녕군 대지면 대지농공단지길 40 (대지면) (우 : 50319),https://smartstore.naver.com/upo2017,
드랍더비트,제주 레드비트는 서양 채소 4총사 중 하나로 내륙보다 따뜻한 기온과 바다에서 불어오는 해풍을 이겨내며제주에서 재배된 작물입니다.이러한 레드비트,14,375ml,"정제수, 포도당, 레드비트, 효모",,"견과류,불닭,양념치킨,돼지고기 두루치기",Y,제주왕지케,제주특별자치도 제주시 한경면 고산로2길 22-13,http://www.jejukingland.com/,
아리아리,아리아리는 쌀과 누룩으로 빚은 아리까리한 술입니다.부드럽고 가벼운 바디감에 풍부한 과실향이 더해져 산뜻한 맛과 향을 지녔습니다.,12,500ml,"쌀, 국, 효모, 정제수",,회 생선류.,Y,제이앤제이브루어리,경기도 용인시 처인구 양지면 남평로 114 (호심갤러리) (우 : 17161),https://smartstore.naver.com/jjbrewerykorea,
비노 페스티바 화이트,"달콤한 포도향과 함께 사과, 체리향이 느껴지는 화이트 와인입니다.",12.5,750ml,"청수 포도, 효모",,"치즈와 토마토 스파게티 등 양식류 ,싱싱한 굴이나 조개 등의 갑각류, 해산물.",Y,비노케슬,경상북도 경산시 남천면 산전길 84 (우 : 38695),https://smartstore.naver.com/vinocastle,
댄싱22,100% 국산 사과 약 7개를 저온에서 진공상태로 증류하여소주의 쓴 맛은 없애고 사과의 은은한 단맛과 향만 남은 증류주입니다.,22,375ml,"정제수, 사과증류원액, 사과농축액, 사과향",,"물회,대하구이,오징어 초무침",Y,댄싱사이더,충청북도 충주시 중앙탑면 인담길 35-1 댄싱사이더 컴퍼니 (우 : 27447),https://smartstore.naver.com/dancingcider,
만월  24/40,"높은 도수와 반대로 목 넘김이 부드러웁니다.또한, 색소를 사용하지 않고 복분자 원료가 들어가 선명한 붉은색을 띄며 복분자 향이 은은하게",24%/40,360ml,"단수수증류원액, 복분자과즙, 정제수",,"장어구이,구절판",Y,착한농부,경상북도 예천군 용문면 복천길 16-8,http://www.macatto.co.kr/,
죽력고,"대나무를 토막 내 불을 지펴 흘러내리는 대나무즙‘죽력’에대잎, 석창포, 계심 등을 넣고 소주를 내려 증류시킨 술입니다.",32,700ml,"쌀, 죽력, 누룩, 정제수",,"해산물,전골",Y,태인양조장,전라북도 정읍시 태인면 태흥리 392-1,http://www.xn--og5bv8a5dl6a612a.com/,
고흥유자 08,"고흥 유자주, 일명 고유 08은 100% 고흥 유자와 고흥 쌀로 술을 빚어 곡물의 고소함과 유자의 새콤달콤한 향을 느낄 수 있습니다.",8,500ml,"쌀(고흥산), 입국(쌀), 누룩, 정제효소, 효모, 정제수, 유자(고흥산), 원당",,,Y,녹동양조장,전라남도 고흥군 도양읍 목넘가는길 52-5 (일반공장) (우 : 59557),https://smartstore.naver.com/eotteonharu,
선산 스위트,선산 스위트는 쌀에서 나오는 당분과 산미에 초점을 맞춘 우리술입니다. 일반 막걸리와 달리 높은 농도의 진한 쌀맛을 느끼실 수 있습니다.,8,750ml,"쌀(선산찹쌀100%),누룩(국내산),효모,정제수",,"매콤한 찜요리 ,다양함 전요리 .",Y,선산주조,경상북도 구미시 봉곡동로2길 13-1 101호 선산주조 (우 : 39206),https://smartstore.naver.com/theseonsan,
힙걸리,단맛을 위한 인공감미료 첨가 대신 막걸리를 장기숙성시켜 쌀의 단맛과 향긋한 과일향으로 딸딸함을 최대한 끌어냈습니다.,6,500ml,"정제수, 쌀(국내산), 국, 효모 (밀함유)",,"전,양식,치킨,피자,건어물,떡볶이 등",Y,봄내양조장,강원특별자치도 춘천시 퇴계동 906-3,https://smartstore.naver.com/bomnaeyangjo,
선희 10,"선희10은 항아리에서 100일 동안 저온 발효 숙성하는 오렌지 ,충주 사과 막걸리입니다.",10,330ml,"정제수,참쌀(국내산),멥쌀(국내산),사과(국내산),고구마(국내산),오렌지(미국산),누룩(국내산)",,"떡볶이,피자,양념치킨.",Y,중원당,충주시 중앙탑면 탄금대로 626,http://www.xn--v42bo8x7wc.com/main/index.php,
청명탁주,청명탁주는 일체의 첨가물 없이 찹쌀과 누룩으로만 만들었습니다.기존의 청명주와 달리 구멍떡으로 밑술을 빚는데 다른 밑술에 비교하면 쉽지 ,12,375ml,"국내산 찹쌀, 국내산 누룩, 국내산 소맥분",,"양념육, 돼지갈비 등이 잘 어울립니다.",Y,중원당,충북 충주시 가금면 창동리 243,http://www.청명주.com/,
마크홀리 핑크,국내산 쌀과 전통 누룩 대신 맥주 효모를 사용해서 빚은 생 막걸리입니다.,10,500ml,"정제수,쌀(김포산),국,산도조절제,효모",,,Y,홀리워터,"서울특별시 성동구 성수일로4길 10 (평화기업사) 지하1층, 1층(성수동1가) (우 : 04780)",https://smartstore.naver.com/markholy,
담은 블랙,"담은은 특유의 부드럽고 달콤한 맛을 내기 위해 생쌀 그대로 발효하는 담은만의 수제 공법을 고집하고 있으며 쌀이 주는 고유의 맛과 질감,그리고 ",6.5,750ml,"정제수,흑미,쌀(국내산),젖산효모,기타과당,정제효소제",,전,Y,포천일동막걸리,"경기도 포천시 일동면 운악청계로 1597, 2층",https://smartstore.naver.com/1932,
ULSSIGO 얼씨고,얼씨고는 100% 천연 재료만 사용하여 만든 한국식 리큐르입니다.3번 정제를 통해 목 넘김이 부드러워 특유의 맛과 향을 은은하게 즐길 수,30,750ml,"정제수, 주정, 헛개나무열매, 키위열매, 천연향료, 구연산(무수), 효소처리스테비아, 올리고당",,"피자, 파스타, 스테이크 등 파티음식, 육류, 해산물 등 각종 다양한 음식에 감칠맛을 더해줍니다.",Y,까치설,전남 장흥군 장동면 석교상방이길 165,https://까치설.com/,
주향이오,주향이오는 부드럽고 새겅이 강하지 않으며 주향담을은 약간의 단맛에 은은한 향이 납니다.,25,375ml,"쌀(국내산),국,효모,정제수,정제효소",,"문어숙회 ,송어회",Y,담을술공방,충청북도 충주시 엄정면 신만리 211-34,https://dameul6267.modoo.at/,
농태기,"알싸한 고추씨의 스파이시한 맛과 구수한 누룩의 향미,특유의 산미로 끝맛이 깔끔합니다.",25,300ml,"정제수, 쌀(국산 충북음성 다올찬쌀)",,"꼬치류,전,부침개.육류 등등 ..",Y,하나도가,충청북도 음성군 금왕읍 대금로1851번길 9 1층 하나도가 (우 : 27626),https://smartstore.naver.com/hanadoga,
하늘아래서,"숙성된 단감와인을 감압증류하여 부드러우면서 깨끗하고,100% 국내산 단감의 고유한 향과 풍부한 맛을 담아낸 증류주입니다.",24,375ml,"단감증류원액,정제수",,,Y,,,,
청춘7도,청춘 7도는 청주의 청원생명쌀[특등급]로 만든 막걸리입니다. 부담스럽지 않은 단맛과 막걸리 특유의 바디감이 특징입니다.,7,500ml,"정제수, 쌀(국내산), 국(밀함유), 효모",,매콤한 한식과 잘 어울립니다.,Y,청해주조,충청북도 청주시 상당구 무심동로336번길 97 1층,https://smartstore.naver.com/blueboarbrewery,
모을동주 소주,"주정에 감미료를 타서 만든 저렴한 희석식 소주가 아닌, 술덧을 증류한 그대로를 담은 오리지널 증류식 소주입니다.",43,375ml,"물, 쌀(철원군), 국, 효모, 밀함유",,"버섯 전골 ,차돌박이 숙주 볶음.",Y,대작영농조합법인,강원도 철원군 동송읍 이평로34번길 20-28,https://blog.naver.com/daejak_ricewine,
비왈츠 로지,비왈츠 로지는 국내 최초로 만들어진 로도멜(미드+장미 꽃잎)입니다.춘천에서 양봉한 아카시아 벌꿀과 유기농 장미가 들어가 싱그럽고 달콤한 맛,8,500ml,"벌꿀(국산), 유기농건조장미잎(국산), 정제수, 효모, 효모영양제, 구연산",,"카프레제 샐러드,문어 샐러드, 스테이크 타르타르, 크루아상",Y,미더리봉자,강원도 춘천시 소양고개길 6 미더리봉자 (우 : 24272),https://smartstore.naver.com/beewaltz,
사일로 막걸리,사일로 막걸리는 3번의 담금 과정을 거친 삼양주입니다.원재료 이외의 어떠한 첨가물도 들어가지 않은 막걸리입니다.,10,500ml,"찹쌀(국내산), 멥쌀(국내산), 개량누룩, 정제수",,,Y,사일로 브루어리,세종시 연동면 청연로 716,https://silobrewery.co.kr/,
달 15%,"은은한 단맛과 산미가 조화로우며,풍부한 꽃향기와 깔끔한 피니쉬가 특징입니다.",15,375ml,"쌀(화성시), 누룩(국내산), 정제수",,,Y,술로우,경기도 화성시 마도면 마도로609번길 16-1 1동 술로우 (우 : 18541),https://smartstore.naver.com/sulow_brewery,
형형40,상상 이상의 부드러운 목넘김과 고유한 쌀 향을 머금은 깔끔한 증류주입니다.,40,500ml,증류원액(경기도 친환경 쌀100%).정제수,,"갈비찜,전골요리",Y,농업회사법인 (주)온증류소,경기도 광주시 봉골길134번길 42-7 (우 : 12774),https://smartstore.naver.com/distilleryon,
연연 25,쌀 소주에 깨의 향을 더하여 두 번 내린 증류주입니다.,25,300ml,증류원액(경기도 친환경 쌀100%).정제수,,"생선회,두부 요리,산채 요리",Y,농업회사법인 (주)온증류소,경기도 광주시 봉골길134번길 42-7 (우 : 12774),https://smartstore.naver.com/distilleryon,
호심,호심은 찹쌀 없이 멥쌀 100%로만 만들어서 담백합니다. 새콤달콤 깔끔한 단맛입니다.,17.5,375ml,"쌀(경기미), 국, 효모, 정제수",,제육볶음,Y,농업회사법인제이앤제이브루어리,경기도 용인시 처인구 양지면 남평로 114,https://smartstore.naver.com/jjbrewerykorea,
와구리 막걸리 세미스위트,은은한 쌀꽃향이 나는 가볍고 부드러운 막걸리입니다.,5,480ml,"정제수,쌀(국내산),입국,누룩,효모,정제효소제,기타과당(옥수수전분100%)",,"한식,육류,식사류.",Y,,,,
긴밤을 지나,깔끔한 맛과 부드러움이 특징인 청주를 베이스로 향긋하고 매력적인 석류향을 더한 전통주입니다.,12,360ml,"정제수,주정,청주,정백당,구연산,석류향,아세셀팜칼륨,식용색소 적색40호",,,Y,더한주조,서울시 은평구 증산로7길 28-13,https://www.thehan.kr/,
바람한줌 달빛한줌,산들벗에서 제조하는 머루와인와 머루주 등 과실주는 해발 300미터 이상 고랭지에서 재배된 산머루를 발효시켜 맛과 향이뛰어나며 색이 매우 아,12,750ml,"머루(국내산),설탕,효모,소르빈산칼륨(합성보존료),산성아황산나트륨(산화방지제)",,"치즈,과일,야채,파스타,까나페,브루스케타.",Y,산들벗,전라북도 무주군 적상면 사천리 205,https://smartstore.naver.com/sd_associates,
PODO 포도,전라북도에서9월 수확한 캠벨포도를 발효하여알콜 9도로 가볍게 달달하게 즐기실 수 있는수제와인입니다.,9,750ml,"정제수,포도(국내산)42.694%,설탕,주정,올리고당,효모",,"디저트 류 (케이크, 과자류)",Y,내변산 양조장,전라북도 부안군 행안면 부안농공단지길 14-11 (내변산) (우 : 56303),https://smartstore.naver.com/odwine,
소계리595 드라이,캠벨의 상큼함을 느낄 수 있는 와인입니다.,12,750ml,"포도(국내산),설탕,효모,메타중아황산칼륨(산화방지제),아황산함유 소브산칼륨(보존료)",,"삼겹살,스테이크,케이크",Y,소계리와인,충청북도 영동군 추풍령면 은편길26,https://smartstore.naver.com/sokyeriwine,
숲향벼꽃 술도깨비,"숲향벼꽃 술도깨비는 단일 발효국이 아닌 특허 등록된 된 표고균사체배양미,인삼을 활용한 약용국,개량누룩 등을 배하는 비법으로 빚어 오감의 풍미,",5.8,500ml,"정제수, 찹쌀(한국), 멥쌀(한국), 국(한국/쌀, 밀), 식물(한국:헛개열매, 국화, 표고, 여주, 감초), 조제종국, 정제효소, 효모, 아스타팜(합성감미료, 페니알라닌함유)",,,Y,까치설,"전라남도 장흥군 장동면 석교상방이길 165, 까치설",https://smartstore.naver.com/magpieyear,
BURNT 번트,번트 보리25는 한국 최초의 볶은 보리 소주입니다.숨쉬는 항아리에서 숙성된 소주는 목넘김이 부드럽고 원재료의 향과 맛이 살아있는 것이 특징입니,25,375ml,"메밀(강원도 양양산100%)증류원액,정제수",,"육류,생선회,오뎅탕,조개찜",Y,브리즈앤스트림,강원도 인제군 기린면 조침령로 1628 (브리즈앤스트림) 1층 (우 : 24653),https://smartstore.naver.com/breeze_n_stream,
선산 베이직,"순곡주로 산미,은은한 여러 진한향을 느끼실 수 있는 깔끔한 샴페인 같은 단양주입니다.",6,700ml,"쌀(선산찹쌀100%),누룩(국내산),효모,정제수,",,"제철 해산물 요리,파스타 요리,간단한 견과류",Y,선산주조,경상북도 구미시 봉곡동로2길 13-1 101호 선산주조 (우 : 39206),https://smartstore.naver.com/theseonsan,
폭스앤홉스,"국내산 재료로 만든 전통주,국산재료만 사용하여 황금빛색의 술에 국내산 홉의 잔향,꽃향기를 맡을 수 있고, 적당한 탄산감으로 충분한 청량감을 느",9,500ml,"쌀(국내산/지역햅쌀 100%), 입국, 홉(국내산 0.31%),정제효소제, 효모, 정제수",,,Y,,,,
탱자 C,"탱자-씨 증류주는 술의 품질을 위해 증류중 초류, 후류를 과감 하게 제거하여 본류에만 충실한 증류주이며 평균 4개월의 숙성 과정과 5회의 숙성",23,375ml,"증류원액[김해산 햅쌀100%, 진영단감 발효수(28.5%),자연야생탱자(22.5%), 누룩(밀함유,국내산)], 정제수, 효모",,"족발,골뱅이무침,물김치",Y,농업회사법인(주)가야양조장,대한민국 경상남도 김해시 한림면 46번길 79-1,https://shopping.naver.com/fresh/traditionalalcohol/stores/102132925,
멜라 탠저린 과하주 13도,"멜라는 약주에 소주를 더한 과하주입니다. 여름을 나는 술 이라는 뜻인데요, 이름만큼 더위에 강해서, 무더운 여름에도 잘 변하지 않는다는 강점을",13,750ml,"정제수,기찬쌀(국내산),조(좁쌀(국내산)),설향곡누룩(기찬쌀(국내산),우리밀(국내산))증류주원액(기찬쌀,향온곡),벌꿀(국내산),한라봉과즙(국내산),",,"고소한 치즈, 타코, 떡볶이, 과일 등 다양한 음식에 잘 어울린답니다",Y,한통술 HANTONGSOOL,경기도 동두천시 쇠목길 325-2 B/D 전관 (우 : 11322),https://smartstore.naver.com/hantongsool,
천사의 선물,국내산 배과실을 베이스로 산삼을 배양해 만든 산삼양근을 넣은 과실주입니다.,17,375ml,"정제수, 배(국내산), 설탕, 효모, 주정, 과당, 구연산, 사과산, 생체산삼배양근 0.119%",,"삼계탕,전골 ,국물류",Y,내변산 양조장,전라북도 부안군 행안면 부안농공단지길14-11,https://shopping.naver.com/fresh/traditionalalcohol/stores/100068999,
민주허브막걸리,"민주허브막걸리는 인공 첨가물 대신 허브를 사용했기 때문에 허브의 향긋함과 깊은 맛을 강조했습니다.특히 잉글리쉬 라벤더와 로즈마리, 레몬",14,500ml,"쌀(국내산-포천 으뜸쌀), 허브(국내산-포천), 누룩(국내산), 정제수",,,Y,농업회사법인 민주술도가 주식회사,경기도 포천시 소흘읍 거친봉이길 58-35 나동 민주술도가 (우 : 11183),https://smartstore.naver.com/minjusool,
온지 쑥,치 생쑥을 씹는 거처럼 쑥의 향이 강렬하게 느껴지는 이 술의 이름은 온지 쑥입니다.60일의 발효과정과 30일의 숙성기간을 거쳐 지게미와 쑥,10,500ml,"정제수, 찹쌀(국내산), 고구마, 감자, 쑥, 누룩(밀 함유)",,"맑은 국물의 탕 요리나 미나리전,담백한 흰살생선과도 잘 어울립니다.",Y,온지술도가,서울특별시 은평구 통일로65길 26 (해피플러스2) 지하1층 (우 : 03397),https://smartstore.naver.com/onzisuldoga,
지리산 허브잎 술,지리산 허브잎술은 지리산 바래봉 해발 500m 높이에 위치한 지리산 운봉주조에서 탄생했습니다.단맛이 적고 은은하게 느껴지는 산미가 아주 매력적,6,750ml,"쌀(국내산), 종국, 정제수, 누룩, 효모, 국내산 허브",,,Y,,,,
너디블랑,너디블랑에 들어간 타임이 생선의 비릿함은 잡아주고로즈마리의 향긋함이 풍미를 높여주기 때문에 생선요리와 아주 잘 어울립니니다.,5,700ml,"정제수, 찹쌀(국산), 로즈마리, 타임, 누룩, 효모, 정제효소",,생선요리,Y,상주주조,경상북도 상주시 남성로 73-15 1층 (우 : 37196),https://smartstore.naver.com/nerdbrew,
무박이일,밤의 빗장을 열어주는 문이란 뜻으로 야관문을 먹으면 천리 밖에서도 빛이 보인답니다.화학적 알코올을 일절 사용하지 않고 오직 누룩이 자연,14,375ml,"전조비수리(야관문), 정제수, 포도당, 효모",,"삼계탕,족발.",Y,왕지케양조장,제주특별자치도 제주시 한경면 고산로2길 22-13 (고산1리 다목적회관) 왕지케양조장 (우 : 63008),https://smartstore.naver.com/jedia,
만다린약주,인공 감미료 없이 국내산 쌀과 제주 시트러스로 빚은 지역특산주입니다.제주섬이 천천히 걸러낸 맑은 화산암반수와 국내산 햅쌀로 두 번 술은,12,375ml,"정제수, 멥쌀(국내산), 감귤농축액, 진피(감귤껍질), 귤꽃, 한라봉과피, 당유자 과피, 계피, 밀누룩(우리밀)",,해산물요리,Y,제주곶밭,제주특별자치도 제주시 제주대학로 102 (제주대학교) 바이오융합 2호관 208호 (우 : 63243),https://smartstore.naver.com/jeju_gott_batt,
단상지교,인공 감미료를 넣지 않아 삼양주 특유의 풍부한 맛과 향이 특징입니다.,16,750ml,"쌀, 찹쌀, 누룩, 종국, 정제수",,"생선회,파전,빈대떡,육회,도토리묵무침",Y,신탄진주조,대전광역시 대덕구 신탄진로738번길 128 (농)신탄진주조㈜ (우 : 34336),https://smartstore.naver.com/deadeokju,
선셋 체리스파클링,"농촌진흥청에서 개발한 분질미로 술을 빚어 100일간저온숙성을 거쳤고, 국내산 체리가 들어갔기 때문에고소함과 함께 강한 체리 향을",5,300ml,"정제수, 멤쌀, 체리, 누룩",,팝콘이나 스낵류,Y,시향가,전라남도 곡성군 곡성읍 낙동원로 20 시향가 (우 : 57533),https://smartstore.naver.com/sihyangga,
포엠 드라이,오크에 숙성했기 때문에 깊은 향과 맛을 가지고 있답니다.색은 루비처럼 붉은빛을 띠며 약간의 단맛이 입안을 감싼 후에 상큼한 신맛으로 마무리,12,750ml,"머루, 포도, 백설탕, 효모, 메타중아황산칼륨, 아황산함유",,레드와인이기 때문에 육류와 함께 드시는 것을 추천드리며 식사를 할 때 곁들여 마시는 것이 좋다고 합니다.,Y,갈기산포도농원,충청북도 영동군 학산면 모리1길 23 (우 : 29164,https://smartstore.naver.com/galgisanwine,
홍시 와인 감 화이트,"오크숙성으로 바닐라 향,훈제 향,코코넛 향도 느낄 수 있습니다.",12,750ml,"홍시(국산)100%,백설탕,효모,메타중아황산나칼륨,소르빈산칼륨(산화방지제),",,돼지고기,Y,림프루츠영농조합법인,충북 영동군 영동읍 어미실길 92,,
숨은골 탁주,"지역(완주 동상면)찹쌀과 누룩,물로만 빚은 1번 발효한 단양주입니다.부드러운 단맛과 상큼함을 담았으며 마시는 잔마다 맛과 향이 달라지는 재미가",12,500ml,"찹쌀 28.9%, 누룩 2.9%, 정제수 68.2%",,"차돌박이 숙주볶음,백김치,고추전,과일",Y,주식회사 공동체공간 수작,"전라북도 완주군 동상면 단지길 37, 1층",,
이상헌 탁주,"곡물의 향이 좋고 적당한 단 맛과 드라이한 맛,부드러운 목 넘김을 좋습니다.",14,500ml,"아산쌀, 국(국내산 밀누룩), 정제수",,"불고기,꼬막 무침,김치찜,모든전",Y,이가수불,충청남도 아산시 도고면 기곡로77번길 30-7 (우 : 31551),https://smartstore.naver.com/leegasubul,
대잎술,추성고을 대잎술은 7여가지의 한약재가 들어가 저온숙서을 하여 부드러움과 함께 각종 한약재들이 조화롭게 맛을 내며기분을 좋게 하는 옅은 ,12,300ml,"정제수, 쌀(국내산), 누룩(국내산), 죽력, 대입, 효모, 구기자, 진피, 갈근, 오미자, 육계, 솔잎, 올리고당",,"치즈,과일,케이크,돼지고기 .",Y,추성고을,전라남도 담양군 용면 추령로 29,https://smartstore.naver.com/cs3011,
천년담주,친환경쌀로 장기저온발효과정을 거쳐 국내산 천연벌꿀 원료로 빚었습니다.인공감미료가 첨가되지않아 깔끔하고 감칠맛이 뛰어납니다.,15,500ml,"정제수,백미(국내산,유기농쌀),누룩,벌꿀(국내산),효모",,전,Y,죽향도가,전라남도 담양군 담양읍 외다길 30 (우 : 57333),https://smartstore.naver.com/jhdg,
써드 (3rd),"오직 쌀이 주는 은은한 단맛과 과하지 않은 과실형,입안에 감싸는 부드러운 텍스쳐와 목넘김이 특징입니다.",9,500ml,"정제수,찹쌀(국내산파주),멥쌀(국내산파주),누룩(밀함유) (국내산김포)",,,Y,도반주조,"경기도 파주시 금정 12길4 1층,도반주조",https://smartstore.naver.com/dovan_brewery/,
동백 꽃이 피었습니다,100% 부산쌀로 누룩과 정제수만을 사용하며 제조 하였습니다.첨가제 및 감미료가 들어가지 않고 저온 발효로 찹쌀의 깊은 풍미를 느낄 수 있습니,9,500ml,"멥쌀(국내산), 찹쌀(국내산), 누룩, 정제수",,,Y,동백1917,농업회사법인 주식회사 동백1917,https://smartstore.naver.com/busandongbaek1917/products/9194545227?,
맵시 막걸리 화이트,"24시간 합 720시간 이상의,7차례의 과정을 지닌 품질 검증을 끝낸 최고금 백국 누룩이기에 일반 전통주에서 맛볼 수 없던 특유의 감칠맛을 맛",6,770ml,"정제수,쌀(국내산),기타과당,누룩,효모,효소제,아스파탐",,,Y,기억브루어리,경기도 김포시 하성면 누산봉성로237번길 163 3동 (우 : 10013),https://smartstore.naver.com/mapcykorea,
맵시 막걸리 레드라벨,상큼한 레몬바닐라의 맛을 즐길 수 있는 새콤한 맛입니다.,5,770ml,"정제수,쌀(국내산),기타과당,소다맛시럽,물엿,",,,Y,기억브루어리,경기도 김포시 하성면 누산봉성로237번길 163 3동 (우 : 10013),https://smartstore.naver.com/mapcykorea,
맵시 막걸리 블랙라벨,고집스러운 전통방식을 통해 귀하게 만들어진 집중도 높은 전통주입니다.,10,750ml,"정제수,쌀(국내산),누룩,효소제,효모",,,Y,기억브루어리,경기도 김포시 하성면 누산봉성로237번길 163 3동 (우 : 10013),https://smartstore.naver.com/mapcykorea,
복순도가 찹쌀탁주 9도,참쌀에서 배어나온 단맛이 기분 좋게 혀를 감돕니다.영양가 높은 찹쌀의 찰기는 더욱 깊고 진한 맛을 선사합니다.,9,935ml,"정제수,찹쌀(국산).27.4%,곡자(밀)",,"고소한 전 ,튀김류,해산물요리.",Y,,,,
우곡소주,감미료를 전혀 넣지 않고 오직 쌀과 누룩으로만 빚은 한국 전통 증류식 소주입니다.,25,375ml,"쌀소주원액(쌀(국내산), 국, 효모, 젖산, 물), 물",,파스타.회/육회 등 ..,Y,,,,
로아 포르토,국내산 햅쌀과 특허받은 누룩을 정성을 담아 끓여 증류하고 오크통에 숙성한 진짜 소주입니다.배도가 로아 포르토는 국내 최초 포르투 포도주 오,40,700ml,쌀소주원액(쌀(국내산),,견과류.,Y,,,,
호땅,"호땅은 국내산 쌀로만 빚어냅니다. 또, 일반 막걸리와는 다르게 쌀을 찌지 않고, 생 쌀을 갈아서 만드는 생쌀발효법으로 제조합니다",6,750ml,"물,쌀(국내산),고과당,국(밀),합성향료(호두향,두유향,커피땅콩향),땅콩(국내산),효모,젖산(산도조절제), 효소처리스테비아 (밀,땅콩함유)",,"족발,회,닭볶은탕...",Y,,,,
가무치 43%,감압식 소주와 비교하여 상압식 소주는 향이 다채롭고 화려하다는 특징이 있습니다.하지만 자칫 탄내취나 누룩취가 과하게 두드러질 수 있다는 단점이,43,375ml,"정제수, 쌀(국내산), 입국, 효모",,,Y,다농바이오,충청북도 충주,https://smartstore.naver.com/danongbio,
너디로제,"체리의 풍부함과,애플민트의 시원한 향이 만드는 환상의 하모니의 새콤달콤한 막걸리입니다.",5.5,700ml,"너디로제:정제수, 찹쌀, 체리, 효모, 정제효소",,"체리빵,각종 디저트류,파스타.",Y,상주주조,경상북도 상주시 남성로 73-15 1층 (우 : 37196),https://smartstore.naver.com/nerdbrew,
너디펀치,"참쌀의 부드러운 단맛과 최적의 발효온도로 구현한 청량한 산미,저온 숙성을 통한 풍부한 과실향,상큼한 피니쉬가 조화롭습니다.",5,700ml,"정제수, 찹쌀, 효모, 정제효소",,과일.,Y,상주주조,경상북도 상주시 남성로 73-15 1층 (우 : 37196),https://smartstore.naver.com/nerdbrew,
너브내 화이트(dry) 와인,향긋한 포도의 향기가 나는 건강한 포도와 강원도 홍천의 맑은 공기와깨끗한 환경이 만나 샤또나드리만의 너브내 스파클링 화이트가 만들어 집,12,750ml,"국산 포 도효모, 설탕, 아황산나트륨, 수트랄로스, 자일리톨",,"한식.생선회,초밥..",Y,샤또나드리,강원도 홍천군 서면 팔봉산로 811-28 . 샤또나드리 / 너브내와인 (우 : 25101),https://smartstore.naver.com/nwine,
블링블링 노을별,"블링블링 노을별은 영덕 바다의 은하수를 담아낸 우주 술로,포도의 향과 맛이 조화롭게 어우러져 달콤함을 선사합니다!아름다운 비주얼",15,375ml,"정제수, 포도과육(국내산100%)증류원액, 정백당, 효소처리스테비아, 포도향(천연향료)",,"파스타,피자,샐러드..",Y,영덕주조,경북 영덕군 강구면 소월1길 16-10,https://smartstore.naver.com/yeongdeok,
P.S 샤인 스파클링,"‘포도의 왕’ 샤인 머스캣 품종으로 양조한 피에스 샤인 스파클링은은한 꽃향과 달콤한 망고향이 어우러진,디저트 와인으로 손색없고 ",5,750ml,,,,Y,시나브로 와이너리,충청북도 영동군 심천면 약목2길 23,,
P.S 애플 시드르,과일의 고장 영동에서 재배한 사과로 양조한 피에스 애플 시드르는 상큼하면서 새콤달콤한 맛과 향으로사과 한 알을 베어 문 듯한 기,5,750ml,,,,Y,,,,
바야흐로,시나브로 와이너리에서 직접 양조한 와인을 증류해 만든 술입니다.한 해에 약 500병만 생산합니다.기존의 증류주와는 다른 특별한 ,40,500ml,증류주 원액,,,Y,시나브로 와이너리,충청북도 영동군 심천면 약목2길 23,https://www.bhwinery.com/index,
바야흐로 오크,화려한 꽃향과 과일향과 오크향의 조화를 느낄 수 있다. 포르투갈산과 국내산 오크를 사용하여 단맛과 신맛이 어우러진 균형감을 느낄 수 있다.,40,500ml,증류주 원액,,,Y,시나브로 와이너리,충청북도 영동군 심천면 약목2길 23,https://www.bhwinery.com/index,
춘풍 미주,"춘풍 미주는 윗술과 아랫술로 나뉘어져 있습니다. 맑은 윗술은 은은한 단 맛과 정돈된 산미, 약간의 쌉쌀함이 조화롭습니다. 진한 아랫술은 바닐라",12,375ml,"멥쌀, 찹쌀, 효모, 입국, 누룩, 정제수 (모두 국내산)",미주는 꼭 세워서 냉장고에 보관해주세요. (※보관 온도는 0도~5도 사이),"제철 회, 해산물찜, 갈비찜, 소, 돼지 바베큐, 장어 구이, 이태리 마르게리타 피자, 해산물 리조또, 태국식 허브를 곁들인 새우 구이, 볶음",Y,춘풍양조장,서울 중구 다산로 101-3 1F,https://www.chunpoong.co.kr/,
경탁주 12도,"첫 모금에서는 향긋한 사과, 배의 과실향과 새콤달콤한 요거트 맛이 연상되며, 마지막에 느껴지는 드라이한 술 맛이 조화롭다. 본연의 맛은 묵직하",12,500ml,"쌀(국내산), 정제수, 국(밀함유), 효모, 산도조절제",,"수육&amp;김치, 브리치즈, 제철회",Y,제이1 농업회사법인㈜,경기도 수지구 광교중앙로 338 에이동 105호,https://smartstore.naver.com/j1inc,
대몽재 1779 생막걸리 12,원재료의 맛과 향을 가장 진하게 느낄 수 있다. 높은 질감의 바디감은 산미가 강하게 느껴지기보다 적절한 당도로 입안 가득히 묵직하게 생막걸리 ,12,750ml,"쌀, 누룩, 정제수",,"한국 가정식 탕. 고기찜, 전 등 기름진 음식",Y,경주교촌도가 영농조합법인,경상북도 경주시 교촌안길 25,https://smartstore.naver.com/1779choi,
콘체르토 1번,탁주 ‘콘체르토 1번(No.1)’은 부담 없는 6% 저도수 막걸리입니다. 민주술도가에서 직접 제조한 쌀누룩을 사용하는 것이 특징입니다. 포천 ,6,500ml,"찹쌀, 쌀, 쌀누룩, 효모, 정제수",,"닭발, 족발",Y,농업회사법인 민주술도가 주식회사,경기도 포천시 소흘읍 거친봉이길 58-35 나동 민주술도가,https://smartstore.naver.com/minjusool,
글린트(GLINT),"신선한 딸기를 한입 베어문듯 상큼한 딸기향이 입안 가득 느껴지며, 증류원액의 깊고 묵직함에 새콤 달달함이 더해져 코냑의 깊은 맛과 와인의 달달",15,750ml,"쌀(국내산), 딸기(논산)",,"해산물, 스테이크, 파스타, 피자 등 메인요리. 하몽, 치즈, 케이크, 쿠키 등 가벼운 디저트",Y,농업회사법인(주)글린트증류소,서울특별시 강남구 영동대로122길 41 (삼성동),https://glint1968.com/,
술숲,청정 제주 특산물 알로에로 빚은 술. 제주 감귤증류원액을 더해 깨끗하고 감미로움을 더함. 상쾌하고 깔끔한 목넘김.,19,375ml,"정제수, 감귤(제주산)증류원액, 알로에(제주산)농축액, 곡물주정",,"갈치조림, 딱새우 회, 순대볶음, 삼겹살",Y,농업회사법인 ㈜제주왕지케양조장,제주특별자치도 제주시 한경면 고산로 2길 22-13,https://www.suulsuup.com/,
주연향 화이트,"깔끔하고 청량한 목넘김과 가벼운 산미가 감도는 부드럽고 풍부한 맛과 바닐라 향, 과실향, 꽃 향 등이 특징이며 부드럽고 신선한 향과 맛을 즐기",15,375ml,"강화섬쌀(강화쌀,강화찹쌀), 정제수, 누룩(국내산, 밀함유)",,"샐러드, 불고기",Y,농업회사법인 주식회사 주연향,인천광역시 강화군 송해면 당골길 75-26 1층,https://smartstore.naver.com/juyeonhyang,
주연향 레드,"가벼운 산미와 깊고 풍부한 맛, 과실향, 꽃향 등이 부드럽고 신선한 향과 맛.",15,375ml,"강화섬쌀(강화쌀,강화찹쌀, 강화찰흑미), 정제수, 누룩(국내산, 밀함유)",,"참치회, 훈연 삼치회, 방어회",Y,농업회사법인 주식회사 주연향,인천광역시 강화군 송해면 당골길 75-26 1층,https://smartstore.naver.com/juyeonhyang,
야수 S 53,"해풍 맞고 자란 강화섬 쌀과 강화 고구마, 전통 누룩 등 자연의 재료로만 빚은 고구마 소주.",53,375ml,"고구마 증류주원액(강화섬쌀, 강화 고구마 100%)",,"육회, 삼겹살",Y,농업회사법인 주식회사 주연향,인천광역시 강화군 송해면 당골길 75-26 1층,https://smartstore.naver.com/juyeonhyang,
야수 R 53,"해풍 맞고 자란 강화섬 쌀과 찹쌀, 교동의 차조, 전통 누룩 등 자연 재료로 빚은 증류주. 풍부한 향과 부드러운 맛이 특징.",53,375ml,"쌀 증류주원액(강화섬쌀, 찹쌀, 차조), 누룩(국내산), 정제수",,"튀김류, 버섯 요리",Y,농업회사법인 주식회사 주연향,인천광역시 강화군 송해면 당골길 75-26 1층,https://smartstore.naver.com/juyeonhyang,
야수 G 53,"해풍 맞고 자란 강화섬 쌀과 찹쌀, 강화 6년근 인삼, 전통 누룩, 정제수로 빚은 증류주. 깔끔하고 부드러운 맛과 강화 인삼의 풍미",53,375ml,"인삼 증류주원액(감화섬쌀, 찹쌀, 강화 6년근 인삼 100%), 누룩(국내산), 정제수",,오리고기,Y,농업회사법인 주식회사 주연향,인천광역시 강화군 송해면 당골길 75-26 1층,https://smartstore.naver.com/juyeonhyang,
빙그르술이춤추다,"새콤한 맛, 단맛, 쌉쓰름한 맛, 곡식향이 천연 탄산감과 어우러져 풍부한 맛을 느낄 수 있다.",12,500ml / 900ml,"국내산 찹쌀, 누룩, 암반수",,"두부김치, 모듬전",Y,달빛술래,경기도 양평군 서종면 길곡2길 28 (문호리),https://dalbitsuul.modoo.at/,
하늘,"당화된 쌀 전분에서 나오는 자연스러운 단맛과 함께 발효 중에 생성된 여러 유기산에 의한 신맛, 각종 효소와 효모에 의한 쓴맛과 향이 어우러져 ",18,375ml / 500ml,"국내산 찹쌀, 누룩, 암반수",,"문어숙회, 민어회, 버섯전골, 회무침",Y,달빛술래,경기도 양평군 서종면 길곡2길 28 (문호리),https://dalbitsuul.modoo.at/,
화심소주 군쌀,구운 쌀에 입국과 누룩 대신 효소와 효모를 사용해 재료가 가진 맛을 균형감 있게 이끌어냈다. 고소한 풍미를 자랑하는 골든퀸 쌀을 그래도 갈아 ,25%/ 40%,300ml / 500ml,"군쌀, 물, 위스키 효모",,"갈비찜, 누룽지백숙, 장어구이 등 양념된 육류 똔느 고소하고 담백한 음식",Y,화심주조,경기 구리시 동구릉로459번길 136-14 주 2동 화심주조,https://hwasimjujo.co.kr/,
화심소주 군고구마,구운 고구마에 입국과 누룩 대신 효소와 효모를 사용해 재료가 가진 맛을 균형감 있게 이끌어냈다. 군고구마 특유의 진하고 깊은 맛과 껍질이 주는,25%/ 40%,300ml / 500ml,"군고구마, 물, 위스키 효모",,"밀푀유나베, 연포탕, 꼬리수육 등 국물있는 담백한 음식",Y,화심주조,경기 구리시 동구릉로459번길 136-14 주 2동 화심주조,https://hwasimjujo.co.kr/,
백경15 화이트,"순하고 실크같은 질감으로 고급스러움이 느껴지며 전체적으로 부드럽고 깔끔함. 꽃, 살구, 배, 사과, 복숭아, 오렌지와 같은 과일향이 풍부하고 ",15,500ml,"찹쌀(국내산),백경밀누룩[밀.국내산], 백경쌀누룩[멥쌀(국내산),조제종국], 정제수",,"족발, 소불고기, 수육, 피자, 샐러드",Y,농업회사법인 주식회사 백경증류소,세종특별자치시 장군면 평기길 151,https://www.bk-distillery.com/,
백경13 화이트,"꽃, 살구, 레몬, 딸기, 쌀의 순수하고 깨끗한 향을 머금고 있다. 기분 좋은 산미로 시작하여 달달한 여운이 남는다. 알코올이 튀지않고 안저억",13,500ml,"찹쌀(국내산),백경밀누룩[밀.국내산], 백경쌀누룩[멥쌀(국내산),조제종국], 정제수",,"수육, 샐러드, 피자",Y,농업회사법인 주식회사 백경증류소,세종특별자치시 장군면 평기길 151,https://www.bk-distillery.com/,
우리WRY 과하주,"아름답고 우아한 황금빛 색감. 강렬한 풍미와 묵직한 여운을 남기는 과실향. 쌀의 달콤함, 입맛을 돋우는 산미, 쌉싸름함이 모두 담긴 오묘하고 ",18,700ml,"정제수, 쌀(국내산), 주정, 국, 효모, 유산균, 밀함유",,"달콤한 디저트, 달콤하고 시원한 과일",Y,농업회사법인 주식회사 우리서막,서울특별시 성동구 성수일로 111 103호 우리서막,https://smartstore.naver.com/wryseomak,
우리WRY 분홍소금 막걸리,딸기우유처럼 분홍빛깔이 예쁜 12도 막걸리. 미네랄이 풍부한 히말랴아 핑크솔트 함유. 은은한 과실향과 풍부한 바디감과 농밀하면서도 부드러운 질,12,700ml,"정제수, 쌀(국내산), 국(누룩), 효모, 히말라야핑크솔트, 천연색소, 유산균",,"김치전, 모듬전, 김치볶음, 연어스테이크",Y,농업회사법인 주식회사 우리서막,서울특별시 성동구 성수일로 111 103호 우리서막,https://smartstore.naver.com/wryseomak,
애플스피릿,사과 맛과 향이 풍부하여 경쾌한 맛. 사과로 시작해 깔끔하게 떨어지는 피니시가 특징. 부드러운 바디감과 은은한 향의 균형이 좋다.,20,375ml,"정제수, 사과증류원액(사과:국산), 사과농축액(사과:국산), 사과향",,"사과 조림을 얹은 팬케이크, 아보카도 오픈샌드위치",Y,댄싱사이더 컴퍼니,충청북도 충주시 중앙탑면 인담길 35-1,https://dancingcider.com/index.html,
라뽐드세잔,프리미엄 쌀로 유명한 철원 오대쌀과 사과를 이용해 만든 내추럴 탁주. 마냥 달거나 가볍지 않고 새콤달콤한 맛과 적당한 청량감이 특징. 사과 본,10,750ml,"정제수, 찹쌀(국내산), 멥쌀(철원오대쌀), 사과(국내산), 조효소제(개량누룩), 효모",,"육회, 버섯 삼겹살말이, 족발",Y,두루미양조장,강원도 철원군 동송읍 이평리 1564,https://makers.kakao.com/items/100078992,
바띠,,21,375ml,,,,Y,,,,
숙희59,"곡성의 자랑, 누룽지의 향을 담아낸 유기농 백세미로 인해 강렬한 원료의 향과 맛이 지속된다. 상압방식으로 5년 이상 옹기에 숙성하였으며 부드러",59,500ml,"유기농 쌀(골드퀸3호), 누룩, 물",,,Y,시향가,전라남도 곡성군 곡성읍 낙동원로 20,https://www.sihyangga.co.kr/,
마깨주,효모제 및 효소와 같은 첨가물 없이 오직 전통 누룩에서 얻을 수 있는 자연 효소와 효모를 이용하여 빚은 옛날 전통 방식의 막걸리. 찹쌀을 전분,11,1000ml,"정제수, 찹쌀(국내산), 누룩, 밀",,,Y,마깨주,경기도 고양시 덕양구 충장로 22,https://smartstore.naver.com/makkaejoo_market,
이너피스 넥타(INNER PEACE nectar),100% 우렁이 농법의 유기농 맵쌀과 찹쌀을 사용하여 한 달간의 발효와 저온 숙성을 거친 막걸리. 부드러운 맛이 특징이다.,10,750ml,"찹쌀, 멥쌀, 국, 효모, 서양자초잎, 서양박하잎, 애플민트잎, 정제수",,,Y,비워터 브루어리,경상북도 상주시 상서문로 46-1,https://smartstore.naver.com/bewater_brew,
순창 지란지교 프리미엄 캐모마일 탁주,직접 농사지은 유기농 무화과로 빚은 막걸리. 캐모마일의 기품있는 향이 깊고 짙은 달콤함에 그윽하게 묻어나와 향긋함을 느낄 수 있다.,12,500ml,"찹쌀 멥쌀(국내산), 전통누룩(국내산), 정제수, 무화과청 3.26%(국내산), 레드비트문발(국내산) (밀함유)",,,Y,지란지교,"전라북도 순창군 순창읍 순창7길 5-1, 지란지교",https://smartstore.naver.com/limsugzu,
하드포션,특&amp;amp;amp;#039;등급 김포 추청의 단맛과 풍미를 느낄 수 있는 물에 희석하지 않은 원주이다.,14.3,350ml,"쌀(김포산, 김포금쌀100%), 정제수, 국, 산도조절제, 효모, 밀함유",,,Y,팔팔양조장,경기도 김포시 김포대로 1216번길 87-74,https://smartstore.naver.com/88yangjojang,
조오탁 8도,상주에서 생산한 쌀과 누룩으로 빚어 저온 숙성 시킨 막걸리. 깔끔한 뒷맛을 느낄 수 있다.,8,750ml,"찹쌀(29.86%), 맵쌀(국내산), 조효소제, 곡자, 효모, 정제수",,,Y,다담도가,경상북도 상주시 외남면 지사3길 16,https://smartstore.naver.com/dadamdoga,
조오탁 10도,상주에서 생산한 쌀과 누룩으로 빚어 저온 숙성 시킨 막걸리다. 탄산은 없고 산미와 단맛이 조화롭다.,10%,750ml,"찹쌀(29.86%), 맵쌀(국내산), 조효소제, 곡자, 효모, 정제수",,,Y,다담도가,경상북도 상주시 외남면 지사3길 16,https://smartstore.naver.com/dadamdoga,
사일로 6,적당한 당도와 산뜻한 산미가 특징이다. 깔끔하게 마실 수 있는 저도수의 막걸리입니다.,6,750ml,"찹쌀(국내산), 멥쌀(국내산), 개량누룩, 효모, 정제수",,"기름진 음식, 해산물, 전류 등",Y,사일로 브루어리,세종시 연동면 청연로 716,https://silobrewery.co.kr/,
레이지 스프링,달콤한 딸기와 아카시아꿀의 향과 함께 부드러운 탄산을 즐길 수 있다. 상온에서 10분간 기다리면 풍미가 살아난다.,6,375ml,"정제수, 딸기(국산), 벌꿀(국산), 효모, 이산화탄소, 효모영양제, 메타중아황산칼륨",,,Y,부즈앤버즈 미더리,경기도 용인시 처인구 모현읍 초부로 148번길 23-42,https://www.bzbzzmeadery.com/,
맛있는 막걸리 숲으로12,경기미햅쌀로 만든 막걸리로 새큼한 과실향을 느낄 수 있다.,12%,700ml,"정제수, 경기미햅쌀, 국, 효모",,,Y,과천도가,경기도 과천시 남태령옛길 65,https://buly.kr/15Mv0E2,
상쾌한 막걸리 숲으로 7,경기미햅쌀로 만든 막걸리로 새큼한 과실향을 느낄 수 있다.,7,700ml,"정제수, 경기미햅쌀, 국, 효모",,"치즈, 크래커",Y,과천도가,경기도 과천시 남태령옛길 65,https://buly.kr/15Mv0E2,
맑은 바탕 오크,한국 발효주의 숙성의 묘미를 살리면서 오크향을 더한 발효주이다.,16,500ml,"물, 찹쌀(국산), 오크칩, 개량누룩, 배양효모, 배양유산균, 밀 함유, 대두, 우유, 달걀, 아황산 혼입 가능",,짭짤한 안주인 치즈나 올리브,Y,서울효모방,"서울특별시 서초구 서초대로 360, 지하 104호 서울효모방",https://smartstore.naver.com/seoulfermentary,
형형 25,경기도 광주에서 재배한 쌀로 만든 부드럽고 달콤한 소주이다.,25,300ml / 500ml,"경기도 친환경쌀 100%, 정제수, 에탄올 함량 25%",,"평양냉면, 보쌈, (냉)제육 및 편육, 녹두전과 같은 한식",Y,온 증류소,경기도 광주시 봉골길134번길 42-7,https://smartstore.naver.com/distilleryon,
서울백야,김포 금쌀로 만든 막걸리로 크리미한 질감을 느낄 수 있다.,15,360ml,"정제수, 쌀(국내산), 호랑이누룩, 밀 함유",,,Y,몽타주조,"서울특별시 강서구 강서로 54길 107, 2층",https://smartstore.naver.com/mongta_jujo,
마루나 그린,레몬밤의 상큼한 향과 애플민트의 싱그러운 청사과향을 블렌딩한 막걸리다.,7,750ml,"정제수, 쌀(경기미), 국, 레몬밤(국내산), 애플민트(국내산), 효모, 밀 함유",,,Y,아토양조장,경기도 용인시 기흥구 평촌2로1번길 27,https://smartstore.naver.com/attobrewery,
별그리안 초설감,상압증류 방식을 통해 제주 감귤의 상큼한 향을 담아낸 감귤 증류주다.,40,350ml,"감귤(제주산), 거조효모, 설탕, 정제수",,"생선회, 초무침",Y,백록주가,제주특별자치도 제주시 선반로4길 5-4,http://madeinjeju.co.kr/,
마셔블랑 스프링,마시다&#039;와 불어 &#039;blanc&#039;의 합성어로 제주 감귤과 한라봉 착즙액에 감귤꿀꽃을 넣어 만든 감귤 발효주입니다.,9,750ml,"감귤과즙(한라봉과즙첨가, 제주산), 백설탕, 액상효모, 감귤꽃꿀, 무수아황산(산화방지제), 이산화황 함유",,"파스타, 캘리포니아롤, 초밥, 카나페",Y,주식회사 시트러스,제주특별자치도 서귀포시 남원읍 신례천로 46,https://www.ehondiju.com/main/index.php,
사워미드,"아카시아 벌꿀과 유산균, 와인 효모를 넣어 만든 전통주입니다. 시큼한 맛을 줄여 부드러운 산미를 느낄 수 있습니다.",9.5,375ml,"아카시아 벌꿀, 유산균, 와인 효모",,,Y,코아베스트브루잉,경기도 김포시 태장로 741,https://corevestbrewing.modoo.at/,
어떤유자 06,진한 유자향과 함께 높은 산미와 당도의 조화로움을 느낄 수 있다. 해풍을 맞고 자란 고흥 쌀로  빚은 술입니다.,6,500ml,"쌀(국산), 쌀입국(국산), 효모, 원당노룩, 유자(고흥산), 정제수, 스테비아",,,Y,어떤하루,전남 고흥군 도양읍 목넘가는길 52-5,https://smartstore.naver.com/eotteonharu,
려 2013 본,려의 뿌리가 된 여주 증류소의 첫 원액이 10년 숙성의 기다림을 거쳐 완성된 증류주다. 상온 보관 후 얼음 없는 온더락잔에 1/4 정도를 따라,41.5,500ml,"증류소주원액(고구마 여주산 100%), 쌀(여주산 100%), 정제수",,"회, 치즈",Y,,,,
공지천 6도,공지천 6도는 춘천에서 직접 재배한 특등급 쌀로 생산하는 프리미엄 막걸리로 전통 기법을 고집하며 생산하고 있다. 잘 익은 과일을 머금은 듯한 ,6,750ml,"정제수, 찹쌀(춘천산), 국, 효모, 밀함유",,"불족발, 담백한 보쌈",Y,소양주조,강원특별자치도 춘천시 후석로 420번길 7,https://smartstore.naver.com/soyangbrewery/products/10336683071,
덕두도가 탁주 15도,국내산 재료만을 사용하여 세번 빚은 탁주로 찹쌀의 깊은 단맛이 특징입니다. 100일간의 저온숙성으로 단맛과 은은한 산미가 밸런스좋게 어우러져있,15,500ml,"찹쌀(완도산), 쌀(완도산), 누룩(국내산), 국(완도산), 효모, 정제수 / 밀 함유",,"흑돼지하몽, 새우치즈구이, 두부강정, 산뜻한 안주류",Y,농업회사법인 (주)덕두도가,"제주시 한림읍 광산로 491-1, 2동",https://smartstore.naver.com/deokdoo,
덕두도가 약주 16도,국내산 재료만을 사용하여 세번 빚은 약주로 걸쭉한 질감과 찹쌀의 진한 단맛이 특징이다. 캬라멜시럽을 코팅한 식빵 러스크처럼 달콤하고 고소한 향,16,375ml,"찹쌀(완도산), 쌀(완도산), 누룩(국내산), 국(완도산), 효모, 정제수 / 밀 함유",,"어느정도 단맛이 느껴지는 매콤하거나 짭짤한 안주, 흑돼지하몽, 두부김치, 오리불고기, 찹스테이크",Y,농업회사법인 (주)덕두도가,"제주시 한림읍 광산로 491-1, 2동",https://smartstore.naver.com/deokdoo,
하포포션 드라이,"기존 하드포션에서 단맛을 줄이고, 농후한 바디감을 더한 탁주다. 하드포션 드라이는 물을 섞지 않은 원주로 묵직한 바디감을 즐길 수 있는 술이다",17.5,375ml,"쌀(김포산, 김포금쌀100%), 정제수, 국, 산도조절제, 효모",,"매콤한 제육볶음, 동태전, 간장게장",Y,팔팔양조장,경기도 김포시 김포대로 1216번길 84-74,https://88yangjojang.com/,
원기옥,"옥주의 원기를 담은 100% 찹쌀 막걸리, 프리미엄 타입 고급 탁주로 원주의 농후함을 담은 술이다. 녹진한 바디감과 원기옥이 전하는 진한 쌀의",12,500ml,"정제수, 찹쌀(국내산), 정제효소, 효모",,매콤한 순두부짬뽕,Y,옥수주조,서울 성동구 한림말5길 15 지하1층,https://www.instagram.com/oksujujo/,
뽐내탁주,복합적이고 다채로운 맛과 향을 느낄 수 있다. 쌀에서 얻을 수 있는 단맛을 가지면서도 산미를 더해 산뜻하게 마실 수 있다. 수박같이 싱그럽고 ,8,750ml,"정제수, 쌀(춘천산), 국, 효모, 밀함유",,,Y,봄내양조장,"강원도 춘천시 춘추로 187번길 11, 1층",https://url.kr/kasf3n,
이호상 우리술 복분자,햅찹쌀과 고창복분자 그리고 우리밀 전통 누룩으로 만들어 백일 동안 정성을 빚은 프리미엄 탁주다. 차게 보관하여 시간이 지나면 층이 분리되는데 ,15,365ml,"대전찹쌀, 고창토종복분자, 대전멥쌀, 우리쌀누룩, 정제수",,"두부김치, 백숙, 전 종류, 매콤한 닭볶음탕, 제육볶음, 낙지볶음",Y,이호상우리술,"대전 중구 보문산로 147-9, 1층",https://woorisool2540.modoo.at/,
훌훌,"강릉쌀, 국내산 석창포 뿌리, 누룩으로 만들어진 탁주. 유네스코 문화유산으로 지정된 &amp;amp;amp;#039;강릉단오제&amp;amp;",14,500ml,"정제수, 찹쌀, 석창포뿌리추출물, 멥쌀, 누룩",,전과 같은 기름진 음식,Y,진정브루잉,"강원도 강릉시 새냉이길 23-2, 1층",https://url.kr/mjhjr7,
콸콸 12%,풍부한 과실 산미와 찹쌀 단맛의 밸런스가 좋은 프리미엄 막걸리다. 은은한 단맛과 청량감을 느낄 수 있다.,12,500ml,"정제수, 찹쌀, 누룩",,전과 같은 기름진 음식,Y,진정브루잉,"강원도 강릉시 새냉이길 23-2, 1층",https://url.kr/mjhjr7,
콸콸 8%,"비교적 낮은 도수로 가벼운 바디감과 청량감이 더해진 탁주다. 강릉의 자연, 드넓은 바다와 산의 청량함을 담은 경쾌한 탄산이 느껴진다. 저온 발",8,500ml,"정제수, 찹쌀, 누룩",,전과 같은 기름진 음식,Y,진정브루잉,"강원도 강릉시 새냉이길 23-2, 1층",https://url.kr/mjhjr7,
금군 아카시아주,아카시아 추출물이 70%나 함유된 금군 꽃술 아카시아주는 풍부한 꽃 본연의 향이 물씬 느껴진다. 사케처럼 따뜻하게 데워 마시면 꽃 향의 깊은 ,11,300ml,"아카시아꽃 추출물, 주정, 설탕",,,Y,금군양조,전라북도 고창군 고창읍 태봉로564,https://geumgun-brewery.com/HOME,
설홍,제주 동백꽃을 발효해 동백발효주를 만들고 여기에 단식 상압 증류한 동백증류원액을 배합하여 동백의 향긋함을 더한 술이다.,20,375ml,"동백증류원액, 정제수, 곡물주정",,"전, 낙지볶음, 돼지고기",Y,농업회사법인 (주)제주왕지케,제주특별자치도 제주시 한경면 고산로2길 22-13,https://smartstore.naver.com/jedia,
서울핑크,"봄을 유리병에 담아놓은 듯한 화사한 패키지의 서울 핑크는 진달래와 백년초로 만들어져, 선인장 열매인 백년초의 맑은 단맛과 열대과일의 산미가 느",7.5,500ml,"쌀, 설화곡, 백년초, 진달래, 정제수",,"양념이 되어있는 무침류, 매운 음식, 불고기, 치즈, 견과류",Y,농업회사법인 (주)서울양조장,서울특별시 서초구 효령로34길 7 (정서빌딩) 402호,https://smartstore.naver.com/seoulartbrewery,
미르아토 샤인머스켓 스파클링 캔와인,미르아토 샤인머스켓 스파클링 와인은 영동군에서 직접 재배하는 최상급 포도만을 엄선하여 만든 와인이다. 부드럽고 은은한 샤인머스켓 향과 톡톡 터,5,330ml,"청포도(샤인머스켓 국산100%), 식용탄산가스, 백설탕, 효모, 정제수, 메타중아황산칼륨(산화방지제), 소브산칼륨(보존제)",,,Y,미르아토와인,충청북도 영동군 용산면 법화길 5-11 금용농산,https://smartstore.naver.com/miratto,
한알한알,"서울대 출신 농부가 가루쌀을 활용하여 만든 자체 R&amp;amp;D 제품으로, 가루쌀을 사용하여 부드러운 목 넘김을 선사한다. 가루쌀의 담백",4.5,500ml,"정제수, 보리, 쌀, 보리맥아, 호프펠렛, 효소제, 효모, 이산화탄소",,,Y,파머스맥주 (주) 농업회사법인,전라북도 고창군 부안면 복분자로 434-129,http://www.gdcbeer.co.kr/new/index.htm,족발
스물아홉,"철원 오대쌀로 만든 약주 ‘스물아홉’은 쌀에서 추출된 천연의 단맛과 발효과정에서 생긴 국화의 옅은 산미가 특징. 전체적으로 잘 익은 멜론, 배",12,375ml,"정제수, 멥쌀(철원 오대쌀), 국(쌀, 밀), 국화(국내산), 효모, 밀함유",,,Y,농업회사법인 ㈜우창,강원도 철원군 동송읍 금학로 31-72,https://두루미양조장.kr/index.html,
오래된 노래,철원 오대미와 봄에 수확한 매화 꽃잎 등 100% 자연의 재료로 수작업 된 술. 은은한 단맛에 절제된 뒷맛을 가지고 있다. 깔끔하고 음용성이 ,10,750ml,"멥쌀, 매화, 국, 효모",,,Y,농업회사법인 ㈜우창,강원도 철원군 동송읍 금학로 31-72,https://xn--hu1b40gh1c27n9rc18a.kr/index.html,
JMT 자두,양조장에서 직접 농사 지은 자두로 만든 리큐르다. 경남 함안에 위치한 양조장 가야주조는 집안에서 빚던 자두 술을 젊은 세대의 입맛에 맞게 재해,16,375ml,"자두 리큐르 원액(자두 6.29%, 국내산), 정제수",,"바닐라 아이스크림, 치즈 케이크",Y,농업회사법인 가야주조㈜,,https://smartstore.naver.com/sooldamhwashop/products/8758734273?,
성산포소주,성산포소주는 제주의 맑고 깨끗한 화산암반수와 쌀로 빚어졌다. 쌀 고유의 고소한 풍미와 깊은 청주의 향이 특징이다. 목넘김이 부드럽고 깔끔한 뒷,25,360ml,"정제수, 쌀(국내산), 입국, 효모",,"돌문어숙회, 삼치회, 참소라",Y,술도가제주바당,제주특별자치도 제주시 구좌읍 상도로 190 술도가제주바당,https://smartstore.naver.com/sooldogajejubadang,
낙화곡주 13.5,낙화곡주 13.5는 깨끗한 한라산 물과 고소한 우도 땅콩으로 정성껏 빚은 프리미엄 막걸리다. 발효과정을 거치며 자연적으로 만들어진 달달한 맛이,13.5,750ml,"정제수, 쌀(국내산), 입국(쌀국내산), 우도땅콩(땅콩분말 100%), 효모, 정제효소",,"돔베고기, 모듬전, 골뱅이무침",Y,,,,
사워보쉐,사워보쉐는 벌꿀을 높은 온도에서 캐러멜라이징하고 유산균과 알코올을 차례로 발효한 뒤 숙성과정을 거쳐 완성된다. 유산균 덕분에 약간의 산미가 더,10.5,375ml,"정제수, 벌꿀(국내산)30%, 유산균, 효모추출물, 효모",,"카나페, 케이크",Y,농업회사법인 주식회사 코아베스트,경기도 김포시 양촌읍 김포대로1759번길 33-23 2동,https://smartstore.naver.com/corevest,
로얄그레이,로얄그레이는 남양주의 야생화꿀을 베이스로 한 미드를 만드는 술빚는호랑이 미더리에서 만든 전통주다. 흐드러지게 피어난 숲 속의 여름 꽃에서 채밀,11,375ml,"정제수, 벌꿀(국내산, 경기도 남양주시), 사과(포천시), 배(남양주시), 얼그레이, 효모, 효모영양제, 산성아황산나트륨(산화방지제)",,"샌드위치, 마들렌",Y,농업회사법인 술빚는호랑이 주식회사,경기도 남양주시 늘을1로16번길 29 (늘봄타워) 5층 502호,https://smartstore.naver.com/horangmead,
시작,시작은 친환경 꿀로 술을 빚는 부즈앤버즈 미더리에서 만들어진 술이다. 야생화 꿀과 효모만으로 이루어진 트래디셔널 미드로 은은하게 퍼지는 야생화,9,375ml,"정제수, 벌꿀, 이산화탄소, 주석산, 제이인산암모늄, 효모",,"햄버거, 케이크류의 디저트",Y,부즈앤버즈 미더리,경기도 용인시 처인구 모현읍 초부로 148번길 23-42 다동,https://www.bzbzzmeadery.com/,
비왈츠 오리지널,비왈츠는 6월 춘천 야생화의 꿀로 만든 미드이다. 춘천에 위치한 미더리봉자에서 꿀의 달콤함과 6월 야생화의 향긋함을 비왈츠 한 병에 모두 담아,10,500ml,"벌꿀(국산), 정제수, 효모, 천연자몽향",,"카프레제 샐러드, 문어 샐러드, 스테이크 타르타르, 크루아상",Y,미더리봉자,강원도 춘천시 소양고개길 6 미더리봉자,https://smartstore.naver.com/beewaltz,
이너피스 플로우,"이너피스 플로우는 명상과 철학을 좋아하는 대표님이 만든 막걸리다. 콜드브루(coldbrew) 방식은 주로 커피에 사용되지만, 이너피스 플로우는",12,750ml,"찹쌀, 멥쌀, 포도원액, 국, 효모, 건조라벤더, 서양박하잎, 애플민트잎, 정제수",,무침요리와 같은 매콤새콤한 안주,Y,농업회사법인 상선주조 주식회사,경상북도 상주시 상서문로 46-1 1층,https://smartstore.naver.com/bewater_brew,
뉴룩 오리지널,당류 0g으로 청량감 가득한 전통주. 뉴룩 오리지널맛은 텁텁함이 없이 크리미함이 감돌아 가볍게 마시기 좋다. 막걸리에 사이다를 탄 막사와 같은,4,500ml,"정제수, 알룰로오스, 쌀(경기미), 포도당, 효모, 누룩",,"치킨, 마라, 튀김",Y,농업회사법인 뉴룩 주식회사,경기도 화성시 동탄대로 636-1 1001호,https://smartstore.naver.com/newlook_everyday,
뉴룩 레몬향,당류 0g으로 청량감 가득한 전통주. 톡 쏘는 상큼함이 돋보이며 새콤달콤한 맛을 선사한다. 청량감이 풍부하며 가볍게 마시기 좋다.,4,500ml,"정제수, 알룰로오스, 쌀(경기미), 포도당, 효모, 누룩, 합성향료(레몬향)",,"중식, 회",Y,농업회사법인 뉴룩 주식회사,경기도 화성시 동탄대로 636-1 1001호,https://smartstore.naver.com/newlook_everyday,
뉴룩 얼그레이향,당류 0g으로 청량감 가득한 전통주. 달콤쌉쌀하게 입안에 감도는 홍차의 여운이 그대로 느껴진다.,4,500ml,"정제수, 알룰로오스, 쌀(경기미), 포도당, 효모, 누룩, 합성향료(얼그레이향)",,"디저트류, 치즈, 전골",Y,농업회사법인 뉴룩 주식회사,경기도 화성시 동탄대로 636-1 1001호,https://smartstore.naver.com/newlook_everyday,
뉴룩 라이즈,"드라이한 피니시로 포도 껍질의 맛과 향이 난다. 당류 0g으로 쌀 본연의 다채로운 향과 풍미를 느낄 수 있다. 부드럽고 달콤한 바나나, 멜론향",10,750ml,"정제수, 알룰로오스, 쌀(경기미), 누룩, 국, 젖산",,"디저트, 육류, 해산물",Y,농업회사법인 뉴룩 주식회사,경기도 화성시 동탄대로 636-1 1001호,https://smartstore.naver.com/newlook_everyday,
댄싱파파,댄싱사이더 컴퍼니에서 사과를 발효시켜 만든 과실주. 한 병에 국산 사과 2개가 그대로 들어가 새콤달콤 상큼한 사과 풍기가 가득하다. 낮은 당도,15,375ml,"사과 즙(국산), 정제수, 사과산(산도 조절제), 탄산가스, 효모, 메타중아황산칼륨(산화방지제), 아황산류 함유",,"크림파스타, 후라이드 치킨",Y,댄싱사이더 컴퍼니,충청북도 충주시 중앙탑면 인담길 35-1 댄싱사이더 컴퍼니,https://smartstore.naver.com/dancingcider,
너드 바질 스파클링,"스파클링 막걸리로 바질 특유의 살쾌하고 싱그러운 향이 매력적이다. 바질 향이 은은하게 퍼져, 달콤한 바질과 청량한 탄산이 어우러지는 탁주. 약",5,375ml,"정제수, 찹쌀, 바질, 효모, 정제 효소, 이산화탄소",,"샐러드, 피자",Y,농업회사법인 상주주조㈜,경상북도 상주시 남성로 73-15 1층,https://smartstore.naver.com/nerdbrew,
홉미드,홉미드는 IPA 맥주에서 착안한 벌꿀 발효주로 아카시아 벌꿀로 만든 미드에 시트러스한 홉의 향기가 더해졌다. 달콘한 벌꿀 향과 향긋한 홉 향이,10.5,300ml,"정제수, 벌꿀(국내산), 호프펠렛, 이산화탄소, 효모추출물, 효모",,"생선회, 카나페",Y,코아베스트브루잉,,,
강냉이 막걸리,옥수수의 달짝지근하면서도 구수한 맛이 특징인 막걸리이다. 미세한 탄산감이 있고 깔끔한 마무리된다.,6,1000ml,"정제수, 쌀, 소맥분, 옥분, 입국, 올리고당, 치자분말, 정제효소제, 효모, 아스파탐, 아세설팜칼륨",,"전, 두부요리",Y,용두산 조은술 영농조합법인,,,
평창 감자 막걸리,강원도 평창에서 재배한 감자를 이용해 만든 막걸리로 감자의 담백하면서도 달달한 맛을 그대로 느낄 수 있다. 통감자를 그대로 쪄서 쌀과 함께 낮,6,750ml,"정제수, 쌀, 입국, 감자, 효모, 정제효소, 아스파탐",,"감자전, 보쌈",Y,,,,
필 25,여주산 쌀과 고구마를 발효시켜 만든 증류주다. 오랜 숙성을 거쳐 빚어낸 고구마의 은은한 향이 일품이다. 깔끔하고 부드러운 목넘김이 특징이며 쌀,25,375ml,"정제수, 고구마증류원액(고구마여주산100%)",,"불고기, 갈비",Y,,,,
게이샤,홍천의 쌀로 만든 전통소주에 향미와 단맛이 풍부한 에티오피아 게이샤 커피원두를 넣어 만든 증류주다. 풍성한 열대 과일과 꽃 아로마 향이 나면서,9,350ml,"증류원액, 주정, 커피원두(게이샤)",,"달달한 디저트류, 스테이크",Y,마마스팜 영농조합,강원도 홍천군 서면 보리울길13번길 6 마마스팜,https://smartstore.naver.com/mogok,
지중해핑크,양평의 유기농 토마토와 바질을 사용하여 신선하고 상큼한 맛이 특징인 막걸리다. 지중해핑크의 풍미를 제대로 즐기려면 핫소스 한 방울을 떨어뜨려 ,9,500ml,"정제수, 쌀, 토마토, 바질, 누룩, 개량누룩, 효모",,"피자, 알리오올리오 파스타, 과카몰리",Y,C막걸리,경기도 양평군 옥천면 아신역1길 21 (청풍빌딩) 2층,https://smartstore.naver.com/cmakgeolli,
쇼어 RED,"강원도 인제산 쌀로 만들어진 &amp;amp;#039;쌀 보드카&amp;amp;#039;이다. 자작나무 숯으로 여과해 깨끗한 맛을 자랑하며, ",25,360ml,"찹쌀(국내산 포천), 쌀(국내산 포천), 쌀누룩(국내산-자사제조), 효모(국내산-한국식품연구원), 정제수",,"삼겹살, 전",Y,브리즈앤스트림,강원도 인제군 기린면 조침령로 1628 (브리즈앤스트림) 1층,https://smartstore.naver.com/breeze_n_stream,
리치앤크리미,"포스트모더니즘을 바탕으로 전통주를 재구성해 우리술을 창조하는 서울효모방에서 탄생한 탁주. 우유, 계란, 바닐라빈 등의 독특한 재료 덕분에 진한",9,350ml,"물, 찹쌀, 우유, 계란, 오크칩, 개량누룩, 배양효모, 버터, 배양유산균",,"크로아상, 소금빵",Y,농업회사법인 ㈜서울효모방,"서울시 서초구 서초대로 360, 지하 104호 서울효모방",https://seoulfermentary.cafe24.com/,
막구르트,막구르트는 한국 &#039;야구르트&#039;와 전통주 구독 플래폼 &#039;술담화&#039;가 협업하여 출시한 막걸리다. 야구르트의 새콤달,6,450ml,"정제수, 멥쌀, 찹쌀, 국, 효모, 합성향료(요구르트 향), 프락토올리고당, 젖산",,"마라샹궈, 떡볶이 같은 매콤한 음식",Y,농업회사법인 술담화 주식회사,"경기도 용인시 수지구 광교중앙로 338, A동 525호",https://www.sooldamhwa.com/damhwaMarket,
안동 진맥 소주,직접 기른 유기농 통밀을 상압 증류하고 저온 발효하는 과정을 거쳐 만든 밀 소주로 통밀의 고소함과 감칠맛이 느껴진다. 소주 한 병이 만들어지는,40,200ml,통밀,,"오리고리, 곱창",Y,맹개술도가,경북 안동시 도산면 선성중앙길 32,https://3d.co.kr/mgsdg/,
양평 밀 소주,양평에서 제배된 통밀을 원료로 만든 증류식 소주. 스트레이트 방식으로 마시면 부드러운 목 넘김과 향을 온전히 느낄 수 있다. 밀 특유의 고소한,53,200ml,통밀,,"기름진 꼬치류, 매콤한 양념의 한식",Y,㈜우보주책,"경기도 양평군 용문면 용문역길 26, 상일빌딩 2층 201호",https://woobojoocheck.com/,
밀물 탁주,전라남도의 햇통밀을 사용하여 부드러우면서도 드라이한 풍미가 특징인 탁주. 높은 밀도감과 깔끔한 끝 맛을 가지고 있다.,8,480ml,"정제수, 통밀쌀, 국, 효모",,"홍어회, 치즈, 견과류, 곱창볶음",Y,농업회사법인 상선주조 주식회사,전라남도 목포시 노적봉길 19 1층 102호,https://smartstore.naver.com/milmulbrewery,
쿨막,"여름의 초록빛 홉과 민트의 은은한 향이 매력적인 탁주. 애플민트, 로즈메리 등 허브향을 느낄 수 있고 기분 좋은 쌉싸름함이 입을 깔끔하게 헹구",8.5,500ml,"물, 찹쌀(국산), 개량누룩, 효모배양액, 생강(국산), 애플민트(국산), 홉, 로즈마리, 유산균배양액, 스피어민트",,"전, 튀김, 치킨",Y,농업회사법인 ㈜서울효모방,"서울시 서초구 서초대로 360, 지하 104호 서울효모방",https://seoulfermentary.cafe24.com/,
연월주,청주에 증류주를 섞는 조선시대 과하주를 술아원 양조장 방식으로 재해석한 약주. 쌀의 단맛을 줄이고 산미를 부각한 것이 특징이다.,20,375ml,"쌀(여주산), 누룩, 쌀증류식소주원액, 정제수",,"초밥, 기름진 고기구이",Y,,,,
소주다움 45,상큼한 청귤향을 중심으로 꽃향기와 풀잎향이 어우러져 독특한 풍미를 자아내는 증류식 소주. 쌀의 단맛이 느껴지고 이후 짜릿한 청량감이 퍼지면서 ,45,500ml,"쌀증류식소주원액(쌀: 국내산), 정제수",,"소고기, 돼지고기",Y,미음넷증류소,"경기도 파주시 운정안길 49-1 1동, 2동",https://smartstore.naver.com/fourmieum,
마루나그린,레몬밤의 상큼한 향과 애플민트의 청사과향을 중심으로 은은하게 퍼지는 바나나와 참외향이 매력적인 탁주. 차갑게 마실수록 맛있고 시간이 지날수록 ,7,750,"정제수, 쌀(경기미), 국, 레몬밤(국내산), 애플민트(국내산), 효모(밀함유)",,해산물,Y,아토양조장,경기도 용인시 기흥구 평촌2로1번길 27 1층 101호,https://smartstore.naver.com/attobrewery,
용24,마가목 열매의 과실향은 입안에서 은은한 장미향으로 이어지고 끝에 고소한 쌀의 곡향이 남는다. 차갑게 해서 마실 때 최고의 맛을 낸다. 청량하고,24,375ml,"정제수, 쌀, 마가목 열매, 국, 효모",,"전, 부침",Y,두루양조,강원도 홍천군 내촌면 용포길 31-25,https://smartstore.naver.com/yongsoju,
형형25,&lt;형형25&gt;는 경기도 광주의 무농약 친환경 쌀을 사용해 깊고 진한 맛을 내는 고급 소주다. 온증류소는 기계를 사용하지 않고 전통 방,25,300ml,"정제수, 쌀 증류원액",,"보쌈, 갈비찜",Y,㈜온증류소,경기도 광주시 봉골길134번길 42-7,https://smartstore.naver.com/distilleryon,
설련주,"설련주는 대한민국식품명인 74호 곽우선 명인이 빚는 약주다. 경북 칠곡군에서 재배한 백련꽃과 백련잎을 사용해서 빚고, 백련꽃의 은은한 향이 매",16,750ml,"백미, 찹쌀, 정제수, 누룩(밀 함유), 백련",,"갈비찜, 불고기",Y,㈜석전주가,경상북도 칠곡군 왜관읍 동산2길 19,https://smartstore.naver.com/sjsangon,
태사주,태조왕건에게 승리를 안겨주었다는 고려개국주 &amp;amp;lt;태사주&amp;amp;gt;는 후삼국 시대 안동의 술을 복원한 술이다. 보리술,35,360ml,"정제수, 증류원액{정제수, 찹쌀, 고구마, 보리, 국(밀), 구연산, 혼합제제(효모, 소르비탄지방산에스테르, 아스크로빈산)",,매콤한 한식,Y,안동소주올소,경북 안동시 서후면 금계2길 5-2,https://olso.co.kr/board/shop/index.php,
사일로 막걸리 복숭아,&lt;사일로 막걸리 복숭아&gt;는 조치원 농가에서 정성껏 키운 복숭아를 넣어 만든 술이다. 기존의 사일로 막걸리에 복숭아를 블렌딩해서 만든,8,500ml,"찹쌀, 맵쌀, 복숭아과즙액, 개량누룩, 효모, 정제수",,부드러운 타르트,Y,사일로브루어리,"세종특별자치시 조치원읍 충현1길 60 제 1동, 2동",https://smartstore.naver.com/silobrewery,
해미딸기주,&lt;해미딸기주&gt;는 생딸기를 그대로 으깬 듯한 풍부한 향을 가진 과실주다. 국내 최초로 딸기 와인 제조 면허를 받은 딸기 명인 선권수 ,8,500,"아황산염, 소브산칼륨, 백설탕, 건조효모, 서산 해미 딸기 93.15%",,"기름진 고기류, 디저트",Y,해미읍성 딸기와인㈜,충청남도 서산시 고북면 산직마을길 85,https://hmsb.cafe24.com/,
화심오크 군고구마,&amp;lt;화심오크 군고구마&amp;gt;는 이름 그대로 구운 고구마를 원재료로 사용한 우리술이다. 고구마에 불로 태운 스모키한 향을 입혀,58,500ml,"고구마(국내산) 증류원액, 정제수",,,Y,화심주조,경기도 구리시 동구릉로459번길 136-14 주2동 화심주조,https://smartstore.naver.com/hwasimjujo,
서울고량주 오크,오크통에서 숙성해 풍부한 바닐라와 오크 향을 입은 &lt;서울 고량주 오크&gt;는 도수 40도로 뚜껑을 개봉하면 위스키 향이 퍼지고 입안에 ,40,375ml,"고량주원액 (국내산 수수, 누룩, 효모)",,오크의 향을 즐길 수 있도록 간이 강하지 않은 생선회나 초밥과 함께 페어링이 좋다.,Y,서울고량주,충청북도 영동군 황간면 독점길 13,http://kokao.co.kr/,
마한오크 40,"&lt;마한오크 40&gt;은 위스키 마니아들에게 호평받는 소주다. 부드러운 곡물향이 나면서 바닐라, 초콜릿, 다크 체리의 다채로운 맛과 향을",40,375ml,"증류원액 (국내산 쌀), 정제수",,"육회, 한식 약과",Y,스마트브루어리,충청북도 청주시 상당구 미원면 어암1길 213-10,https://www.smartbrewery.co.kr/shopping-soju/?idx=164,
청명주,"청명주는 오랜 역사와 전통을 자랑하는 약주로, 전북 무형문화재 기능보유자인 김영섭 장인이 127년 동안 이어져 내려온 집안의 양조 비법을 바탕",17,375ml,"국내산 찹쌀, 국내산 누룩, 국내산 소맥분",,"식전주, 해산물 요리, 매콤한 요리",Y,중원당,충주시 중앙탑면 탄금대로 626,https://jwd2021.godomall.com/main/index.php,
마루나약주,"마루나약주는 단양주 특유의 상큼한 과실향과 적당한 산미가 돋보이며 청량하고 산뜻한 마무리가 특징이다. 포도, 매실, 자두와 같은 과실향을 느낄",15,375ml,"쌀(경기미), 정제수, 누룩",,"족발, 보쌈, 견과류, 치즈",Y,아토양조장,경기도 용인시 기흥구 평촌2로1번길 27 1층 101호,https://smartstore.naver.com/attobrewery,
이스탄불 딜라이트,터키의 전통 발효 방식인 카이막 발효공법으로 만든 막걸리. 100년 전통의 카이막 제조목장에서 배워온 제조공법으로 만들어 깊은 치즈와 같은 향,11,500ml,"물, 쌀(경기미 세마쌀), 국(밀함유), 효모",,"디저트, 과일",Y,,,,
꿈의 대화 약주,"꿈의 대화 약주는 독특한 이름에 걸맞은 감각적인 라벨 디자인이 돋보이는 전통주다. 무등산의 바람과 향기를 담아, 쌀이 들어 있는 벼를 껍질째 ",13,375ml,"찹쌀, 멥쌀, 전통누룩",,"육회, 회, 매콤한 한식",Y,꿈브루어리,광주광역시 동구 동계천로95번길 18-15 1층,https://smartstore.naver.com/kkumuidaehwabykkumbrewery,
마스로제,"마스 로제는 화성에서 생산한 수향미, 백옥찰 쌀에 누룩 4종을 넣어 빚은 다음, 화성 송산포도 원액을 넣어 추가로 발효한 탁주다. 잘 익은 포",12,765ml,"맵쌀(수향미), 찹쌀(백옥찰), 송산포도(캠벨), 정제수, 누룩, 효모",,기름진 스테이크,Y,마스브루어리,경기도 화성시 송산면 삼일공원로 43-8 101호,https://smartstore.naver.com/marsbrewery,
플러팅베리,플러팅베리는 순수 쌀 막걸리와 청원 생명 딸기를 그대로 갈아 넣어 발효하여 만든 막걸리다. 과즙이 풍부한 설향 딸기를 그대로 갈아 넣어 딸기의,6,500ml,"쌀, 딸기, 정제수, 주효소제, 효모, 감미료, 구연산, 설탕, 물엿",,핑거푸드,Y,명세주가,충청북도 청주시 상당구 가덕면 한계길 32-5,https://smartstore.naver.com/mssool,
봄봄,"봄봄은 탁주에 딸기즙을 넣어 숙성하고 맑게 여과한 다음 탄산을 추가한 술이다. 딸기와 애플민트의 조합으로 향긋한 향이 나는 것이 특징이고, 약",7,340nl,"정제수, 쌀, 찹쌀, 누룩, 딸기, 사과, 체리, 오미자, 애플민트, 스피아민트, 국, 효모",,"샐러드, 흰살 생선회",Y,리밋브루잉,경기도 화성시 마도면 마도로609번길 16-1 1동,https://smartstore.naver.com/remeet_brewing,
덜취한 원숭이,"덜취한원숭이는 쌀을 누룩 곰팡이로 발효시켜 만든 붉은색 쌀, 홍국으로 만들었다. 홍국의 아름다운 핑크빛으로 가득한 술샘 양조장의 시그니처 탁주",7,375ml,"정제수, 쌀, 설탕, 홍국쌀, 오미자, 조효소제, 효모, 밀함유",,"나쵸와 같은 간단한 안주, 생선회",Y,술샘,경기도 용인시 처인구 양지면 죽양대로 2298-1,https://smartstore.naver.com/sulsaem,
미르25,미르25는 우리나라 최초의 소주 제조법이 실려 있는 1450년대 요리책 &lt;산가요록&gt;에 나온 전통 방식으로 빚어지고 있는 증류주로 ‘,25,375nl,"쌀(국내산 경기미), 국(누룩 국내산 밀함유), 정제수",,"삼겹살, 돼지 껍데기, 흴살 생선회",Y,,,,
초이 국화,"초이 국화는 이화곡, 향온곡, 내부비전곡, 산성누룩, 조곡이라는 다섯 가지의 누룩을 사용하여 빚은 약주다. 다양한 종류의 누룩을 사용하여 다채",16,500ml,"쌀, 전통누룩, 국화, 정제수",,"소불고기, 육회",Y,초이리브루어리,전라북도 익산시 선화로63길 30-1,https://smartstore.naver.com/choileebrewery,
안동 국화주,안동 국화주는 전통 안동 소주에 국화 향을 더한 술이다. 국화의 산뜻한 향이 전통 소주에 녹아들어 화사한 목 넘김을 자랑한다. 스트레이트로 마,32,375ml,"쌀, 누룩, 효모, 국화, 정제수",,"연포탕, 샤브샤브",Y,회곡양조장,상북도 안동시 풍산읍 산업단지5길 39 회곡양조장,https://hoegokbrewery.com/product/detail.html?product_no=18&amp;cate_no=33&amp;display_group=1#none,
금군꽃술 국화주,금군꽃술 국화주는 고창에서 자란 국화를 이용하여 빚은 술이다. 국화 특유의 시원하고 상쾌한 향이 먼저 느껴지고 그윽한 단맛이 부드럽게 퍼지며 ,11,300ml,"국화꽃 추출물, 주정, 설탕",,"휘낭시에, 호두 타르트",Y,금군양조,전라북도 고창군 고창읍 태봉로564,https://geumgun-brewery.com/HOME,
폭스진,"폭스진(FOX GIN)은 쌀을 주 원료로 한 증류주에, 양조장에서 직접 재배한 캐스케이드 홉을 넣어 만든 일반 증류주다. 캐스케이드 홉의 특징",25,350ml,"쌀(국내산), 입국(국내산), 홉(국내산), 효모(국내산), 정제수, 정제효소제",,"감바스, 매운탕, 회",Y,문경주조,경상북도 문경시 동로면 노은 1길 49-15,https://munheebrewery.modoo.at/,
코리진,"토종 노간주 열매를 베이스로 복분자, 오미자, 우엉, 인삼 등 한국을 대표하는 10가지 재료로 만들어진 술. 첫 모금은 묵직한 노간주나무 열매",47,500ml,진 원액,,"버섯전골, 수육",Y,하우스오브헤리티지 농업회사법인,경기 용인시 기흥구 백남준로 28-9 지하1층,https://www.houseofheritage.kr/home,
제주 가파도 청보리,"제주의 작은 섬, 가파도에서 자란 청보리로 만든 술이다. 청보리 축제로 유명한 가파도의 자연에서 자란 보리로 빚어내어 깊고 고소한 향이 특징이",20%,375ml,"정제수, 곡물주정, 청보리증류원액",,굴찜,Y,농업회사법인 제주왕지케, 제주특별자치도 제주시 한경면 고산로2길 22-13,http://www.jejukingland.com/,
머루드서 스위트,감악산 중턱에 위치한 산머루농원은 청정 지역인 감악산에서 재배된 100% 국산 산머루로 만든 와인을 만든다. 그렇게 해서 빚어진 머루드서 스위,12,750ml,"산머루(국내산) 75.6%, 정제수, 주정, 정백당",,"볼로네제 파스타, 피자",Y,산머루농원,경기 파주시 적성면 객현리 67-1,https://sanmeoru.modoo.at/,
대향 화이트,청수포도 품종으로 만들어 신선한 향과 깔끔한 목넘김이 특징인 화이트 와인. 청수 포도의 향을 최대한 끌어내기 위해 오크 숙성 없이 저온숙성 발,12,750ml,"포도, 효모, 메타중아황산칼륨(산화방지제)",,"감바스, 해물 누룽지탕",Y,대향 와이너리,경북 영천시 금호읍 원제1길 27-16,https://smartstore.naver.com/daehyang?NaPm=ct%3Dm5g6eshk%7Cci%3Dcheckout%7Ctr%3Dds%7Ctrx%3Dnull%7Chk%3D7590df71a824276f3247e6b7d47d5a42f7e639a6,
두두물물 약주,"두두물물 약주는 정통 전통주를 지향하는 수블가의 제품이다. 전통적인 양주 방식을 그대로 따라 제조되었으며 쌀, 물, 누룩 외에는 일체의 첨가물",15,375ml,"찹쌀, 멥쌀, 누룩",,"육전, 생선회",Y,농업회사법인 ㈜수블가,"결기도 용인시 기흥구 갈곡로 3, 지층1호",https://smartstore.naver.com/sooblega,
다도참주가 생막걸리,"깔끔하고 단백한 맛으로, 바닐라향, 연한 쌀향이 느껴지고 중간에서 단향이 있다. 마지막에는 연한 누룩향이 느껴진다. 첫맛에 단맛이 적고 산미가",5.5,650 / 750ml,"정제수, 쌀(국내산), 올리고당, 누룩, 아스파탐, 조제종국, 효모",,"파전, 호박전, 두부김치",Y,다도참주가,전라남도 나주시 다도면 신촌길 9,https://smartstore.naver.com/chamjuga/,
문배주 용상,문배주의 원래 고향은 북한의 평양이며 그 지역에서 많이 생산되는 메조와 찰수수를 주원료로 사용하여 만드는 고급 증류식 소주다. 주원료인 메조와,40,700ml,"메조, 찰수수, 효모, 국, 정제수",,"냉채류, 차갑게 식힌 제육, 홍어무침",Y,문배주양조원,경기 김포 통진 검암2로 15번길 27,www.moonbaesool.co.kr,
왕주,왕실에서 비밀스럽게 전수된 &quot;궁중술 왕주&quot; 궁중비법으로 빚은 술로 대한민국 식품 명인13호 남상란 명인이 재현했다. 논산의 ,13,375ml,"정제수, 쌀(국내산), 입국, 자가누룩, 정제효소, 효모, 야생국화, 구기자, 솔잎",,"간장, 된장 베이스의 조림이나 지짐, 닭찜",Y,농업회사법인(주)왕주,충남 논산시 원댕이길 2-65(강산동),https://kingwine.co.kr/,
진맥애플,진맥애플은 사과산지로 유명한 안동의 사과를 발효시켜 증류한 후 오크통에 숙성시킨 사과 증류주다. 안동의 도산면 지역에서 생산되는 청정 사과를 ,40,375ml,"사과, 정제수",,"사과 브리 치즈 구이, 애플파이",Y,,,,
진맥소주 오크40%,진맥소주 오크(Jinmaek Soju Oak)는 한국의 전통 증류식 소주를 오크통에서 숙성한 프리미엄 소주다. 진맥의 고소하면서도 씨트러스한 ,40,500ml,유기농통밀 증류원액,,"호두 정과, 호두 크림 리소토",Y,,,,
시인의 바위,진맥소주 시인의바위(Poet’s Rock)는 한국의 전통 증류식 소주를 오크통에서 3년 이상 숙성한 프리미엄 소주이다. 일체의 첨가물이나 색소,54.5,500ml,유기농통밀 증류원액,,"홍가리비찜, 알배추 포토푀",Y,,,,
쌀은 원래 달다 9도,탁주의 다양성 및 우수성을 소비자들에게 소개하고자 고급 막걸리인 이화주를 재해석하여 숟가락으로 떠먹는 번거로움을 줄이고 되직하지만 음용성을 좋,9,700ml,"쌀(국내산),입국,누룩,개량누룩,효모,정제효소제",,"고기완자, 치즈퐁듀",Y,,,,
쌀은 원래 달다 12도,쌀 함량을 증가시켜 인공감미료를 일제 사용하지 않고 단맛을 낸 알코올 도수 12%의 무감미료 프리미엄 막걸리다. 국내산 쌀로만 부드러운 단맛과,12,700ml,"쌀(국내산),입국,누룩,개량누룩,효모,정제효소제",,"크림 파스타, 누룽지탕",Y,,,,
바람의 노래,바람의 노래는 춘천산 찹쌀과 맵쌀을 섞어 빚은 이양주다. 전통 누룩으로 발효하였으며 2개월의발효와 2개월 숙성. 4개월에 걸쳐 나온 술이다. ,11,500ml,"쌀, 물, 누룩",,"미나리 삼겹살, 보쌈, 족발",Y,예술주조,강원도 춘천시 신동면 풍류1길 6-3,http://www.ye-sul.co.kr,
코아베스트 아카시아미드,코아베스트 아카시아미드는 천연 아카시아 벌꿀만을 사용해 만든 발효주인 미드(MEAD)의 가장 기본이 되는 술로 꿀 (30%이상) + 물 + 효,10.5,375mL,"꿀, 정제수 효모, 효모영양제, 이산화탄소",,"해산물 샐러드, 리코타치즈",Y,농업회사법인(주)코아베스트 브루잉,경기도 김포시 양촌읍 김포대로1759번길 33-23,https://www.corevest.co.kr/?NaPm=ct%3Dm3zaksb2%7Cci%3Dcheckout%7Ctr%3Dds%7Ctrx%3Dnull%7Chk%3Dcba9d9d7314ed5bfc60a580ee2568b7e7a5b501c,
코아베스트 보쉐,"보쉐는 천연 벌꿀을 캐러멜화하여 발효시킨 제품으로 꿀이 졸여지면서 생성된 청포도, 마쉬멜로우의 달콤한 향이 매력적인 술로 코아베스트 대표 시그",11.5,375mL,"꿀, 정제수 효모, 효모영양제",,"궁중 떡볶이, 간장양념 치킨, 탕수욱",Y,농업회사법인(주)코아베스트 브루잉,경기도 김포시 양촌읍 김포대로1759번길 33-23,https://www.corevest.co.kr/?NaPm=ct%3Dm3zaksb2%7Cci%3Dcheckout%7Ctr%3Dds%7Ctrx%3Dnull%7Chk%3Dcba9d9d7314ed5bfc60a580ee2568b7e7a5b501c,
탁 100내추럴,인천 강화섬 쌀을 활용하여 탁브루만의 가장 원초적인 발효밸런스를 더해 자연그대로의 발효를 실현시킨 인천 대표 전통주다. 식혜 같은 빛깔에 앙금,7.5,750ml,"무농약우렁이쌀, 정제수 효모, 정제효소, 효소처리 스테비아",,"대방어, 석화, 광어셰비체",Y,탁브루,충청남도 논산시 양촌면 매죽헌로 1665번길 14-7,https://www.taakbrew.com/,
비긴나인틴,"극심한 일교차, 풍부한 일조량, 적은 강수량까지 사과 재배에 최적의 기후조건을 갖춘 대한민국 경상북도 의성의 사과로 만들어진다. 풍요의 고장에",19,375ml,"사과와인증류원액, 사과농축액, 정제수, 주정",,"개성주악, 숙성회, 문어 숙회",Y,한국애플리즈,경북 의성군 단촌면 일직점곡로755,www.applewine.co.kr,
참주가생막걸리,수제입국을 사용하여 전통에 현대적인 감성을 더한 막걸리입니다. 60년의 노하우로 오미의 조화가 뛰어나고 은은한 향기가 나며 달지 않고 깔끔한 ,5.5,650ml,"물, 쌀(국내산), 올리고당, 누룩, 조제종국, 효모",,,Y,다도참주가,전남 나주시 다도면 신촌2길 9,http://chamjuga.com,
라봉,막걸리에 나주산 한라봉이 더해지며 상큼함이 가득 담긴 막걸리입니다. 잔에 따르면 시트러스 향이 퍼지며 청량감을 선사합니다. 적당한 산미가 깔끔,5.5,650ml,"물, 쌀(국내산), 한라봉(국내산), 올리고당, 누룩",,,Y,,,,
진맥소주 시인의바위,"안동 맹개마을에서 재배한 유기농 통밀로 빚은 진맥소주를 옹기에서 1년, 오크통에서 18개월 숙성한 소주",54.5,500ml,유기농 통밀소주원액 100%,,,Y,,,,
국가유산·명인 조옥화 안동소주 25도,"인공첨가물 없이 오로지 우리쌀과 100% 수제누룩을 가지고 빚어낸 증류주로서 순하고 깨끗하며, 섬세한 향과 진한 맛을 가지고 있습니다. 물타지",25,375ml,"쌀, 누룩",,,Y,,,,
국가유산·명인 조옥화 안동소주 45도,"인공첨가물 없이 오로지 우리쌀과 100% 수제누룩을 가지고 빚어낸 증류주로서 순하고 깨끗하며, 섬세한 향과 진한 맛을 가지고 있습니다. 물타지",45,400ml,"쌀, 누룩",,,Y,,,,
진맥소주,안동 맹개마을에서 직접 재배한 유기농 통밀로 상압 증류한 전통 수제 방식 소주. 진맥소주의 시그니처 라인으로 3단 담금 저온발효로 빚어낸 깔끔,40,200ml,유기,,,Y,,,,
포엠 로제,갈기산포도농원에서 유기농법으로 직접 재배한 킹데라웨어 포도 품종으로 빚은 와인이다. 한국에서 생산하는 로제와인 중에서는 유일하게 킹데라웨어 포,12,750ml,킹데라웨어 포도,,,Y,,,,
포엠 화이트,농촌진흥청에서 한국와인을 위해 육종한 청수 품종과 나이아가라 청포도 품종을 블랜딩하여 만든 와인이다. 은은한 레몬색을 띠며 청포도향이 풍부하고,12,750ml,"청수, 나이아가라 청포도",,,Y,갈기산,충북 영동군 학산면 모리1길 4,www.four-m.net,
오크블루,오크블루는 국내산 원료로 빚은 한산소곡주를 전통방식 그대로 증류한 후 오크통에서 장기간 숙성시킨 프리미엄 전통소주다. 한산불소곡주를 오크통에서,43,500ml,"멥쌀, 누룩",,"육회, 신선한 회",Y,한산소곡주,충남 서천군 한산면 충절로 1118,http://www.sogokju.co.kr,
동구래,동구래는 양조장 인근에 토종야생화가 가든 핀 동구래 마을이 있다. 이 마을을 닮은 술인 동구래 약주는 야생화 마을의 향기와 북한강의 맑은 물로,15,500ml,"정제수, 쌀(화천군), 누룩(국내산), 효모(토종)",,"생선구이, 해산물 요리, 구이요리",Y,화천주가,강원특별자치도 화천군 하남면 공단길18,https://www.gwdmall.kr/goods/view?no=106506,
264청포도와인 광야,"산도가 높고 당도가 낮아서 깔끔한 느낌을 주고, 풋사과 등의 과실 향이 매력적인 적당한 바디감의 와인이다. 산도가 높고 당도가 낮아서 깔끔한 ",12.5,375 / 750ml,"청포도,설탕,메타중아황산칼륨,효모",,"광어 세비체, 흰살 생선 회, 유린기, 깐풍기",Y,264청포도와인,경상북도 안동시 도산면 백운로 157,http://264wine.kr/htm/main.htm,
위레드,위레드는 국내산 영천지역의 떼르와 환경에 맞는 제품의 특징을 최대로 살린 동시에 우리나라 사람의 기호와 궁합에 맞는 와인이다.  영천 최상의 ,12,750ml,"국내산포도, 메타중아황산칼륨, 효모",,"소고기 스테이크, 등심과 안심 숯불, 바비큐 요리, 채끝살 소금구이",Y,We와이너리,경상북도 영천시 금호읍금호로386-21,https://smartstore.naver.com/wewinery,
찰진 막걸리,남도가양주 찰진막걸리는 고문헌에 나와 있는 ‘석탄향’ 제조법을 현대 양조 기술로 다시 재현하여 매력적인 우리술의 풍미를 잘 살려낸 전통방식 우,7,750ml,"정제수, 멥쌀(국내산), 찹쌀(국내산), 누룩(밀) [밀함유]",,"두부김치, 김치전, 제육볶음, 숯불닭발",Y,남도가양주,"전남 목포시 동명로 58, 1층",https://smartstore.naver.com/namdobrewery/,
주향소주 25,주향이오는 항아리 속에서 장기간 숙성된 뒤에 나오는 프리미엄 증류식소주다. 옹기 속에서의 안정화를 통해 상압증류의 거친 맛은 부드럽게 중화시키,25,375ml,"정제수, 쌀(국내산 쌀), 국(국내산 쌀), 효모, 효소",,"장어 요리, 삼겹살",Y,담을,충청북도 충주시 엄정면 도자기길 16,https://smartstore.naver.com/dameul_service,
무작 53,"무작53은 아무것도 더하거나 빼지 않은 술로서 강원도에서 생산한 쌀로 빚었다. 주찬, 김승지댁 주방문, 등 여러 옛문헌에 실려있는 적선소주를 ",53,500ml,"정제수, 누룩, 쌀",,"소고기 전골, 맑은 대구탕",Y,예술,강원도 춘천시 신동면 풍류1길 6-3,http://www.ye-sul.com/,
소주다움27,한국적인 맛과 향을 지니면서도 한국인의 기백을 표현하고 싶었던 소주다운 소주. 전통주가 소비자들께 더욱 친숙하게 다가가고 싶은 바람으로 니트(,27,360ml,"쌀증류식소주원액, 정제수",,"참치회, 방어회, 삽겹살, 소고기 숯불구이",Y,미음넷증류소,경기도 파주시 운정안길 49-1,https://fourmieum.com/,
대나무술,"국내산 대나무 잎과, 광양 지역쌀로 빚어 만든 프리미엄 약주이다. 오랜 경력으로 대나무 술을 최적의 비율로 배합하여 대나무만의 깔끔하고 독특한",11,375ml,"국내산쌀, 대나무잎추출물, 정제수, 전분당, 정제효소제,",,떡갈비,Y,백운주가,전남 광양시 옥룡면 신재로 946-18,https://bwsool.modoo.at/,
일월삼주 일주142,"상큼한 단맛과 여러가지 풍부한 과실향을 위해 단양주 방식과 저온발효를 선택해 제조한 술로, 높은 알코올 도수만큼이나 묵직하게 다가오는 탁주이다",14.2,350ml,"함안무농약찹쌀, 정제수, 누룩, 빛올효모",,"고기완자전, 복지리탕",Y,빛올양조연구소,경상남도 함안군 군북면 의봉로27,https://shinybrewer.com,
해남찹쌀생막걸리,"해남찹쌀생막걸리 9도는 질좋은 해남산 찹쌀, 멥쌀, 누룩을 적절히 배합하여 장기 발효한 無감미료 프리미엄 生막걸리이다. 곡물향, 누룩향, 과실",9,750ml,"찹쌀(해남산), 멥쌀(해남산), 누룩",,"미나리 전, 쑥갓 두부무",Y,삼산주조장,전남 해남군 삼산면 고산로 583-1,https://samsanjujo.co.kr/,
마한 24,"알코올 함량 24%, 용량 375ml의 순하고 부드러운 맛의 증류식 소주이다.  원료로 쌀만(쌀, 입국)을 사용해 맛이 깔끔하고 향이 좋다.",24,375ml,"증류원액(국내산 쌀), 정제수",,"생선회, 육사시미, 육회",Y,마한 24,충북 청주시 상당구 미원면 어암1길 213-6,https://www.smartbrewery.co.kr,
시향가 프리미엄,시향가 탁주는 살아있는 생주로 곡성의 토란만을 사용해 깐토란을 슬라이스 한 후 건조시켜 만들었다. 두 번 빚어 안전한 숙성 기간을 거쳤고 일정,10,375ml,"신동진찹/멥쌀, 정제수 ,알토란,건조토란,누룩,액체효모",,"버섯전골, 갈비, 불고기",Y,시향가,전라남도 곡성군 삼기면 근촌 1길 4,https://smartstore.naver.com/sihyangga,
연천우주 38,연천우주38은 국내 율무 최대 생산지인 연천에서 예로부터 내려오는 의이인주를 복원하여 현대화한 전통 율무 증류주다. 율무의 고소한 곡물향과 함,38,375ml,"율무증류주원액(율무(연천산), 쌀(연천산), 누룩, 효모, 효소)",,"당근, 연근, 고구마",Y,연천양조,경기도 연천군 군남면 삼왕로 240,https://ksool88.modoo.at/,
에델매실와인 스위트,"매실와인 에델은 맑고 투명한 황금색으로 순수하고 깔끔한 맛과 풍부한 매화 향을 느낄 수 있는, 화학첨가물이 전혀 없는 매실와인이다.",13,375ml,"매실발효액, 정제수, 효모",,"항정살 구이, 햄버거 스테이크, 마파두부",Y,에델농원,충청북도 단양군 영춘면 별방창원로 896,http://www.wineedel.com/skin_mw1/index.php?PHPSESSID=6994bf98c42f6302d047103d04f7aaba,
서촌막걸리15,"서촌막걸리는 고려시대부터 조선시대 말까지 우리 선조들이 가장 즐겨 빚어 마셔 왔던 부의주를 저온에서 장기 발효하는 방식으로 발전시킨 술로, 6",15,500ml,"정제수,찹쌀(국내산),누룩(밀함유)",,"브리치즈, 카나페",Y,온지술도가,서울특별시 은평구 통일로65길 26,https://onzisul.modoo.at/,
가평소주,"평의 쌀을 발효하고 증류하여 만든 전통주이다. 가평의 쌀과 물, 농촌진흥청의 토종 효모를 사용하며, 깔끔한 맛과 부드러움이 특징이다.",25,375ml,"정제수, 쌀, 입국, 효모",,"중식, 모둠 전, 매운탕",Y,우리도가,경기도 가평군 조종면 연인산로 48,https://smartstore.naver.com/wooridoga/products/6611468981?NaPm=ct%3Dlz9isgcg%7Cci%3D69c2f92a9e5e73d80a54253bae36ac66b633779e%7Ctr%3Dsls%7Csn%3D576325%7Chk%3D8915d90166059284a1c6527c8c811e7f4ef83680,
일지춘 10,"일지춘은 삼양주로 빚어 100일 이상의 저온숙성을 거처 향과 풍미가 훌륭한 술로, 깔끔한 산미가 특징이다. 단향과 새콤한 향, 사과향, 키위향",10,500ml,"철원 오대쌀, 찹쌀, 정제수, 누룩",,"석쇠불고기, 쟁반짬뽕",Y,노금주가,강원특별자치도 철원군 동송읍 이평로 53번길 6-5 2층,https://smartstore.naver.com/doorumibrewery/category/315ff6f4932d4c7b99ba6b6052b113d3?cp=1,
매료막걸리 ver.1,"오로지 쌀과 누룩만을 사용한 프리미엄 막걸리. 덧술을 세 번 더하는 삼양주 방식으로 주조, 설탕 및 일체의 첨가제 없이 만들어진 고급스러운 단",6,650ml,"쌀(국내산),누룩, 효모, 정제수, 젖산(산도조절제)",,"치즈, 로제 떡볶이",Y,제이케이크래프트 기다림양조장,부산 해운대구 좌동로 10번길 51-5 1층,https://maeryo-gidarim.co.kr/,
제주곶밭 제주메밀 맑은술,제주메밀 맑은술은 제주메밀과 직접 증류한 증류주를 넣어 과하주 방식으로 빚은 후 맑게 여과한 술이다. 메밀의 향을 풍부하게 얻기 위해 단메밀을,16,375ml,"정제수, 쌀, 증류원액(쌀100%), 볶은메밀, 누룩, 효모",,"메밀 전병, 도토리묵 무침",Y,제주곶밭,제주특별자치도 제주시 제주대학로 102 제주테크노파크 바이오융합2호관 208호,www.jejugottbatt.com,
1950 씨유앳더탑,"제주의 감귤농가에서 엄선된 100% 제주산 감귤을 이용해 발효와 숙성을 거쳐 만든 화이트와인이다. 향이 풍부하고 뒷맛이 좋으며, 귤잎과 귤껍질",12,750ml,"제주산 감귤, 효모, 정제수",,"해산물 파스타, 생선 요리, 찐 게",Y,제주양조장,제주특별자치도 제주시 조천읍 남조로2064,www.wine1950.com,
이도22,"농촌진흥청에서 특허 출원한 순수 토종 효모(N9)를 이용해 오랜 기간 발효, 숙성하여 감압 증류한 증류식 소주이다. 감압식 증류방식으로 제조하",22,375ml,"물, 증류원액",,"매운돼지 갈비찜, 곱창볶음",Y,조은술세종,충북 청주시 청원구 사천로18번길 5-2,www.sjbrewery.co.kr,
영천와인조흔RED,일조량이 풍부하고 강수량이 적은 경북 영천에서 직접 재배한 국내산 머루포도를 빚어 만든 프리미엄 과실주이다. 합성 착향료나 인공첨가물을 넣지 ,11.5,750ml,"포도, 효모, 메타중아황산칼륨",,"안창살, 뒷고기, 연어, 샐러드",Y,조흔와이너리,경북 영천시 조흔달길 22-53,WWW.영천와인.COM,
양조학당 녘,양조학당 녘은 고문헌 《향약집성방》에 나오는 용호주(竜虎酒)의 전통 주조 방법을 현대양조법으로 재해석하여 빚은 맑은 술이다. 과일이 연상되는 ,13,500ml,"국내산쌀, 찹쌀, 백국, 효모, 쑥, 솔잎, 정제수",,부추전,Y,한국양조연구소,경기도 광명시 하안로 60 광명SK테크노파크 E동 812호,https://www.yangjohakdang.com/,
끌로너와 머루 스위트,머루는 콩알만한 열매에 과육은 거의 없고 씨와 껍질이 대부분이지만 국내에서 재배되는 포도 품종 중 외국에서 생산하는 와인용 포도와 거의 비슷한,12,750ml,"머루(국내산), 백설탕, 효모, 메타중아황산칼륨",,"채끝살 스테이크, 치즈 피자",Y,끌로너와,강원 삼척시 도계읍 문의재로 1274,https://www.nurwa.co.kr/,
독수리막걸리,인공감미료를 전혀 첨가하진 않고 단맛을 내기위해 쌀을 일반막걸리의 두배 이상 사용한 프리미엄 막걸리다. 자연스러운 단맛과 부드러운 목넘김에서 ,6,750ml,"국내산쌀, 백국, 황국, 정제수 효모",,"닭강정, 떡볶이",Y,농업회사법인 신탄진주조㈜,대전광역시 대덕구 신탄진로738번길 128,www.stjjujo.co.kr,
새냉이길 막걸리,"강릉찹쌀과 전통누룩으로 빚어 만든 프리미엄 막걸리. 전통누룩을 사용하여 발효한 찹쌀에서 피어나는 감귤, 모과, 참외 같은 과실향과 복합적인 풍",6,600ml,"정제수, 찹쌀, 누룩",,"소고기 육전, 굴전",Y,주식회사 진정브루잉,"강원특별자치도 강릉시 새냉이길 23-2, 1층",,
한영석 백수환동주,대한민국 1호 누룩명인이 직접 누른 한영석누룩과 국내산 쌀 정읍의 맑은물로만 만들어지는 프리미엄 약주다. 인공첨가물 없이 부드러운 산미와 함께,15,375ml,"국내산 찹쌀, 한명석누룩, 정제수",,"냉채요리, 신선한 회",Y,농업회사법인 ㈜한영석의 발효연구소,전북특별자치도 정읍시 답곡길 66(쌍암동),https://smartstore.naver.com/hans_nuruklab,
참주가 우리청주,발효의 고장 순창에서 순수 우리쌀만을 사용해 만들어진 청주. 저온에서 발효와 숙성을 해 부드럽고 풍부한 맛을 자랑하며 마치 샘물을 마시는 듯한,11,375ml,"정제수, 쌀(국내산100%), 입국, 주정, 효모",,"해산물, 육류",Y,참주가,전북 순창군 순창읍 신남무수길 51-24,https://smartstore.naver.com/chamsool?NaPm=ct%3Dm5gd1nuj%7Cci%3Dcheckout%7Ctr%3Dds%7Ctrx%3Dnull%7Chk%3D3264e443dd4d53861e999ed5990643b70a5b9f9e,
청풍의밤,청풍의밤은 다른 첨가물없이 오로지 맵쌀과 찹쌀로만 만들어 자연스럽고 깔끔한 맛이며 건강한 막걸리이다 또한 세번빚은 삼양주로서 더욱 깊은 맛을 ,10,830ml,"맵쌀,찹쌀,누룩",,"튀김류, 전류 바삭한 음식의 튀김과 함께 먹으면 느끼한 맛을 잡아주고 해물파전, 김치전, 파전, 등 과도 궁합이 좋다.",Y,청풍주조장,충북 제천시 금성면 청풍호로 450 (양화리),https://smartstore.naver.com/cpmgkr,
미상25,제주 감귤을 저온 발효하여 2번 증류를 통해 제조한 과실향의 향과 깔끔한 맛의 술,25,350ml,"감귤(제주산)증류주원액, 정제수, 스테비올배당체",,"돼지고기, 해산물",Y,농업회사법인 주식회사 시트러스,제주특별자치도 서귀포시 남원읍 신례천로 46,https://www.ehondiju.com/main/index.php,
솔직 25도 10년 숙성,"박흥선 명인이 만들어낸 증류주로서, 지리산 자락의 쌀, 송순, 솔잎으로 10년, 긴 시간 동안 숙성을 거쳐 쌀의 달달함과 솔향으로 시원한 향과",25,375ml,"증류 원액, 쌀(국산), 송순, 정제수, 설탕, 정제소금, 구연산",,"양고기, 치즈 플레터",Y,솔송주,경상남도 함양군 지곡면 지곡창촌길 3,https://www.solsongju.com/,
여의주,"여의주는 여주 지역에서 자란 쌀을 사용해 만든 술로 부드러운 단맛과 은은한 곡물 향이 조화를 이루며, 산뜻한 향과 깔끔한 목 넘김이 특징",16,375ml,"쌀, 주정,정제수,복숭아향, 구연산, 효소처리스테비아",,"떡볶이, 닭발 등 매운 음식",Y,술아원,경기 여주 점봉길 93-12,http://soolawon.co.kr/,
사랑할때,충주 사과가88.52% 함유되어 깊고 풍부한 과일 맛이 특징인 과실주포도주와 같이 설탕과 효모로 발효시켜 사과 본연의 달콤한 맛과 향을 최,12,300ml,"사과,설탕, 효모",,"떡볶이,사과타르트",Y,중원양조,충북 충주시 동량면 조동리 1342-15,,
